n,l,m,a,w_r,w_i,A_r,A_i
0.000000000000000000e+00,2.000000000000000000e+00,0.000000000000000000e+00,0.000000000000000000e+00,7.473433688360835436e-01,-1.779246313778709288e-01,4.000000000000000000e+00,0.000000000000000000e+00
0.000000000000000000e+00,2.000000000000000000e+00,0.000000000000000000e+00,2.500000000000000052e-03,7.473451645046289560e-01,-1.779243122833487345e-01,3.999998275135290271e+00,8.706427838755547203e-07
0.000000000000000000e+00,2.000000000000000000e+00,0.000000000000000000e+00,8.500000000000000611e-03,7.473641282429667188e-01,-1.779209420268085262e-01,3.999980059431882395e+00,1.006471407897303587e-05
0.000000000000000000e+00,2.000000000000000000e+00,0.000000000000000000e+00,1.250000000000000069e-02,7.473882678175733929e-01,-1.779166509749484093e-01,3.999956872817702180e+00,2.176647988292198897e-05
0.000000000000000000e+00,2.000000000000000000e+00,0.000000000000000000e+00,1.850000000000000255e-02,7.474417353152343901e-01,-1.779071428404424282e-01,3.999905519099884010e+00,4.767841072425058990e-05
0.000000000000000000e+00,2.000000000000000000e+00,0.000000000000000000e+00,2.250000000000000611e-02,7.474888965220427561e-01,-1.778987518644998267e-01,3.999860225835046190e+00,7.052649166121558756e-05
0.000000000000000000e+00,2.000000000000000000e+00,0.000000000000000000e+00,2.850000000000001144e-02,7.475769371296104859e-01,-1.778830768118044858e-01,3.999775681018573170e+00,1.131601727172641366e-04
0.000000000000000000e+00,2.000000000000000000e+00,0.000000000000000000e+00,3.250000000000001499e-02,7.476471811959347624e-01,-1.778705602530350482e-01,3.999708234243136484e+00,1.471579896421106926e-04
0.000000000000000000e+00,2.000000000000000000e+00,0.000000000000000000e+00,3.850000000000002032e-02,7.477699093541841924e-01,-1.778486702724717539e-01,3.999590410757435599e+00,2.065197794949242887e-04
0.000000000000000000e+00,2.000000000000000000e+00,0.000000000000000000e+00,4.250000000000002387e-02,7.478633277200941176e-01,-1.778319897229964919e-01,3.999500740515973707e+00,2.516723799244245880e-04
0.000000000000000000e+00,2.000000000000000000e+00,0.000000000000000000e+00,4.850000000000002920e-02,7.480209034725736617e-01,-1.778038174897631774e-01,3.999349515952850709e+00,3.277710423777183352e-04
0.000000000000000000e+00,2.000000000000000000e+00,0.000000000000000000e+00,5.250000000000003275e-02,7.481376182014040088e-01,-1.777829215152073594e-01,3.999237528913151873e+00,3.840850500191363408e-04
0.000000000000000000e+00,2.000000000000000000e+00,0.000000000000000000e+00,5.850000000000003808e-02,7.483302479149622766e-01,-1.777483799012817833e-01,3.999052745533244302e+00,4.769316649464566118e-04
0.000000000000000000e+00,2.000000000000000000e+00,0.000000000000000000e+00,6.250000000000004163e-02,7.484704122445857699e-01,-1.777232036662827475e-01,3.998918324608766728e+00,5.444152110041090668e-04
0.000000000000000000e+00,2.000000000000000000e+00,0.000000000000000000e+00,6.850000000000004696e-02,7.486983495447739889e-01,-1.776821851030033483e-01,3.998699788700914137e+00,6.540230568322125430e-04
0.000000000000000000e+00,2.000000000000000000e+00,0.000000000000000000e+00,7.250000000000005052e-02,7.488621485849463744e-01,-1.776526498943254706e-01,3.998542792573331894e+00,7.326856916192055463e-04
0.000000000000000000e+00,2.000000000000000000e+00,0.000000000000000000e+00,7.850000000000005584e-02,7.491256955154008690e-01,-1.776050255763805819e-01,3.998290273661151417e+00,8.590700969167824061e-04
0.000000000000000000e+00,2.000000000000000000e+00,0.000000000000000000e+00,8.250000000000005940e-02,7.493133470980192223e-01,-1.775710382166911239e-01,3.998110536198572706e+00,9.489226798610151878e-04
0.000000000000000000e+00,2.000000000000000000e+00,0.000000000000000000e+00,8.850000000000006473e-02,7.496128555151873041e-01,-1.775166571359072798e-01,3.997823766086209485e+00,1.092100840808116636e-03
0.000000000000000000e+00,2.000000000000000000e+00,0.000000000000000000e+00,9.250000000000006828e-02,7.498246112058418733e-01,-1.774781092795011672e-01,3.997621095651413548e+00,1.193155406449748204e-03
0.000000000000000000e+00,2.000000000000000000e+00,0.000000000000000000e+00,9.850000000000007361e-02,7.501604844229761149e-01,-1.774167970740732625e-01,3.997299767299850703e+00,1.353146166178048485e-03
0.000000000000000000e+00,2.000000000000000000e+00,0.000000000000000000e+00,1.025000000000000772e-01,7.503966307039482420e-01,-1.773735643740241008e-01,3.997073945941836737e+00,1.465415763196451643e-03
0.000000000000000000e+00,2.000000000000000000e+00,0.000000000000000000e+00,1.085000000000000825e-01,7.507693254009124573e-01,-1.773051219756281716e-01,3.996717712163987635e+00,1.642239348089139959e-03
0.000000000000000000e+00,2.000000000000000000e+00,0.000000000000000000e+00,1.125000000000000860e-01,7.510301850376399635e-01,-1.772570631095215232e-01,3.996468494684708439e+00,1.765737847751179881e-03
0.000000000000000000e+00,2.000000000000000000e+00,0.000000000000000000e+00,1.185000000000000914e-01,7.514402134561569691e-01,-1.771812651672082517e-01,3.996076966646869177e+00,1.959415554746052855e-03
0.000000000000000000e+00,2.000000000000000000e+00,0.000000000000000000e+00,1.245000000000000967e-01,7.518729120249029174e-01,-1.771009341215615263e-01,3.995664057455075469e+00,2.163216266650127683e-03
0.000000000000000000e+00,2.000000000000000000e+00,0.000000000000000000e+00,1.285000000000000864e-01,7.521740795086310216e-01,-1.770448137618313433e-01,3.995376825047817437e+00,2.304711252130085559e-03
0.000000000000000000e+00,2.000000000000000000e+00,0.000000000000000000e+00,1.345000000000000917e-01,7.526450533279802624e-01,-1.769567072858833634e-01,3.994927908489651180e+00,2.525401443314497126e-03
0.000000000000000000e+00,2.000000000000000000e+00,0.000000000000000000e+00,1.385000000000000953e-01,7.529719550079043699e-01,-1.768953052498003220e-01,3.994616506849467008e+00,2.678163503639243055e-03
0.000000000000000000e+00,2.000000000000000000e+00,0.000000000000000000e+00,1.445000000000001006e-01,7.534818733451569273e-01,-1.767991204112905612e-01,3.994131077242145889e+00,2.915765362581395747e-03
0.000000000000000000e+00,2.000000000000000000e+00,0.000000000000000000e+00,1.485000000000001041e-01,7.538349771493646490e-01,-1.767322235785886986e-01,3.993795153164051204e+00,3.079809148083288879e-03
0.000000000000000000e+00,2.000000000000000000e+00,0.000000000000000000e+00,1.545000000000001095e-01,7.543845754937449355e-01,-1.766276232000308088e-01,3.993272655913482350e+00,3.334344275976147253e-03
0.000000000000000000e+00,2.000000000000000000e+00,0.000000000000000000e+00,1.585000000000001130e-01,7.547643947474476089e-01,-1.765549946532216641e-01,3.992911822734648286e+00,3.509683836057823220e-03
0.000000000000000000e+00,2.000000000000000000e+00,0.000000000000000000e+00,1.645000000000001183e-01,7.553544786767815156e-01,-1.764416043008547597e-01,3.992351651704027393e+00,3.781172590873924620e-03
0.000000000000000000e+00,2.000000000000000000e+00,0.000000000000000000e+00,1.685000000000001219e-01,7.557615748326326210e-01,-1.763629811760202004e-01,3.991965487446330840e+00,3.967820900723831833e-03
0.000000000000000000e+00,2.000000000000000000e+00,0.000000000000000000e+00,1.745000000000001272e-01,7.563930243504106699e-01,-1.762403857069847479e-01,3.991366982006104180e+00,4.256281628438943025e-03
0.000000000000000000e+00,2.000000000000000000e+00,0.000000000000000000e+00,1.785000000000001308e-01,7.568280100489495066e-01,-1.761554767288480705e-01,3.990955027294817103e+00,4.454250034169876873e-03
0.000000000000000000e+00,2.000000000000000000e+00,0.000000000000000000e+00,1.845000000000001361e-01,7.575017844433028502e-01,-1.760232163297735519e-01,3.990317469018893171e+00,4.759698167097048578e-03
0.000000000000000000e+00,2.000000000000000000e+00,0.000000000000000000e+00,1.885000000000001397e-01,7.579653269403359150e-01,-1.759316989824305233e-01,3.989879224752453268e+00,4.968995734633076082e-03
0.000000000000000000e+00,2.000000000000000000e+00,0.000000000000000000e+00,1.945000000000001450e-01,7.586824702241379281e-01,-1.757892646197635744e-01,3.989201833719701717e+00,5.291442732667306532e-03
0.000000000000000000e+00,2.000000000000000000e+00,0.000000000000000000e+00,1.985000000000001485e-01,7.591752952274121169e-01,-1.756907818948066635e-01,3.988736758461376652e+00,5.512075482634909429e-03
0.000000000000000000e+00,2.000000000000000000e+00,0.000000000000000000e+00,2.045000000000001539e-01,7.599369422276290864e-01,-1.755376100810115136e-01,3.988018689115447213e+00,5.851527588093154500e-03
0.000000000000000000e+00,2.000000000000000000e+00,0.000000000000000000e+00,2.085000000000001574e-01,7.604598381914651206e-01,-1.754317667331646013e-01,3.987526196172936910e+00,6.083497595192564715e-03
0.000000000000000000e+00,2.000000000000000000e+00,0.000000000000000000e+00,2.145000000000001628e-01,7.612672213660828247e-01,-1.752672334937418475e-01,3.986766532685384945e+00,6.439954365627791402e-03
0.000000000000000000e+00,2.000000000000000000e+00,0.000000000000000000e+00,2.185000000000001663e-01,7.618210442999644449e-01,-1.751535917196731240e-01,3.986245986838815814e+00,6.683258696273043642e-03
0.000000000000000000e+00,2.000000000000000000e+00,0.000000000000000000e+00,2.245000000000001716e-01,7.626755013725787791e-01,-1.749770056218724612e-01,3.985443737912209627e+00,7.056711271796382509e-03
0.000000000000000000e+00,2.000000000000000000e+00,0.000000000000000000e+00,2.285000000000001752e-01,7.632611802280946378e-01,-1.748550800601567645e-01,3.984894451745194299e+00,7.311340727978905829e-03
0.000000000000000000e+00,2.000000000000000000e+00,0.000000000000000000e+00,2.345000000000001805e-01,7.641641627436888129e-01,-1.746656741346576114e-01,3.984048544781325862e+00,7.701769779826631024e-03
0.000000000000000000e+00,2.000000000000000000e+00,0.000000000000000000e+00,2.385000000000001841e-01,7.647827054538156588e-01,-1.745349260628214771e-01,3.983469774561203991e+00,7.967707409843434452e-03
0.000000000000000000e+00,2.000000000000000000e+00,0.000000000000000000e+00,2.445000000000001894e-01,7.657357883748182603e-01,-1.743318484127041323e-01,3.982579049108635694e+00,8.375080704619619620e-03
0.000000000000000000e+00,2.000000000000000000e+00,0.000000000000000000e+00,2.505000000000001670e-01,7.667197428573307993e-01,-1.741201194392899831e-01,3.981660836265219050e+00,8.792598634733299334e-03
0.000000000000000000e+00,2.000000000000000000e+00,0.000000000000000000e+00,2.545000000000001705e-01,7.673931811098232414e-01,-1.739739818348683131e-01,3.981033190532424548e+00,9.076569530558220231e-03
0.000000000000000000e+00,2.000000000000000000e+00,0.000000000000000000e+00,2.605000000000001759e-01,7.684300400293008204e-01,-1.737470134160130353e-01,3.980068100986517088e+00,9.510945838631698623e-03
0.000000000000000000e+00,2.000000000000000000e+00,0.000000000000000000e+00,2.645000000000001794e-01,7.691393834591659928e-01,-1.735903510495656332e-01,3.979408738978037707e+00,9.806130830983202096e-03
0.000000000000000000e+00,2.000000000000000000e+00,0.000000000000000000e+00,2.705000000000001847e-01,7.702310964757165257e-01,-1.733470143832838983e-01,3.978395346943125688e+00,1.025728469389287391e-02
0.000000000000000000e+00,2.000000000000000000e+00,0.000000000000000000e+00,2.745000000000001883e-01,7.709776997772708196e-01,-1.731790316163738797e-01,3.977703279369188216e+00,1.056362157792464090e-02
0.000000000000000000e+00,2.000000000000000000e+00,0.000000000000000000e+00,2.805000000000001936e-01,7.721263854481843492e-01,-1.729180637645645890e-01,3.976640039891845113e+00,1.103144584585240458e-02
0.000000000000000000e+00,2.000000000000000000e+00,0.000000000000000000e+00,2.845000000000001972e-01,7.729117212300921080e-01,-1.727378692534171367e-01,3.975914194320631534e+00,1.134885308886231930e-02
0.000000000000000000e+00,2.000000000000000000e+00,0.000000000000000000e+00,2.905000000000002025e-01,7.741196834835654128e-01,-1.724578533924172041e-01,3.974799431799153293e+00,1.183320866920313866e-02
0.000000000000000000e+00,2.000000000000000000e+00,0.000000000000000000e+00,2.945000000000002061e-01,7.749453539272677105e-01,-1.722644457331243828e-01,3.974038644498888662e+00,1.216158129010328458e-02
0.000000000000000000e+00,2.000000000000000000e+00,0.000000000000000000e+00,3.005000000000002114e-01,7.762151006331359238e-01,-1.719637876326639558e-01,3.972870539628830411e+00,1.266229033207557850e-02
0.000000000000000000e+00,2.000000000000000000e+00,0.000000000000000000e+00,3.045000000000002149e-01,7.770828506377651657e-01,-1.717560382190945478e-01,3.972073546280529666e+00,1.300149488856396258e-02
0.000000000000000000e+00,2.000000000000000000e+00,0.000000000000000000e+00,3.105000000000002203e-01,7.784171145473000042e-01,-1.714329380747502962e-01,3.970850121174057001e+00,1.351833247024390727e-02
0.000000000000000000e+00,2.000000000000000000e+00,0.000000000000000000e+00,3.145000000000002238e-01,7.793288465502793416e-01,-1.712095705109762112e-01,3.970015546271146167e+00,1.386820092808848520e-02
0.000000000000000000e+00,2.000000000000000000e+00,0.000000000000000000e+00,3.205000000000002292e-01,7.807306088987352455e-01,-1.708619890128919849e-01,3.968734647449882136e+00,1.440088486077988061e-02
0.000000000000000000e+00,2.000000000000000000e+00,0.000000000000000000e+00,3.245000000000002327e-01,7.816883995728513002e-01,-1.706215542364913906e-01,3.967860992167532963e+00,1.476120705282436829e-02
0.000000000000000000e+00,2.000000000000000000e+00,0.000000000000000000e+00,3.305000000000002380e-01,7.831609166493889163e-01,-1.702471714363995858e-01,3.966520271075217430e+00,1.530938530154666785e-02
0.000000000000000000e+00,2.000000000000000000e+00,0.000000000000000000e+00,3.345000000000002416e-01,7.841670356784206097e-01,-1.699880174625868490e-01,3.965605899353309649e+00,1.567989959427720098e-02
0.000000000000000000e+00,2.000000000000000000e+00,0.000000000000000000e+00,3.405000000000002469e-01,7.857138686571655262e-01,-1.695841825739037578e-01,3.964202789972388175e+00,1.624313465642025084e-02
0.000000000000000000e+00,2.000000000000000000e+00,0.000000000000000000e+00,3.445000000000002505e-01,7.867707997733210945e-01,-1.693044174409258917e-01,3.963245912512450619e+00,1.662351632021735401e-02
0.000000000000000000e+00,2.000000000000000000e+00,0.000000000000000000e+00,3.505000000000002558e-01,7.883958480469455132e-01,-1.688680871326431743e-01,3.961777605599066998e+00,1.720126569082210469e-02
0.000000000000000000e+00,2.000000000000000000e+00,0.000000000000000000e+00,3.545000000000002593e-01,7.895063124572899715e-01,-1.685655331842005888e-01,3.960776261427093825e+00,1.759111230333754161e-02
0.000000000000000000e+00,2.000000000000000000e+00,0.000000000000000000e+00,3.605000000000002647e-01,7.912138505868198113e-01,-1.680931951516424494e-01,3.959239674805965947e+00,1.818270386152236531e-02
0.000000000000000000e+00,2.000000000000000000e+00,0.000000000000000000e+00,3.645000000000002682e-01,7.923808327926370465e-01,-1.677653321875625936e-01,3.958191710004855590e+00,1.858151684309812535e-02
0.000000000000000000e+00,2.000000000000000000e+00,0.000000000000000000e+00,3.705000000000002736e-01,7.941755509252026446e-01,-1.672529097224400574e-01,3.956583454296031643e+00,1.918611758560904990e-02
0.000000000000000000e+00,2.000000000000000000e+00,0.000000000000000000e+00,3.765000000000002789e-01,7.960250173476363100e-01,-1.667142009037041184e-01,3.954930427812821669e+00,1.979804239591620788e-02
0.000000000000000000e+00,2.000000000000000000e+00,0.000000000000000000e+00,3.805000000000002824e-01,7.972893738034231292e-01,-1.663395355488285210e-01,3.953802836572439361e+00,2.020985461819735721e-02
0.000000000000000000e+00,2.000000000000000000e+00,0.000000000000000000e+00,3.865000000000002878e-01,7.992344973552266696e-01,-1.657527338093817415e-01,3.952071978180700107e+00,2.083301687592205645e-02
0.000000000000000000e+00,2.000000000000000000e+00,0.000000000000000000e+00,3.905000000000002913e-01,8.005645679883308663e-01,-1.653440361732794739e-01,3.950891076256554335e+00,2.125185990205621933e-02
0.000000000000000000e+00,2.000000000000000000e+00,0.000000000000000000e+00,3.965000000000002967e-01,8.026113236937697515e-01,-1.647029501113487227e-01,3.949077997955503960e+00,2.188478994725101198e-02
0.000000000000000000e+00,2.000000000000000000e+00,0.000000000000000000e+00,4.005000000000003002e-01,8.040112781881560977e-01,-1.642557233677920392e-01,3.947840705838967956e+00,2.230956844679583828e-02
0.000000000000000000e+00,2.000000000000000000e+00,0.000000000000000000e+00,4.065000000000003055e-01,8.061662090785242096e-01,-1.635529850315101952e-01,3.945940541347047414e+00,2.295042557410768153e-02
0.000000000000000000e+00,2.000000000000000000e+00,0.000000000000000000e+00,4.105000000000003091e-01,8.076406057564161634e-01,-1.630618562575316399e-01,3.944643440505705367e+00,2.337976420643582409e-02
0.000000000000000000e+00,2.000000000000000000e+00,0.000000000000000000e+00,4.165000000000003144e-01,8.099108472540232917e-01,-1.622886250473603575e-01,3.942650783242730217e+00,2.402623056705307375e-02
0.000000000000000000e+00,2.000000000000000000e+00,0.000000000000000000e+00,4.205000000000003180e-01,8.114646409925384551e-01,-1.617471197861049259e-01,3.941290073068284272e+00,2.445839221080862644e-02
0.000000000000000000e+00,2.000000000000000000e+00,0.000000000000000000e+00,4.265000000000003233e-01,8.138579144219707517e-01,-1.608926952197614613e-01,3.939198909834758844e+00,2.510753043395844153e-02
0.000000000000000000e+00,2.000000000000000000e+00,0.000000000000000000e+00,4.305000000000003268e-01,8.154964354884987054e-01,-1.602929419491197494e-01,3.937770363024229781e+00,2.554030593113547701e-02
0.000000000000000000e+00,2.000000000000000000e+00,0.000000000000000000e+00,4.365000000000003322e-01,8.180209804488971503e-01,-1.593442553863874678e-01,3.935574008453857964e+00,2.618836630370764695e-02
0.000000000000000000e+00,2.000000000000000000e+00,0.000000000000000000e+00,4.405000000000003357e-01,8.197498571873803597e-01,-1.586765976903397879e-01,3.934072929952400877e+00,2.661892459486499274e-02
0.000000000000000000e+00,2.000000000000000000e+00,0.000000000000000000e+00,4.465000000000003411e-01,8.224142481371546909e-01,-1.576175470490368824e-01,3.931763973205757434e+00,2.726108228651722559e-02
0.000000000000000000e+00,2.000000000000000000e+00,0.000000000000000000e+00,4.505000000000003446e-01,8.242392249008380078e-01,-1.568700387630701520e-01,3.930185173803261378e+00,2.768576594354525688e-02
0.000000000000000000e+00,2.000000000000000000e+00,0.000000000000000000e+00,4.565000000000003499e-01,8.270519747136743094e-01,-1.556806315524009166e-01,3.927755461475856524e+00,2.831576294601770294e-02
0.000000000000000000e+00,2.000000000000000000e+00,0.000000000000000000e+00,4.605000000000003535e-01,8.289785397351016050e-01,-1.548383971277648985e-01,3.926093268597560915e+00,2.872981074596040602e-02
0.000000000000000000e+00,2.000000000000000000e+00,0.000000000000000000e+00,4.665000000000003588e-01,8.319473236011010187e-01,-1.534936942711758734e-01,3.923533971115995111e+00,2.933947461592825712e-02
0.000000000000000000e+00,2.000000000000000000e+00,0.000000000000000000e+00,4.705000000000003624e-01,8.339800058827097073e-01,-1.525381725031070557e-01,3.921782319784546278e+00,2.973665442563216965e-02
0.000000000000000000e+00,2.000000000000000000e+00,0.000000000000000000e+00,4.765000000000003677e-01,8.371102475291875011e-01,-1.510071220681032944e-01,3.919084167180508782e+00,3.031527807772782523e-02
0.000000000000000000e+00,2.000000000000000000e+00,0.000000000000000000e+00,4.805000000000003713e-01,8.392513856687662255e-01,-1.499153155650519986e-01,3.917236844239887272e+00,3.068743184443344096e-02
0.000000000000000000e+00,2.000000000000000000e+00,0.000000000000000000e+00,4.865000000000003766e-01,8.425439070937742470e-01,-1.481597961208389325e-01,3.914390662553432598e+00,3.122104990807951508e-02
0.000000000000000000e+00,2.000000000000000000e+00,0.000000000000000000e+00,4.905000000000003801e-01,8.447917285062610526e-01,-1.469038470077818626e-01,3.912441799761289474e+00,3.155760541312867262e-02
0.000000000000000000e+00,2.000000000000000000e+00,0.000000000000000000e+00,4.965000000000003855e-01,8.482393683222898551e-01,-1.448785437737592496e-01,3.909439483149817818e+00,3.202830461463717499e-02
1.000000000000000000e+00,2.000000000000000000e+00,0.000000000000000000e+00,0.000000000000000000e+00,6.934219937583256943e-01,-5.478297505824700764e-01,4.000000000000000000e+00,0.000000000000000000e+00
1.000000000000000000e+00,2.000000000000000000e+00,0.000000000000000000e+00,2.500000000000000052e-03,6.934243901137497890e-01,-5.478286524088655796e-01,3.999999408353664077e+00,2.487294936897154579e-06
1.000000000000000000e+00,2.000000000000000000e+00,0.000000000000000000e+00,8.500000000000000611e-03,6.934496973043782209e-01,-5.478170536104374211e-01,3.999993158795645876e+00,2.875358843836925985e-05
1.000000000000000000e+00,2.000000000000000000e+00,0.000000000000000000e+00,1.250000000000000069e-02,6.934819108892249506e-01,-5.478022859916857890e-01,3.999985200127270879e+00,6.218462894565749018e-05
1.000000000000000000e+00,2.000000000000000000e+00,0.000000000000000000e+00,1.850000000000000255e-02,6.935532586457031634e-01,-5.477695642791508002e-01,3.999967558677341550e+00,1.362153338191967548e-04
1.000000000000000000e+00,2.000000000000000000e+00,0.000000000000000000e+00,2.250000000000000611e-02,6.936161876327724407e-01,-5.477406877224377801e-01,3.999951982480788093e+00,2.014952344478576607e-04
1.000000000000000000e+00,2.000000000000000000e+00,0.000000000000000000e+00,2.850000000000001144e-02,6.937336545943130206e-01,-5.476867451700673239e-01,3.999922865980328535e+00,3.233117796781313650e-04
1.000000000000000000e+00,2.000000000000000000e+00,0.000000000000000000e+00,3.250000000000001499e-02,6.938273683884734755e-01,-5.476436731540917924e-01,3.999899598834835146e+00,4.204594052534599475e-04
1.000000000000000000e+00,2.000000000000000000e+00,0.000000000000000000e+00,3.850000000000002032e-02,6.939910842224533694e-01,-5.475683478779442837e-01,3.999858870045240877e+00,5.900969154128434240e-04
1.000000000000000000e+00,2.000000000000000000e+00,0.000000000000000000e+00,4.250000000000002387e-02,6.941156863755647555e-01,-5.475109508994960850e-01,3.999827802288465683e+00,7.191402039080567292e-04
1.000000000000000000e+00,2.000000000000000000e+00,0.000000000000000000e+00,4.850000000000002920e-02,6.943258322076359956e-01,-5.474140159039467823e-01,3.999775269258787347e+00,9.366473061991597562e-04
1.000000000000000000e+00,2.000000000000000000e+00,0.000000000000000000e+00,5.250000000000003275e-02,6.944814607621287994e-01,-5.473421205522892574e-01,3.999736254480327879e+00,1.097623113159911391e-03
1.000000000000000000e+00,2.000000000000000000e+00,0.000000000000000000e+00,5.850000000000003808e-02,6.947382697770158044e-01,-5.472232821013198745e-01,3.999671669658417361e+00,1.363061662116651050e-03
1.000000000000000000e+00,2.000000000000000000e+00,0.000000000000000000e+00,6.250000000000004163e-02,6.949250977237376725e-01,-5.471366698086331803e-01,3.999624524019721239e+00,1.556015548116614815e-03
1.000000000000000000e+00,2.000000000000000000e+00,0.000000000000000000e+00,6.850000000000004696e-02,6.952288559387981293e-01,-5.469955652988065520e-01,3.999547583098332471e+00,1.869460261170321786e-03
1.000000000000000000e+00,2.000000000000000000e+00,0.000000000000000000e+00,7.250000000000005052e-02,6.954470917908865957e-01,-5.468939707489126612e-01,3.999492084472674680e+00,2.094446217039864621e-03
1.000000000000000000e+00,2.000000000000000000e+00,0.000000000000000000e+00,7.850000000000005584e-02,6.957981390045964165e-01,-5.467301660533402385e-01,3.999402424959530133e+00,2.455984211906706190e-03
1.000000000000000000e+00,2.000000000000000000e+00,0.000000000000000000e+00,8.250000000000005940e-02,6.960480274887156371e-01,-5.466132752256065430e-01,3.999338311883281261e+00,2.713064314892835172e-03
1.000000000000000000e+00,2.000000000000000000e+00,0.000000000000000000e+00,8.850000000000006473e-02,6.964467584068491091e-01,-5.464262614701883569e-01,3.999235511381173946e+00,3.122794537221909670e-03
1.000000000000000000e+00,2.000000000000000000e+00,0.000000000000000000e+00,9.250000000000006828e-02,6.967285812738862605e-01,-5.462937092898265679e-01,3.999162481806551206e+00,3.412038529453035283e-03
1.000000000000000000e+00,2.000000000000000000e+00,0.000000000000000000e+00,9.850000000000007361e-02,6.971754468159656604e-01,-5.460828990137915895e-01,3.999046055986343440e+00,3.870071056308700859e-03
1.000000000000000000e+00,2.000000000000000000e+00,0.000000000000000000e+00,1.025000000000000772e-01,6.974895237727215536e-01,-5.459342665732246358e-01,3.998963765823015937e+00,4.191555834886908326e-03
1.000000000000000000e+00,2.000000000000000000e+00,0.000000000000000000e+00,1.085000000000000825e-01,6.979850325613611295e-01,-5.456989892156873800e-01,3.998833166069563294e+00,4.698011036330398960e-03
1.000000000000000000e+00,2.000000000000000000e+00,0.000000000000000000e+00,1.125000000000000860e-01,6.983317223249689842e-01,-5.455338005243679511e-01,3.998741227500594686e+00,5.051820041995699721e-03
1.000000000000000000e+00,2.000000000000000000e+00,0.000000000000000000e+00,1.185000000000000914e-01,6.988764423602128462e-01,-5.452732971667655359e-01,3.998595838207791076e+00,5.606827579166327735e-03
1.000000000000000000e+00,2.000000000000000000e+00,0.000000000000000000e+00,1.245000000000000967e-01,6.994509871753935570e-01,-5.449972549200164940e-01,3.998441250689541704e+00,6.191032180457109284e-03
1.000000000000000000e+00,2.000000000000000000e+00,0.000000000000000000e+00,1.285000000000000864e-01,6.998507043560110441e-01,-5.448044326588566966e-01,3.998332953249092991e+00,6.596747701209235669e-03
1.000000000000000000e+00,2.000000000000000000e+00,0.000000000000000000e+00,1.345000000000000917e-01,7.004754974360944964e-01,-5.445017508250175053e-01,3.998162444029730533e+00,7.229728365547749558e-03
1.000000000000000000e+00,2.000000000000000000e+00,0.000000000000000000e+00,1.385000000000000953e-01,7.009089514671609233e-01,-5.442908388148707255e-01,3.998043270627882340e+00,7.668010055458343924e-03
1.000000000000000000e+00,2.000000000000000000e+00,0.000000000000000000e+00,1.445000000000001006e-01,7.015847243629658170e-01,-5.439604979057963696e-01,3.997856034451404916e+00,8.349914457866224049e-03
1.000000000000000000e+00,2.000000000000000000e+00,0.000000000000000000e+00,1.485000000000001041e-01,7.020524250416779743e-01,-5.437307790163273813e-01,3.997725421945096169e+00,8.820862234670913404e-03
1.000000000000000000e+00,2.000000000000000000e+00,0.000000000000000000e+00,1.545000000000001095e-01,7.027799762403927897e-01,-5.433716446322620630e-01,3.997520573442685965e+00,9.551841918045995278e-03
1.000000000000000000e+00,2.000000000000000000e+00,0.000000000000000000e+00,1.585000000000001130e-01,7.032824788093635648e-01,-5.431223219014045256e-01,3.997377903744422589e+00,1.005555758172367239e-02
1.000000000000000000e+00,2.000000000000000000e+00,0.000000000000000000e+00,1.645000000000001183e-01,7.040626762420421070e-01,-5.427331346934977097e-01,3.997154472681418991e+00,1.083576577015910904e-02
1.000000000000000000e+00,2.000000000000000000e+00,0.000000000000000000e+00,1.685000000000001219e-01,7.046005831146884280e-01,-5.424633241639025272e-01,3.996999069404552962e+00,1.137235141802621190e-02
1.000000000000000000e+00,2.000000000000000000e+00,0.000000000000000000e+00,1.745000000000001272e-01,7.054343668200582229e-01,-5.420426883271497465e-01,3.996755995353794333e+00,1.220194043056903495e-02
1.000000000000000000e+00,2.000000000000000000e+00,0.000000000000000000e+00,1.785000000000001308e-01,7.060083294033396850e-01,-5.417514108326896283e-01,3.996587120055555165e+00,1.277149658217299408e-02
1.000000000000000000e+00,2.000000000000000000e+00,0.000000000000000000e+00,1.845000000000001361e-01,7.068967143246053242e-01,-5.412977809083062697e-01,3.996323246436181087e+00,1.365061477166292989e-02
1.000000000000000000e+00,2.000000000000000000e+00,0.000000000000000000e+00,1.885000000000001397e-01,7.075074349200711765e-01,-5.409839526498451123e-01,3.996140094415439936e+00,1.425323814814218742e-02
1.000000000000000000e+00,2.000000000000000000e+00,0.000000000000000000e+00,1.945000000000001450e-01,7.084515138000937462e-01,-5.404956183734968000e-01,3.995854161827130824e+00,1.518202627358486781e-02
1.000000000000000000e+00,2.000000000000000000e+00,0.000000000000000000e+00,1.985000000000001485e-01,7.090997475552068829e-01,-5.401580400917903590e-01,3.995655857426728019e+00,1.581780716416595831e-02
1.000000000000000000e+00,2.000000000000000000e+00,0.000000000000000000e+00,2.045000000000001539e-01,7.101006938792349121e-01,-5.396331089721819740e-01,3.995346496199992270e+00,1.679639408505078507e-02
1.000000000000000000e+00,2.000000000000000000e+00,0.000000000000000000e+00,2.085000000000001574e-01,7.107872507484923608e-01,-5.392704534877027500e-01,3.995132087557352829e+00,1.746541321847482064e-02
1.000000000000000000e+00,2.000000000000000000e+00,0.000000000000000000e+00,2.145000000000001628e-01,7.118463216619331790e-01,-5.387068307369831111e-01,3.994797809429441404e+00,1.849391077453252374e-02
1.000000000000000000e+00,2.000000000000000000e+00,0.000000000000000000e+00,2.185000000000001663e-01,7.125720683202632078e-01,-5.383176285799040617e-01,3.994566262611185081e+00,1.919623559464178619e-02
1.000000000000000000e+00,2.000000000000000000e+00,0.000000000000000000e+00,2.245000000000001716e-01,7.136906074188088533e-01,-5.377129939399566405e-01,3.994205451424737596e+00,2.027473250336521773e-02
1.000000000000000000e+00,2.000000000000000000e+00,0.000000000000000000e+00,2.285000000000001752e-01,7.144564690461445711e-01,-5.372956167364031366e-01,3.993955643872287187e+00,2.101041272481031508e-02
1.000000000000000000e+00,2.000000000000000000e+00,0.000000000000000000e+00,2.345000000000001805e-01,7.156359088944802549e-01,-5.366473976499567256e-01,3.993566545180895933e+00,2.213896728988054216e-02
1.000000000000000000e+00,2.000000000000000000e+00,0.000000000000000000e+00,2.385000000000001841e-01,7.164428707184664624e-01,-5.362000388602029544e-01,3.993297258385196447e+00,2.290802958057186478e-02
1.000000000000000000e+00,2.000000000000000000e+00,0.000000000000000000e+00,2.445000000000001894e-01,7.176847348968619089e-01,-5.355053793181107080e-01,3.992877967834937980e+00,2.408666095477471000e-02
1.000000000000000000e+00,2.000000000000000000e+00,0.000000000000000000e+00,2.505000000000001670e-01,7.189648233701434465e-01,-5.347813532906520173e-01,3.992439580899829199e+00,2.529532745067361241e-02
1.000000000000000000e+00,2.000000000000000000e+00,0.000000000000000000e+00,2.545000000000001705e-01,7.198397477358035035e-01,-5.342817560851108594e-01,3.992136329489005320e+00,2.611778023768174251e-02
1.000000000000000000e+00,2.000000000000000000e+00,0.000000000000000000e+00,2.605000000000001759e-01,7.211848904024649176e-01,-5.335060375624796070e-01,3.991664358934253976e+00,2.737644574389855312e-02
1.000000000000000000e+00,2.000000000000000000e+00,0.000000000000000000e+00,2.645000000000001794e-01,7.221037639049235901e-01,-5.329707562136140053e-01,3.991337949536532204e+00,2.823219244682254742e-02
1.000000000000000000e+00,2.000000000000000000e+00,0.000000000000000000e+00,2.705000000000001847e-01,7.235157240118349486e-01,-5.321395666054486995e-01,3.990830036575888418e+00,2.954071958550821830e-02
1.000000000000000000e+00,2.000000000000000000e+00,0.000000000000000000e+00,2.745000000000001883e-01,7.244797521634681603e-01,-5.315659386855512425e-01,3.990478830202706551e+00,3.042964083879919762e-02
1.000000000000000000e+00,2.000000000000000000e+00,0.000000000000000000e+00,2.805000000000001936e-01,7.259603818880134840e-01,-5.306750534279934817e-01,3.989932411774697485e+00,3.178780383449092417e-02
1.000000000000000000e+00,2.000000000000000000e+00,0.000000000000000000e+00,2.845000000000001972e-01,7.269708278446760374e-01,-5.300600985481868088e-01,3.989554626991444142e+00,3.270971471232927280e-02
1.000000000000000000e+00,2.000000000000000000e+00,0.000000000000000000e+00,2.905000000000002025e-01,7.285220624108749155e-01,-5.291047822550222213e-01,3.988966916409904417e+00,3.411717838646959045e-02
1.000000000000000000e+00,2.000000000000000000e+00,0.000000000000000000e+00,2.945000000000002061e-01,7.295802417505082849e-01,-5.284451550185265134e-01,3.988560615719927149e+00,3.507181292173008891e-02
1.000000000000000000e+00,2.000000000000000000e+00,0.000000000000000000e+00,3.005000000000002114e-01,7.312040892452893459e-01,-5.274200845581115127e-01,3.987928581127781147e+00,3.652810697059151457e-02
1.000000000000000000e+00,2.000000000000000000e+00,0.000000000000000000e+00,3.045000000000002149e-01,7.323113613315502812e-01,-5.267120186315449315e-01,3.987491655833511395e+00,3.751509915134360051e-02
1.000000000000000000e+00,2.000000000000000000e+00,0.000000000000000000e+00,3.105000000000002203e-01,7.340098864090570663e-01,-5.256111914759803438e-01,3.986811996292532800e+00,3.901958648989838768e-02
1.000000000000000000e+00,2.000000000000000000e+00,0.000000000000000000e+00,3.145000000000002238e-01,7.351676409040078797e-01,-5.248504328035028532e-01,3.986342149736162632e+00,4.003844681034668396e-02
1.000000000000000000e+00,2.000000000000000000e+00,0.000000000000000000e+00,3.205000000000002292e-01,7.369429398079370142e-01,-5.236670573375548088e-01,3.985611268840443255e+00,4.159028440264682380e-02
1.000000000000000000e+00,2.000000000000000000e+00,0.000000000000000000e+00,3.245000000000002327e-01,7.381525762898737408e-01,-5.228487840301737632e-01,3.985105997979526915e+00,4.264037076682967997e-02
1.000000000000000000e+00,2.000000000000000000e+00,0.000000000000000000e+00,3.305000000000002380e-01,7.400067395209458665e-01,-5.215751476802578113e-01,3.984319974988836499e+00,4.423846087950483036e-02
1.000000000000000000e+00,2.000000000000000000e+00,0.000000000000000000e+00,3.345000000000002416e-01,7.412696372747551443e-01,-5.206938734971863214e-01,3.983776550361714630e+00,4.531894228249293971e-02
1.000000000000000000e+00,2.000000000000000000e+00,0.000000000000000000e+00,3.405000000000002469e-01,7.432046946103608720e-01,-5.193211835133367815e-01,3.982931109056351726e+00,4.696187144719141116e-02
1.000000000000000000e+00,2.000000000000000000e+00,0.000000000000000000e+00,3.445000000000002505e-01,7.445221683451517247e-01,-5.183706410939673548e-01,3.982346553374643605e+00,4.807168235477603246e-02
1.000000000000000000e+00,2.000000000000000000e+00,0.000000000000000000e+00,3.505000000000002558e-01,7.465400085118536477e-01,-5.168888315667746758e-01,3.981437029196357891e+00,4.975764444570719702e-02
1.000000000000000000e+00,2.000000000000000000e+00,0.000000000000000000e+00,3.545000000000002593e-01,7.479132437996162119e-01,-5.158618306632476447e-01,3.980808095122502888e+00,5.089542711139109082e-02
1.000000000000000000e+00,2.000000000000000000e+00,0.000000000000000000e+00,3.605000000000002647e-01,7.500154974836987787e-01,-5.142593278927413136e-01,3.979829401802648992e+00,5.262212575139157966e-02
1.000000000000000000e+00,2.000000000000000000e+00,0.000000000000000000e+00,3.645000000000002682e-01,7.514454567509085692e-01,-5.131475828219815849e-01,3.979152550025760515e+00,5.378615678408277256e-02
1.000000000000000000e+00,2.000000000000000000e+00,0.000000000000000000e+00,3.705000000000002736e-01,7.536333261378338477e-01,-5.114110195722767482e-01,3.978099147998253482e+00,5.555068067563967427e-02
1.000000000000000000e+00,2.000000000000000000e+00,0.000000000000000000e+00,3.765000000000002789e-01,7.558728736020379202e-01,-5.095867295831704169e-01,3.976998063264142846e+00,5.733618777780617737e-02
1.000000000000000000e+00,2.000000000000000000e+00,0.000000000000000000e+00,3.805000000000002824e-01,7.573946211020331498e-01,-5.083188068456847564e-01,3.976236398466394650e+00,5.853743951818675406e-02
1.000000000000000000e+00,2.000000000000000000e+00,0.000000000000000000e+00,3.865000000000002878e-01,7.597201522499361648e-01,-5.063344431954929226e-01,3.975050739615268558e+00,6.035441736769989185e-02
1.000000000000000000e+00,2.000000000000000000e+00,0.000000000000000000e+00,3.905000000000002913e-01,7.612989037525806912e-01,-5.049534668333249821e-01,3.974230467796179056e+00,6.157496869260620231e-02
1.000000000000000000e+00,2.000000000000000000e+00,0.000000000000000000e+00,3.965000000000002967e-01,7.637090270200707076e-01,-5.027891852859541766e-01,3.972953434975309506e+00,6.341803370671951490e-02
1.000000000000000000e+00,2.000000000000000000e+00,0.000000000000000000e+00,4.005000000000003002e-01,7.653432515339297915e-01,-5.012808427857250448e-01,3.972069868038840657e+00,6.465384348795495673e-02
1.000000000000000000e+00,2.000000000000000000e+00,0.000000000000000000e+00,4.065000000000003055e-01,7.678345432621573874e-01,-4.989133916331869312e-01,3.970694214964092250e+00,6.651616007693081367e-02
1.000000000000000000e+00,2.000000000000000000e+00,0.000000000000000000e+00,4.105000000000003091e-01,7.695210481512433365e-01,-4.972608955879587733e-01,3.969742396046040955e+00,6.776209161600224573e-02
1.000000000000000000e+00,2.000000000000000000e+00,0.000000000000000000e+00,4.165000000000003144e-01,7.720870196899708437e-01,-4.946629914807676442e-01,3.968260541462675484e+00,6.963496093356114081e-02
1.000000000000000000e+00,2.000000000000000000e+00,0.000000000000000000e+00,4.205000000000003180e-01,7.738201064553167363e-01,-4.928466508403642199e-01,3.967235355249360662e+00,7.088447023030489125e-02
1.000000000000000000e+00,2.000000000000000000e+00,0.000000000000000000e+00,4.265000000000003233e-01,7.764496452132533255e-01,-4.899863420445428330e-01,3.965639621995268982e+00,7.275680018890950951e-02
1.000000000000000000e+00,2.000000000000000000e+00,0.000000000000000000e+00,4.305000000000003268e-01,7.782198330609372272e-01,-4.879831661853098468e-01,3.964536018202258205e+00,7.400153828657485278e-02
1.000000000000000000e+00,2.000000000000000000e+00,0.000000000000000000e+00,4.365000000000003322e-01,7.808948459519643448e-01,-4.848233483226445095e-01,3.962819098514834160e+00,7.585917901165052657e-02
1.000000000000000000e+00,2.000000000000000000e+00,0.000000000000000000e+00,4.405000000000003357e-01,7.826869479119374917e-01,-4.826068578082545746e-01,3.961632514570310626e+00,7.708850612473297503e-02
1.000000000000000000e+00,2.000000000000000000e+00,0.000000000000000000e+00,4.465000000000003411e-01,7.853788374063536137e-01,-4.791053494585150729e-01,3.959788329517274885e+00,7.891347210860306938e-02
1.000000000000000000e+00,2.000000000000000000e+00,0.000000000000000000e+00,4.505000000000003446e-01,7.871691237841418332e-01,-4.766460047807346556e-01,3.958515455103941871e+00,8.011392587269829113e-02
1.000000000000000000e+00,2.000000000000000000e+00,0.000000000000000000e+00,4.565000000000003499e-01,7.898337281341677452e-01,-4.727571070420611976e-01,3.956540673229653748e+00,8.188364252615819294e-02
1.000000000000000000e+00,2.000000000000000000e+00,0.000000000000000000e+00,4.605000000000003535e-01,7.915860232106980421e-01,-4.700242468932906981e-01,3.955180764528982262e+00,8.303852991511320725e-02
1.000000000000000000e+00,2.000000000000000000e+00,0.000000000000000000e+00,4.665000000000003588e-01,7.941571687053311512e-01,-4.657036585018567432e-01,3.953077307951701425e+00,8.472554427619188866e-02
1.000000000000000000e+00,2.000000000000000000e+00,0.000000000000000000e+00,4.705000000000003624e-01,7.958184799093951378e-01,-4.626705808994264757e-01,3.951634234408012425e+00,8.581512373512453773e-02
1.000000000000000000e+00,2.000000000000000000e+00,0.000000000000000000e+00,4.765000000000003677e-01,7.982024534128859816e-01,-4.578864899392716126e-01,3.949412820931403445e+00,8.738831081130826739e-02
1.000000000000000000e+00,2.000000000000000000e+00,0.000000000000000000e+00,4.805000000000003713e-01,7.997010749397307494e-01,-4.545403433520005532e-01,3.947897554096258421e+00,8.839145982816622171e-02
1.000000000000000000e+00,2.000000000000000000e+00,0.000000000000000000e+00,4.865000000000003766e-01,8.017788821121100140e-01,-4.492911094813689665e-01,3.945580989093414370e+00,8.982009077244618167e-02
1.000000000000000000e+00,2.000000000000000000e+00,0.000000000000000000e+00,4.905000000000003801e-01,8.030304230637752561e-01,-4.456450153254888913e-01,3.944013011680054248e+00,9.071798012215730178e-02
1.000000000000000000e+00,2.000000000000000000e+00,0.000000000000000000e+00,4.965000000000003855e-01,8.046733932438242531e-01,-4.399741888540115720e-01,3.941636491922595020e+00,9.197801002970658335e-02
2.000000000000000000e+00,2.000000000000000000e+00,0.000000000000000000e+00,0.000000000000000000e+00,6.021069092250085353e-01,-9.565539664461408798e-01,4.000000000000000000e+00,0.000000000000000000e+00
2.000000000000000000e+00,2.000000000000000000e+00,0.000000000000000000e+00,2.500000000000000052e-03,6.021103594346371990e-01,-9.565516421340384268e-01,4.000001808630238465e+00,3.771098220976837876e-06
2.000000000000000000e+00,2.000000000000000000e+00,0.000000000000000000e+00,8.500000000000000611e-03,6.021467953673529383e-01,-9.565270932907217194e-01,4.000020904396143884e+00,4.359532942455915611e-05
2.000000000000000000e+00,2.000000000000000000e+00,0.000000000000000000e+00,1.250000000000000069e-02,6.021931729151496215e-01,-9.564958384509492095e-01,4.000045199192440393e+00,9.428450296940539001e-05
2.000000000000000000e+00,2.000000000000000000e+00,0.000000000000000000e+00,1.850000000000000255e-02,6.022958841639832750e-01,-9.564265879977436047e-01,4.000098959298069801e+00,2.065399090834930766e-04
2.000000000000000000e+00,2.000000000000000000e+00,0.000000000000000000e+00,2.250000000000000611e-02,6.023864674695659227e-01,-9.563654789088888997e-01,4.000146320060809835e+00,3.055350361480178552e-04
2.000000000000000000e+00,2.000000000000000000e+00,0.000000000000000000e+00,2.850000000000001144e-02,6.025555345360303905e-01,-9.562513339534528534e-01,4.000234586427438011e+00,4.902886231153744763e-04
2.000000000000000000e+00,2.000000000000000000e+00,0.000000000000000000e+00,3.250000000000001499e-02,6.026903945996410217e-01,-9.561602001938430684e-01,4.000304873578902409e+00,6.376487212226216545e-04
2.000000000000000000e+00,2.000000000000000000e+00,0.000000000000000000e+00,3.850000000000002032e-02,6.029259500103701930e-01,-9.560008418883022552e-01,4.000427385281834169e+00,8.950104484003887709e-04
2.000000000000000000e+00,2.000000000000000000e+00,0.000000000000000000e+00,4.250000000000002387e-02,6.031051925533658098e-01,-9.558794284024850763e-01,4.000520390303202944e+00,1.090823048564784452e-03
2.000000000000000000e+00,2.000000000000000000e+00,0.000000000000000000e+00,4.850000000000002920e-02,6.034074209844996206e-01,-9.556744097128927473e-01,4.000676782305021106e+00,1.420945416952090539e-03
2.000000000000000000e+00,2.000000000000000000e+00,0.000000000000000000e+00,5.250000000000003275e-02,6.036311865457502090e-01,-9.555223750215600109e-01,4.000792226721684663e+00,1.665326231480049714e-03
2.000000000000000000e+00,2.000000000000000000e+00,0.000000000000000000e+00,5.850000000000003808e-02,6.040003249852587963e-01,-9.552711175780250752e-01,4.000982028091234710e+00,2.068403695443099717e-03
2.000000000000000000e+00,2.000000000000000000e+00,0.000000000000000000e+00,6.250000000000004163e-02,6.042687890394139449e-01,-9.550880313612759576e-01,4.001119562110179828e+00,2.361496163385026683e-03
2.000000000000000000e+00,2.000000000000000000e+00,0.000000000000000000e+00,6.850000000000004696e-02,6.047051269760418402e-01,-9.547898213436898374e-01,4.001342193710155648e+00,2.837764350540624304e-03
2.000000000000000000e+00,2.000000000000000000e+00,0.000000000000000000e+00,7.250000000000005052e-02,6.050185000647737565e-01,-9.545751613627939669e-01,4.001501394495595498e+00,3.179739048904821168e-03
2.000000000000000000e+00,2.000000000000000000e+00,0.000000000000000000e+00,7.850000000000005584e-02,6.055223796880370157e-01,-9.542291443624891789e-01,4.001756166115561619e+00,3.729473767682829274e-03
2.000000000000000000e+00,2.000000000000000000e+00,0.000000000000000000e+00,8.250000000000005940e-02,6.058809075522897380e-01,-9.539822926752682397e-01,4.001936535686446028e+00,4.120527672893808946e-03
2.000000000000000000e+00,2.000000000000000000e+00,0.000000000000000000e+00,8.850000000000006473e-02,6.064527239430047567e-01,-9.535874674570264942e-01,4.002222642593122437e+00,4.744043681504573999e-03
2.000000000000000000e+00,2.000000000000000000e+00,0.000000000000000000e+00,9.250000000000006828e-02,6.068566876406319421e-01,-9.533077058706521667e-01,4.002423605320613476e+00,5.184399261458127843e-03
2.000000000000000000e+00,2.000000000000000000e+00,0.000000000000000000e+00,9.850000000000007361e-02,6.074968889252593263e-01,-9.528629169416733546e-01,4.002740124190609983e+00,5.882048765340631112e-03
2.000000000000000000e+00,2.000000000000000000e+00,0.000000000000000000e+00,1.025000000000000772e-01,6.079466049138742001e-01,-9.525494216341898746e-01,4.002961023871007384e+00,6.371952877634702063e-03
2.000000000000000000e+00,2.000000000000000000e+00,0.000000000000000000e+00,1.085000000000000825e-01,6.086556923484315318e-01,-9.520533505064814328e-01,4.003306908064510061e+00,7.144123714716449705e-03
2.000000000000000000e+00,2.000000000000000000e+00,0.000000000000000000e+00,1.125000000000000860e-01,6.091515125076817361e-01,-9.517051857339319243e-01,4.003547004537069576e+00,7.683846281039442838e-03
2.000000000000000000e+00,2.000000000000000000e+00,0.000000000000000000e+00,1.185000000000000914e-01,6.099300404475530568e-01,-9.511563407435572604e-01,4.003921078663765343e+00,8.530959745011335027e-03
2.000000000000000000e+00,2.000000000000000000e+00,0.000000000000000000e+00,1.245000000000000967e-01,6.107505208022888654e-01,-9.505750390350610202e-01,4.004311446706346977e+00,9.423253964763862039e-03
2.000000000000000000e+00,2.000000000000000000e+00,0.000000000000000000e+00,1.285000000000000864e-01,6.113209277079501014e-01,-9.501691560532763425e-01,4.004580497658813520e+00,1.004330040598065861e-02
2.000000000000000000e+00,2.000000000000000000e+00,0.000000000000000000e+00,1.345000000000000917e-01,6.122118453968855567e-01,-9.495323035259940481e-01,4.004996891428027617e+00,1.101127423919284580e-02
2.000000000000000000e+00,2.000000000000000000e+00,0.000000000000000000e+00,1.385000000000000953e-01,6.128294362188327904e-01,-9.490887386174011731e-01,4.005282792509031964e+00,1.168193659484901593e-02
2.000000000000000000e+00,2.000000000000000000e+00,0.000000000000000000e+00,1.445000000000001006e-01,6.137914820874996735e-01,-9.483943336077628183e-01,4.005723670751189402e+00,1.272608488323680349e-02
2.000000000000000000e+00,2.000000000000000000e+00,0.000000000000000000e+00,1.485000000000001041e-01,6.144567345086060506e-01,-9.479116790677672988e-01,4.006025343544807882e+00,1.344770062434303554e-02
2.000000000000000000e+00,2.000000000000000000e+00,0.000000000000000000e+00,1.545000000000001095e-01,6.154906504250221566e-01,-9.471574952858851093e-01,4.006489009858255734e+00,1.456853975420073846e-02
2.000000000000000000e+00,2.000000000000000000e+00,0.000000000000000000e+00,1.585000000000001130e-01,6.162040756807608544e-01,-9.466341874097486953e-01,4.006805269423390214e+00,1.534145917123248132e-02
2.000000000000000000e+00,2.000000000000000000e+00,0.000000000000000000e+00,1.645000000000001183e-01,6.173106529874727855e-01,-9.458177544822026217e-01,4.007289862684609183e+00,1.653952221877045409e-02
2.000000000000000000e+00,2.000000000000000000e+00,0.000000000000000000e+00,1.685000000000001219e-01,6.180727946191517663e-01,-9.452520596777559403e-01,4.007619410795855153e+00,1.736410489325720605e-02
2.000000000000000000e+00,2.000000000000000000e+00,0.000000000000000000e+00,1.745000000000001272e-01,6.192528718901922913e-01,-9.443706408387233520e-01,4.008122894425232730e+00,1.863993585029522990e-02
2.000000000000000000e+00,2.000000000000000000e+00,0.000000000000000000e+00,1.785000000000001308e-01,6.200643039676639878e-01,-9.437606397021885973e-01,4.008464312000719509e+00,1.951654645596120896e-02
2.000000000000000000e+00,2.000000000000000000e+00,0.000000000000000000e+00,1.845000000000001361e-01,6.213187638551501690e-01,-9.428112062057470988e-01,4.008984461945170885e+00,2.087069335417953905e-02
2.000000000000000000e+00,2.000000000000000000e+00,0.000000000000000000e+00,1.885000000000001397e-01,6.221800885067362286e-01,-9.421547752500684103e-01,4.009336200573805797e+00,2.179969665360767528e-02
2.000000000000000000e+00,2.000000000000000000e+00,0.000000000000000000e+00,1.945000000000001450e-01,6.235098534008246540e-01,-9.411339769951478917e-01,4.009870591867182199e+00,2.323270336467938429e-02
2.000000000000000000e+00,2.000000000000000000e+00,0.000000000000000000e+00,1.985000000000001485e-01,6.244216974415808252e-01,-9.404287676607854252e-01,4.010230964337331727e+00,2.421445823704583208e-02
2.000000000000000000e+00,2.000000000000000000e+00,0.000000000000000000e+00,2.045000000000001539e-01,6.258277235878703104e-01,-9.393328994221454842e-01,4.010776956081088862e+00,2.572685467490296030e-02
2.000000000000000000e+00,2.000000000000000000e+00,0.000000000000000000e+00,2.085000000000001574e-01,6.267907339766295438e-01,-9.385763139283610501e-01,4.011144125798974613e+00,2.676170697222423484e-02
2.000000000000000000e+00,2.000000000000000000e+00,0.000000000000000000e+00,2.145000000000001628e-01,6.282740035906527742e-01,-9.374012764682833065e-01,4.011698844387172613e+00,2.835399735960485862e-02
2.000000000000000000e+00,2.000000000000000000e+00,0.000000000000000000e+00,2.185000000000001663e-01,6.292888413663657587e-01,-9.365904399758777643e-01,4.012070813561154914e+00,2.944227134097068821e-02
2.000000000000000000e+00,2.000000000000000000e+00,0.000000000000000000e+00,2.245000000000001716e-01,6.308503521468042941e-01,-9.353316951672303592e-01,4.012631133952994311e+00,3.111492012142853814e-02
2.000000000000000000e+00,2.000000000000000000e+00,0.000000000000000000e+00,2.285000000000001752e-01,6.319176843888825168e-01,-9.344634236178384068e-01,4.013005730405613924e+00,3.225690815394291477e-02
2.000000000000000000e+00,2.000000000000000000e+00,0.000000000000000000e+00,2.345000000000001805e-01,6.335584356479704304e-01,-9.331159425340367353e-01,4.013568255228562087e+00,3.401032302768853405e-02
2.000000000000000000e+00,2.000000000000000000e+00,0.000000000000000000e+00,2.385000000000001841e-01,6.346789248644295611e-01,-9.321867054022567878e-01,4.013943117685132123e+00,3.520627316547821767e-02
2.000000000000000000e+00,2.000000000000000000e+00,0.000000000000000000e+00,2.445000000000001894e-01,6.363998992492677642e-01,-9.307449081161923710e-01,4.014504153932584529e+00,3.704078459608517448e-02
2.000000000000000000e+00,2.000000000000000000e+00,0.000000000000000000e+00,2.505000000000001670e-01,6.381694634569489155e-01,-9.292435876500951819e-01,4.015062391774239181e+00,3.892407130421744743e-02
2.000000000000000000e+00,2.000000000000000000e+00,0.000000000000000000e+00,2.545000000000001705e-01,6.393763288558279578e-01,-9.282084707280187086e-01,4.015432248695896433e+00,4.020672191979378363e-02
2.000000000000000000e+00,2.000000000000000000e+00,0.000000000000000000e+00,2.605000000000001759e-01,6.412275909807475527e-01,-9.266025810546053565e-01,4.015982408354823896e+00,4.217140928207079031e-02
2.000000000000000000e+00,2.000000000000000000e+00,0.000000000000000000e+00,2.645000000000001794e-01,6.424892011422164151e-01,-9.254953664218910081e-01,4.016345383931893664e+00,4.350834217622971678e-02
2.000000000000000000e+00,2.000000000000000000e+00,0.000000000000000000e+00,2.705000000000001847e-01,6.444229682038790097e-01,-9.237775374872142509e-01,4.016882874892828248e+00,4.555442962865229733e-02
2.000000000000000000e+00,2.000000000000000000e+00,0.000000000000000000e+00,2.745000000000001883e-01,6.457398178003670441e-01,-9.225930341335232265e-01,4.017235777512151884e+00,4.694558341372603860e-02
2.000000000000000000e+00,2.000000000000000000e+00,0.000000000000000000e+00,2.805000000000001936e-01,6.477567518380020761e-01,-9.207550326487382586e-01,4.017755605914133277e+00,4.907287504478673873e-02
2.000000000000000000e+00,2.000000000000000000e+00,0.000000000000000000e+00,2.845000000000001972e-01,6.491292188897159754e-01,-9.194874346942257803e-01,4.018094962870548237e+00,5.051804192130560089e-02
2.000000000000000000e+00,2.000000000000000000e+00,0.000000000000000000e+00,2.905000000000002025e-01,6.512297721410530427e-01,-9.175200406394715680e-01,4.018591693978273760e+00,5.272609504914389789e-02
2.000000000000000000e+00,2.000000000000000000e+00,0.000000000000000000e+00,2.945000000000002061e-01,6.526580683256364424e-01,-9.161628380151075612e-01,4.018913725273602466e+00,5.422488271064336562e-02
2.000000000000000000e+00,2.000000000000000000e+00,0.000000000000000000e+00,3.005000000000002114e-01,6.548423973132432296e-01,-9.140556991267669851e-01,4.019381442410640659e+00,5.651294424635804059e-02
2.000000000000000000e+00,2.000000000000000000e+00,0.000000000000000000e+00,3.045000000000002149e-01,6.563265019639180631e-01,-9.126015722092363225e-01,4.019682032222167578e+00,5.806472861004810526e-02
2.000000000000000000e+00,2.000000000000000000e+00,0.000000000000000000e+00,3.105000000000002203e-01,6.585943530970553850e-01,-9.103430321534239367e-01,4.020114292327735761e+00,6.043165587446569509e-02
2.000000000000000000e+00,2.000000000000000000e+00,0.000000000000000000e+00,3.145000000000002238e-01,6.601339250847952922e-01,-9.087837272438965552e-01,4.020388958365139764e+00,6.203552209655063820e-02
2.000000000000000000e+00,2.000000000000000000e+00,0.000000000000000000e+00,3.205000000000002292e-01,6.624844814752424149e-01,-9.063606224355781338e-01,4.020778744726251297e+00,6.447968371759886519e-02
2.000000000000000000e+00,2.000000000000000000e+00,0.000000000000000000e+00,3.245000000000002327e-01,6.640787408452741847e-01,-9.046868044766955830e-01,4.021022606035820957e+00,6.613435214812224405e-02
2.000000000000000000e+00,2.000000000000000000e+00,0.000000000000000000e+00,3.305000000000002380e-01,6.665104158330713569e-01,-9.020842237968733635e-01,4.021362279415409802e+00,6.865350326427938077e-02
2.000000000000000000e+00,2.000000000000000000e+00,0.000000000000000000e+00,3.345000000000002416e-01,6.681579836892184154e-01,-9.002853023055966686e-01,4.021570023772185642e+00,7.035723591098065610e-02
2.000000000000000000e+00,2.000000000000000000e+00,0.000000000000000000e+00,3.405000000000002469e-01,6.706681404364067678e-01,-8.974863035048541438e-01,4.021851274292756351e+00,7.294836001129967329e-02
2.000000000000000000e+00,2.000000000000000000e+00,0.000000000000000000e+00,3.445000000000002505e-01,6.723668206080410936e-01,-8.955502275633464571e-01,4.022017127306087403e+00,7.469884161366793784e-02
2.000000000000000000e+00,2.000000000000000000e+00,0.000000000000000000e+00,3.505000000000002558e-01,6.749513880565528590e-01,-8.925355043634511931e-01,4.022230931375215590e+00,7.735794878255225493e-02
2.000000000000000000e+00,2.000000000000000000e+00,0.000000000000000000e+00,3.545000000000002593e-01,6.766978667242246059e-01,-8.904485230827227094e-01,4.022348631101912986e+00,7.915213461526475480e-02
2.000000000000000000e+00,2.000000000000000000e+00,0.000000000000000000e+00,3.605000000000002647e-01,6.793508086981702165e-01,-8.871960188270270331e-01,4.022485220934651551e+00,8.187400250422166570e-02
2.000000000000000000e+00,2.000000000000000000e+00,0.000000000000000000e+00,3.645000000000002682e-01,6.811402371286182644e-01,-8.849424058651147451e-01,4.022548004629947549e+00,8.370792237953951498e-02
2.000000000000000000e+00,2.000000000000000000e+00,0.000000000000000000e+00,3.705000000000002736e-01,6.838528110300220453e-01,-8.814268749397753400e-01,4.022596863499899200e+00,8.648576166693223988e-02
2.000000000000000000e+00,2.000000000000000000e+00,0.000000000000000000e+00,3.765000000000002789e-01,6.865954622248372496e-01,-8.777399054030635694e-01,4.022587738323849749e+00,8.929311418691178448e-02
2.000000000000000000e+00,2.000000000000000000e+00,0.000000000000000000e+00,3.805000000000002824e-01,6.884379307451424790e-01,-8.751811523523479464e-01,4.022547383951377675e+00,9.117928643213676909e-02
2.000000000000000000e+00,2.000000000000000000e+00,0.000000000000000000e+00,3.865000000000002878e-01,6.912178244717491760e-01,-8.711829394606293020e-01,4.022432283502846317e+00,9.402735685173753410e-02
2.000000000000000000e+00,2.000000000000000000e+00,0.000000000000000000e+00,3.905000000000002913e-01,6.930785085668507151e-01,-8.684051880139949109e-01,4.022317297047281137e+00,9.593656228580935141e-02
2.000000000000000000e+00,2.000000000000000000e+00,0.000000000000000000e+00,3.965000000000002967e-01,6.958737830283767689e-01,-8.640600108218671194e-01,4.022084205764203446e+00,9.881211626553562666e-02
2.000000000000000000e+00,2.000000000000000000e+00,0.000000000000000000e+00,4.005000000000003002e-01,6.977353542531153918e-01,-8.610379204891644989e-01,4.021886527783984810e+00,1.007343394571765943e-01
2.000000000000000000e+00,2.000000000000000000e+00,0.000000000000000000e+00,4.065000000000003055e-01,7.005150338176936442e-01,-8.563054792468087761e-01,4.021523440037593211e+00,1.036203098525461386e-01
2.000000000000000000e+00,2.000000000000000000e+00,0.000000000000000000e+00,4.105000000000003091e-01,7.023529219662797418e-01,-8.530107122825743016e-01,4.021235247835394766e+00,1.055426436342312702e-01
2.000000000000000000e+00,2.000000000000000000e+00,0.000000000000000000e+00,4.165000000000003144e-01,7.050730401522737889e-01,-8.478465328194867423e-01,4.020730993639977768e+00,1.084170616825422262e-01
2.000000000000000000e+00,2.000000000000000000e+00,0.000000000000000000e+00,4.205000000000003180e-01,7.068523352749546129e-01,-8.442483935961855313e-01,4.020345446459366201e+00,1.103229237735912360e-01
2.000000000000000000e+00,2.000000000000000000e+00,0.000000000000000000e+00,4.265000000000003233e-01,7.094503855471212539e-01,-8.386056453397667809e-01,4.019691203008550318e+00,1.131576597814883678e-01
2.000000000000000000e+00,2.000000000000000000e+00,0.000000000000000000e+00,4.305000000000003268e-01,7.111214700806559597e-01,-8.346731217841130146e-01,4.019203788955302947e+00,1.150259267451358425e-01
2.000000000000000000e+00,2.000000000000000000e+00,0.000000000000000000e+00,4.365000000000003322e-01,7.135088026058643562e-01,-8.285075579429572734e-01,4.018395776252836171e+00,1.177854526157989801e-01
2.000000000000000000e+00,2.000000000000000000e+00,0.000000000000000000e+00,4.405000000000003357e-01,7.150016425556626753e-01,-8.242143884935413389e-01,4.017806676958468159e+00,1.195897832221125001e-01
2.000000000000000000e+00,2.000000000000000000e+00,0.000000000000000000e+00,4.465000000000003411e-01,7.170543780681979396e-01,-8.174958341087006364e-01,4.016850777941479933e+00,1.222307006393875684e-01
2.000000000000000000e+00,2.000000000000000000e+00,0.000000000000000000e+00,4.505000000000003446e-01,7.182727380980162835e-01,-8.128316860087800855e-01,4.016168779594282867e+00,1.239398925762089654e-01
2.000000000000000000e+00,2.000000000000000000e+00,0.000000000000000000e+00,4.565000000000003499e-01,7.198257281496873716e-01,-8.055679056016590289e-01,4.015087705658023864e+00,1.264133131793143405e-01
2.000000000000000000e+00,2.000000000000000000e+00,0.000000000000000000e+00,4.605000000000003535e-01,7.206473086864970679e-01,-8.005599085382605340e-01,4.014335646670512681e+00,1.279948322663534699e-01
2.000000000000000000e+00,2.000000000000000000e+00,0.000000000000000000e+00,4.665000000000003588e-01,7.215074288811399450e-01,-7.928369851740930674e-01,4.013176903853920230e+00,1.302561086474413876e-01
2.000000000000000000e+00,2.000000000000000000e+00,0.000000000000000000e+00,4.705000000000003624e-01,7.218069381881100366e-01,-7.875789508620461010e-01,4.012395253125152550e+00,1.316862841851152710e-01
2.000000000000000000e+00,2.000000000000000000e+00,0.000000000000000000e+00,4.765000000000003677e-01,7.218168172268039084e-01,-7.795935630762675927e-01,4.011229289144390364e+00,1.337152262878262832e-01
2.000000000000000000e+00,2.000000000000000000e+00,0.000000000000000000e+00,4.805000000000003713e-01,7.215250559460539836e-01,-7.742448049866685889e-01,4.010467217511631155e+00,1.349930342911109526e-01
2.000000000000000000e+00,2.000000000000000000e+00,0.000000000000000000e+00,4.865000000000003766e-01,7.206451634754741375e-01,-7.662486106129968721e-01,4.009363007648977018e+00,1.368051576556439664e-01
2.000000000000000000e+00,2.000000000000000000e+00,0.000000000000000000e+00,4.905000000000003801e-01,7.197727834434983762e-01,-7.609709815881330330e-01,4.008660903937512288e+00,1.379492700287852092e-01
2.000000000000000000e+00,2.000000000000000000e+00,0.000000000000000000e+00,4.965000000000003855e-01,7.180617178994638250e-01,-7.531888590994657573e-01,4.007669934249235233e+00,1.395814109007543491e-01
3.000000000000000000e+00,2.000000000000000000e+00,0.000000000000000000e+00,0.000000000000000000e+00,5.030099244528605240e-01,-1.410296404884206600e+00,4.000000000000000000e+00,0.000000000000000000e+00
3.000000000000000000e+00,2.000000000000000000e+00,0.000000000000000000e+00,1.699999999999999905e-03,5.030120494417428256e-01,-1.410294525124841103e+00,4.000002627836259705e+00,2.147777658828362284e-06
3.000000000000000000e+00,2.000000000000000000e+00,0.000000000000000000e+00,7.700000000000000247e-03,5.030535205669688370e-01,-1.410257835857690267e+00,4.000053907004541109e+00,4.406514008544357651e-05
3.000000000000000000e+00,2.000000000000000000e+00,0.000000000000000000e+00,1.170000000000000033e-02,5.031105824731428866e-01,-1.410207341001284753e+00,4.000124447149125295e+00,1.017456856706224080e-04
3.000000000000000000e+00,2.000000000000000000e+00,0.000000000000000000e+00,1.770000000000000046e-02,5.032403054531044972e-01,-1.410092493413653836e+00,4.000284737620154907e+00,2.328950634903733849e-04
3.000000000000000000e+00,2.000000000000000000e+00,0.000000000000000000e+00,2.170000000000000401e-02,5.033562149301632482e-01,-1.409989811836978912e+00,4.000427873159744685e+00,3.501025297650300514e-04
3.000000000000000000e+00,2.000000000000000000e+00,0.000000000000000000e+00,2.770000000000000934e-02,5.035742373643304903e-01,-1.409796508137351800e+00,4.000696885916954493e+00,5.706264361414022579e-04
3.000000000000000000e+00,2.000000000000000000e+00,0.000000000000000000e+00,3.170000000000001289e-02,5.037490368597541401e-01,-1.409641373308895940e+00,4.000912358309236083e+00,7.474880082878876657e-04
3.000000000000000000e+00,2.000000000000000000e+00,0.000000000000000000e+00,3.770000000000001822e-02,5.040554383826418849e-01,-1.409369110951741666e+00,4.001289606269376797e+00,1.057625283565435644e-03
3.000000000000000000e+00,2.000000000000000000e+00,0.000000000000000000e+00,4.170000000000002177e-02,5.042891915493199484e-01,-1.409161118787671807e+00,4.001577024265171367e+00,1.294332081306066081e-03
3.000000000000000000e+00,2.000000000000000000e+00,0.000000000000000000e+00,4.770000000000002710e-02,5.046840833103671820e-01,-1.408809186971288874e+00,4.002061820045147655e+00,1.694416934487367934e-03
3.000000000000000000e+00,2.000000000000000000e+00,0.000000000000000000e+00,5.170000000000003065e-02,5.049768745644851453e-01,-1.408547793068464449e+00,4.002420657890501943e+00,1.991223236597134110e-03
3.000000000000000000e+00,2.000000000000000000e+00,0.000000000000000000e+00,5.770000000000003598e-02,5.054603984474168588e-01,-1.408115267840725160e+00,4.003012110639789789e+00,2.481683870914795295e-03
3.000000000000000000e+00,2.000000000000000000e+00,0.000000000000000000e+00,6.170000000000003954e-02,5.058123323965568741e-01,-1.407799783653930215e+00,4.003441705645386151e+00,2.838906053671152140e-03
3.000000000000000000e+00,2.000000000000000000e+00,0.000000000000000000e+00,6.770000000000003793e-02,5.063846599454889796e-01,-1.407285521475997170e+00,4.004138716912850171e+00,3.420262846985417000e-03
3.000000000000000000e+00,2.000000000000000000e+00,0.000000000000000000e+00,7.170000000000004148e-02,5.067958605169619046e-01,-1.406915109555129551e+00,4.004638266367406274e+00,3.838278013497121478e-03
3.000000000000000000e+00,2.000000000000000000e+00,0.000000000000000000e+00,7.770000000000004681e-02,5.074571915892674978e-01,-1.406317739194786531e+00,4.005439524961298403e+00,4.511141214521748218e-03
3.000000000000000000e+00,2.000000000000000000e+00,0.000000000000000000e+00,8.170000000000005036e-02,5.079278009931176285e-01,-1.405891407180251074e+00,4.006008082357168654e+00,4.990385485293197081e-03
3.000000000000000000e+00,2.000000000000000000e+00,0.000000000000000000e+00,8.770000000000005569e-02,5.086783618795530648e-01,-1.405209319915138533e+00,4.006912058147173994e+00,5.755452373811098706e-03
3.000000000000000000e+00,2.000000000000000000e+00,0.000000000000000000e+00,9.170000000000005924e-02,5.092085393052663278e-01,-1.404725913372540047e+00,4.007548528680370481e+00,6.296418800904698271e-03
3.000000000000000000e+00,2.000000000000000000e+00,0.000000000000000000e+00,9.770000000000006457e-02,5.100485804858975181e-01,-1.403957251214088542e+00,4.008553465277566730e+00,7.154470249070263993e-03
3.000000000000000000e+00,2.000000000000000000e+00,0.000000000000000000e+00,1.017000000000000681e-01,5.106385003033022674e-01,-1.403415445120016480e+00,4.009256600576208918e+00,7.757706304160493296e-03
3.000000000000000000e+00,2.000000000000000000e+00,0.000000000000000000e+00,1.077000000000000735e-01,5.115682936015538695e-01,-1.402558086999793119e+00,4.010360506815792370e+00,8.709602658987307747e-03
3.000000000000000000e+00,2.000000000000000000e+00,0.000000000000000000e+00,1.117000000000000770e-01,5.122181432749564056e-01,-1.401956375770825991e+00,4.011128898841510804e+00,9.375707239081361097e-03
3.000000000000000000e+00,2.000000000000000000e+00,0.000000000000000000e+00,1.177000000000000823e-01,5.132379782112820310e-01,-1.401007921375503562e+00,4.012329538978554488e+00,1.042238342632445698e-02
3.000000000000000000e+00,2.000000000000000000e+00,0.000000000000000000e+00,1.237000000000000877e-01,5.143119828126523352e-01,-1.400003533982241422e+00,4.013587040403906236e+00,1.152640516309576951e-02
3.000000000000000000e+00,2.000000000000000000e+00,0.000000000000000000e+00,1.277000000000000912e-01,5.150581349224507832e-01,-1.399302358296402815e+00,4.014456495548855308e+00,1.229446303270586432e-02
3.000000000000000000e+00,2.000000000000000000e+00,0.000000000000000000e+00,1.337000000000000965e-01,5.162226696213317867e-01,-1.398202405449246344e+00,4.015806616443005517e+00,1.349490075891848079e-02
3.000000000000000000e+00,2.000000000000000000e+00,0.000000000000000000e+00,1.377000000000001001e-01,5.170292790449106946e-01,-1.397436476503211455e+00,4.016736867206755157e+00,1.432759758189372512e-02
3.000000000000000000e+00,2.000000000000000000e+00,0.000000000000000000e+00,1.437000000000001054e-01,5.182846555973912306e-01,-1.396237736783313199e+00,4.018176679682158081e+00,1.562555033602606308e-02
3.000000000000000000e+00,2.000000000000000000e+00,0.000000000000000000e+00,1.477000000000001090e-01,5.191519295104587428e-01,-1.395404789127899337e+00,4.019165678148439724e+00,1.652363578189341639e-02
3.000000000000000000e+00,2.000000000000000000e+00,0.000000000000000000e+00,1.537000000000001143e-01,5.204984554053500023e-01,-1.394103679886042890e+00,4.020691961978997142e+00,1.792025096084128022e-02
3.000000000000000000e+00,2.000000000000000000e+00,0.000000000000000000e+00,1.577000000000001179e-01,5.214265951191778825e-01,-1.393201197256997759e+00,4.021737459729131992e+00,1.888450359134948367e-02
3.000000000000000000e+00,2.000000000000000000e+00,0.000000000000000000e+00,1.637000000000001232e-01,5.228645638306204102e-01,-1.391793743493750179e+00,4.023346684981478738e+00,2.038096644136933033e-02
3.000000000000000000e+00,2.000000000000000000e+00,0.000000000000000000e+00,1.677000000000001267e-01,5.238537574618293835e-01,-1.390818936622650215e+00,4.024446220826124687e+00,2.141218609555636115e-02
3.000000000000000000e+00,2.000000000000000000e+00,0.000000000000000000e+00,1.737000000000001321e-01,5.253834362625520171e-01,-1.389300735281566945e+00,4.026134528360983289e+00,2.300970729003696397e-02
3.000000000000000000e+00,2.000000000000000000e+00,0.000000000000000000e+00,1.777000000000001356e-01,5.264338497277540885e-01,-1.388250516322957262e+00,4.027285414571855071e+00,2.410870607725000905e-02
3.000000000000000000e+00,2.000000000000000000e+00,0.000000000000000000e+00,1.837000000000001410e-01,5.280554645865024321e-01,-1.386616695301899682e+00,4.029048594181635856e+00,2.580850700642513956e-02
3.000000000000000000e+00,2.000000000000000000e+00,0.000000000000000000e+00,1.877000000000001445e-01,5.291672303284824519e-01,-1.385487648639344149e+00,4.030247901071132510e+00,2.697609862589203655e-02
3.000000000000000000e+00,2.000000000000000000e+00,0.000000000000000000e+00,1.937000000000001498e-01,5.308809470412504394e-01,-1.383732819677613302e+00,4.032081366994030525e+00,2.877939392604068197e-02
3.000000000000000000e+00,2.000000000000000000e+00,0.000000000000000000e+00,1.977000000000001534e-01,5.320541500164550630e-01,-1.382521168161507719e+00,4.033325905641117259e+00,3.001638096337036488e-02
3.000000000000000000e+00,2.000000000000000000e+00,0.000000000000000000e+00,2.037000000000001587e-01,5.338600507135939921e-01,-1.380639372628521322e+00,4.035224669152782440e+00,3.192435770784372157e-02
3.000000000000000000e+00,2.000000000000000000e+00,0.000000000000000000e+00,2.077000000000001623e-01,5.350947109038596272e-01,-1.379340938874000333e+00,4.036510972081501336e+00,3.323151648175239059e-02
3.000000000000000000e+00,2.000000000000000000e+00,0.000000000000000000e+00,2.137000000000001676e-01,5.369927646298078283e-01,-1.377325585295759325e+00,4.038469610834693135e+00,3.524530930521418970e-02
3.000000000000000000e+00,2.000000000000000000e+00,0.000000000000000000e+00,2.177000000000001712e-01,5.382888151069682436e-01,-1.375935746848208296e+00,4.039793910394727128e+00,3.662337171458344975e-02
3.000000000000000000e+00,2.000000000000000000e+00,0.000000000000000000e+00,2.237000000000001765e-01,5.402788410235762617e-01,-1.373779538757395002e+00,4.041806534133079332e+00,3.874403296851548772e-02
3.000000000000000000e+00,2.000000000000000000e+00,0.000000000000000000e+00,2.277000000000001800e-01,5.416361004165414217e-01,-1.372293176456578889e+00,4.043164738342889031e+00,4.019366467017378153e-02
3.000000000000000000e+00,2.000000000000000000e+00,0.000000000000000000e+00,2.337000000000001854e-01,5.437177215296908894e-01,-1.369988028930701374e+00,4.045224950587860135e+00,4.242212846501408618e-02
3.000000000000000000e+00,2.000000000000000000e+00,0.000000000000000000e+00,2.377000000000001889e-01,5.451358594947345315e-01,-1.368399467064890462e+00,4.046612616145909946e+00,4.394390253408608088e-02
3.000000000000000000e+00,2.000000000000000000e+00,0.000000000000000000e+00,2.437000000000001942e-01,5.473084442587685672e-01,-1.365936410096832976e+00,4.048713471432873412e+00,4.628094122698529767e-02
3.000000000000000000e+00,2.000000000000000000e+00,0.000000000000000000e+00,2.497000000000001996e-01,5.495351710288732816e-01,-1.363373892183167069e+00,4.050835132656417592e+00,4.868340882392265673e-02
3.000000000000000000e+00,2.000000000000000000e+00,0.000000000000000000e+00,2.537000000000002031e-01,5.510495259072469842e-01,-1.361608413250769090e+00,4.052259729830597124e+00,5.032147747796065357e-02
3.000000000000000000e+00,2.000000000000000000e+00,0.000000000000000000e+00,2.597000000000002085e-01,5.533654840583795975e-01,-1.358871506067192314e+00,4.054409658522043713e+00,5.283328290450456377e-02
3.000000000000000000e+00,2.000000000000000000e+00,0.000000000000000000e+00,2.637000000000002120e-01,5.549388115105392538e-01,-1.356985934898798263e+00,4.055850294380178411e+00,5.454430057836592849e-02
3.000000000000000000e+00,2.000000000000000000e+00,0.000000000000000000e+00,2.697000000000002173e-01,5.573423077978174600e-01,-1.354062794950596116e+00,4.058019881223578373e+00,5.716551748805925870e-02
3.000000000000000000e+00,2.000000000000000000e+00,0.000000000000000000e+00,2.737000000000002209e-01,5.589732821882450464e-01,-1.352048790697462533e+00,4.059470573221817702e+00,5.894940374935438154e-02
3.000000000000000000e+00,2.000000000000000000e+00,0.000000000000000000e+00,2.797000000000002262e-01,5.614619904705042686e-01,-1.348926190735303177e+00,4.061650462493133773e+00,6.167969049215293875e-02
3.000000000000000000e+00,2.000000000000000000e+00,0.000000000000000000e+00,2.837000000000002298e-01,5.631488076940294185e-01,-1.346774427600423873e+00,4.063104708263248988e+00,6.353605288361148518e-02
3.000000000000000000e+00,2.000000000000000000e+00,0.000000000000000000e+00,2.897000000000002351e-01,5.657195867479172247e-01,-1.343437561306080275e+00,4.065284729602641534e+00,6.637454052395133641e-02
3.000000000000000000e+00,2.000000000000000000e+00,0.000000000000000000e+00,2.937000000000002387e-01,5.674598258990924959e-01,-1.341137587920631313e+00,4.066735459530283592e+00,6.830259125676581278e-02
3.000000000000000000e+00,2.000000000000000000e+00,0.000000000000000000e+00,2.997000000000002440e-01,5.701084820778179463e-01,-1.337569841892293887e+00,4.068904554057757750e+00,7.124774373543849015e-02
3.000000000000000000e+00,2.000000000000000000e+00,0.000000000000000000e+00,3.037000000000002475e-01,5.718989242366111503e-01,-1.335109917152113690e+00,4.070344080353951455e+00,7.324619527301728938e-02
3.000000000000000000e+00,2.000000000000000000e+00,0.000000000000000000e+00,3.097000000000002529e-01,5.746198990964699327e-01,-1.331292605220732117e+00,4.072490222199381726e+00,7.629563349773084424e-02
3.000000000000000000e+00,2.000000000000000000e+00,0.000000000000000000e+00,3.137000000000002564e-01,5.764562879331264211e-01,-1.328659507307677234e+00,4.073910185531872230e+00,7.836256673934566264e-02
3.000000000000000000e+00,2.000000000000000000e+00,0.000000000000000000e+00,3.197000000000002617e-01,5.792422439720791294e-01,-1.324571561656227248e+00,4.076020300984760425e+00,8.151284567245149770e-02
3.000000000000000000e+00,2.000000000000000000e+00,0.000000000000000000e+00,3.237000000000002653e-01,5.811189668242057182e-01,-1.321750366678449362e+00,4.077411616735167499e+00,8.364554227676301856e-02
3.000000000000000000e+00,2.000000000000000000e+00,0.000000000000000000e+00,3.297000000000002706e-01,5.839602330909651196e-01,-1.317367982058208487e+00,4.079471505440420920e+00,8.689186631721648735e-02
3.000000000000000000e+00,2.000000000000000000e+00,0.000000000000000000e+00,3.337000000000002742e-01,5.858698922390467301e-01,-1.314341810835347957e+00,4.080824313602875009e+00,8.908659380155711793e-02
3.000000000000000000e+00,2.000000000000000000e+00,0.000000000000000000e+00,3.397000000000002795e-01,5.887537147613348676e-01,-1.309638041795924357e+00,4.082818580002555819e+00,9.242245051859239446e-02
3.000000000000000000e+00,2.000000000000000000e+00,0.000000000000000000e+00,3.437000000000002831e-01,5.906865442396413979e-01,-1.306387777206099887e+00,4.084122206125916144e+00,9.467418457577300717e-02
3.000000000000000000e+00,2.000000000000000000e+00,0.000000000000000000e+00,3.497000000000002884e-01,5.935960599256875359e-01,-1.301332096070405342e+00,4.086034215913996626e+00,9.809086936945457524e-02
3.000000000000000000e+00,2.000000000000000000e+00,0.000000000000000000e+00,3.537000000000002919e-01,5.955391222848929189e-01,-1.297836079925539288e+00,4.087277156058703120e+00,1.003929319657439062e-01
3.000000000000000000e+00,2.000000000000000000e+00,0.000000000000000000e+00,3.597000000000002973e-01,5.984519369967528091e-01,-1.292393919074993125e+00,4.089089043597387452e+00,1.038789260215216004e-01
3.000000000000000000e+00,2.000000000000000000e+00,0.000000000000000000e+00,3.637000000000003008e-01,6.003880035213761124e-01,-1.288627653513848781e+00,4.090258996212618570e+00,1.062225099699752318e-01
3.000000000000000000e+00,2.000000000000000000e+00,0.000000000000000000e+00,3.697000000000003062e-01,6.032741985265994700e-01,-1.282759990701263675e+00,4.091951768786772803e+00,1.097626604094950609e-01
3.000000000000000000e+00,2.000000000000000000e+00,0.000000000000000000e+00,3.757000000000003115e-01,6.061259044959855791e-01,-1.276616343502726014e+00,4.093563584916927844e+00,1.133261228361802930e-01
3.000000000000000000e+00,2.000000000000000000e+00,0.000000000000000000e+00,3.797000000000003150e-01,6.079994727702688895e-01,-1.272359026022773953e+00,4.094589576057630076e+00,1.157106349606825402e-01
3.000000000000000000e+00,2.000000000000000000e+00,0.000000000000000000e+00,3.857000000000003204e-01,6.107535289690469993e-01,-1.265717744791258648e+00,4.096050369400332514e+00,1.192936100184142090e-01
3.000000000000000000e+00,2.000000000000000000e+00,0.000000000000000000e+00,3.897000000000003239e-01,6.125418439631453715e-01,-1.261112165742792390e+00,4.096969023594935422e+00,1.216816608044637427e-01
3.000000000000000000e+00,2.000000000000000000e+00,0.000000000000000000e+00,3.957000000000003292e-01,6.151322320658216825e-01,-1.253922911442788113e+00,4.098259118632888054e+00,1.252535427265719092e-01
3.000000000000000000e+00,2.000000000000000000e+00,0.000000000000000000e+00,3.997000000000003328e-01,6.167837185900236774e-01,-1.248934712056414709e+00,4.099057838619420302e+00,1.276218013811974694e-01
3.000000000000000000e+00,2.000000000000000000e+00,0.000000000000000000e+00,4.057000000000003381e-01,6.191194043193400942e-01,-1.241145775963609976e+00,4.100159766466288325e+00,1.311425455080978963e-01
3.000000000000000000e+00,2.000000000000000000e+00,0.000000000000000000e+00,4.097000000000003417e-01,6.205626414157326964e-01,-1.235741307319967452e+00,4.100828376672009057e+00,1.334605288870825412e-01
3.000000000000000000e+00,2.000000000000000000e+00,0.000000000000000000e+00,4.157000000000003470e-01,6.225171310218892140e-01,-1.227305925038431944e+00,4.101730304986566544e+00,1.368779693408976872e-01
3.000000000000000000e+00,2.000000000000000000e+00,0.000000000000000000e+00,4.197000000000003506e-01,6.236526890304537885e-01,-1.221458659470997521e+00,4.102264183159088695e+00,1.391061693965530144e-01
3.000000000000000000e+00,2.000000000000000000e+00,0.000000000000000000e+00,4.257000000000003559e-01,6.250500526051091521e-01,-1.212349616442799816e+00,4.102966374542213579e+00,1.423533272380384518e-01
3.000000000000000000e+00,2.000000000000000000e+00,0.000000000000000000e+00,4.297000000000003594e-01,6.257403515614621270e-01,-1.206054633263236697e+00,4.103372308155897485e+00,1.444417781129853084e-01
3.000000000000000000e+00,2.000000000000000000e+00,0.000000000000000000e+00,4.357000000000003648e-01,6.263404385066766444e-01,-1.196296578876655525e+00,4.103899027825529622e+00,1.474361872863187428e-01
3.000000000000000000e+00,2.000000000000000000e+00,0.000000000000000000e+00,4.397000000000003683e-01,6.264024034525945694e-01,-1.189601873517348141e+00,4.104205734386972892e+00,1.493259895384659308e-01
3.000000000000000000e+00,2.000000000000000000e+00,0.000000000000000000e+00,4.457000000000003737e-01,6.259016823465357593e-01,-1.179338372397413126e+00,4.104625442830394100e+00,1.519779490765579555e-01
3.000000000000000000e+00,2.000000000000000000e+00,0.000000000000000000e+00,4.497000000000003772e-01,6.251243303859091993e-01,-1.172405414424301462e+00,4.104899537468467585e+00,1.536136497598414308e-01
3.000000000000000000e+00,2.000000000000000000e+00,0.000000000000000000e+00,4.557000000000003825e-01,6.232355406045818613e-01,-1.162009481398146749e+00,4.105348034530367229e+00,1.558624286391260549e-01
3.000000000000000000e+00,2.000000000000000000e+00,0.000000000000000000e+00,4.597000000000003861e-01,6.214922700461016358e-01,-1.155183329136395987e+00,4.105701359057928990e+00,1.572325029520230677e-01
3.000000000000000000e+00,2.000000000000000000e+00,0.000000000000000000e+00,4.657000000000003914e-01,6.182327853543958529e-01,-1.145272904472262487e+00,4.106353426348676727e+00,1.591300439850771298e-01
3.000000000000000000e+00,2.000000000000000000e+00,0.000000000000000000e+00,4.697000000000003950e-01,6.157215815538683579e-01,-1.138942993173849727e+00,4.106876983869464759e+00,1.603183964969762121e-01
3.000000000000000000e+00,2.000000000000000000e+00,0.000000000000000000e+00,4.757000000000004003e-01,6.115793663940947145e-01,-1.129853250779450757e+00,4.107782575509155265e+00,1.620157434009456554e-01
3.000000000000000000e+00,2.000000000000000000e+00,0.000000000000000000e+00,4.797000000000004039e-01,6.085896328341912076e-01,-1.124055119464223651e+00,4.108465215990808161e+00,1.630937858945331609e-01
3.000000000000000000e+00,2.000000000000000000e+00,0.000000000000000000e+00,4.857000000000004092e-01,6.038278827644022462e-01,-1.115788544172192864e+00,4.109615357657645518e+00,1.646515696284697183e-01
3.000000000000000000e+00,2.000000000000000000e+00,0.000000000000000000e+00,4.897000000000004127e-01,6.005151507736076200e-01,-1.110558260447432444e+00,4.110461689789244311e+00,1.656617695023392955e-01
3.000000000000000000e+00,2.000000000000000000e+00,0.000000000000000000e+00,4.957000000000004181e-01,5.953967555483766771e-01,-1.103120656261895816e+00,4.111844484267330735e+00,1.671483473093079153e-01
4.000000000000000000e+00,2.000000000000000000e+00,0.000000000000000000e+00,0.000000000000000000e+00,4.150291596573655872e-01,-1.893689781814337447e+00,4.000000000000000000e+00,0.000000000000000000e+00
4.000000000000000000e+00,2.000000000000000000e+00,0.000000000000000000e+00,1.899999999999999996e-03,4.150324693205187376e-01,-1.893686278931096423e+00,4.000006455323565469e+00,2.972353153239525154e-06
4.000000000000000000e+00,2.000000000000000000e+00,0.000000000000000000e+00,7.900000000000000772e-03,4.150863767299749485e-01,-1.893629216288778006e+00,4.000111591205181227e+00,5.139087772395713551e-05
4.000000000000000000e+00,2.000000000000000000e+00,0.000000000000000000e+00,1.190000000000000085e-02,4.151589846786259974e-01,-1.893552334452058838e+00,4.000253175988296661e+00,1.166212821443313565e-04
4.000000000000000000e+00,2.000000000000000000e+00,0.000000000000000000e+00,1.789999999999999925e-02,4.153228941079925018e-01,-1.893378675138353673e+00,4.000572701146636767e+00,2.639412987722302220e-04
4.000000000000000000e+00,2.000000000000000000e+00,0.000000000000000000e+00,2.190000000000000280e-02,4.154688258443864357e-01,-1.893223944037037310e+00,4.000857067920384758e+00,3.951790891129843041e-04
4.000000000000000000e+00,2.000000000000000000e+00,0.000000000000000000e+00,2.790000000000000813e-02,4.157426973093334421e-01,-1.892933255912868651e+00,4.001390455143920555e+00,6.416673208341427351e-04
4.000000000000000000e+00,2.000000000000000000e+00,0.000000000000000000e+00,3.190000000000001168e-02,4.159619170245877351e-01,-1.892700290072648395e+00,4.001817133952902061e+00,8.391496177327846008e-04
4.000000000000000000e+00,2.000000000000000000e+00,0.000000000000000000e+00,3.790000000000001701e-02,4.163456828202428683e-01,-1.892291847823328821e+00,4.002563499822394455e+00,1.185250183538377961e-03
4.000000000000000000e+00,2.000000000000000000e+00,0.000000000000000000e+00,4.190000000000002056e-02,4.166381357883600089e-01,-1.891980064893619584e+00,4.003131782169622177e+00,1.449331643712325080e-03
4.000000000000000000e+00,2.000000000000000000e+00,0.000000000000000000e+00,4.790000000000002589e-02,4.171316990282065706e-01,-1.891452845247540759e+00,4.004089883455258736e+00,1.895663605373978065e-03
4.000000000000000000e+00,2.000000000000000000e+00,0.000000000000000000e+00,5.190000000000002944e-02,4.174973104781472544e-01,-1.891061462165899654e+00,4.004798819405735344e+00,2.226814446544373230e-03
4.000000000000000000e+00,2.000000000000000000e+00,0.000000000000000000e+00,5.790000000000003477e-02,4.181005430174577486e-01,-1.890414137063311406e+00,4.005967047970062644e+00,2.774168325527651743e-03
4.000000000000000000e+00,2.000000000000000000e+00,0.000000000000000000e+00,6.190000000000003832e-02,4.185392164398423764e-01,-1.889942164756016396e+00,4.006815442243221170e+00,3.172971649962701840e-03
4.000000000000000000e+00,2.000000000000000000e+00,0.000000000000000000e+00,6.790000000000004365e-02,4.192519560808051771e-01,-1.889173092418681810e+00,4.008191818400951512e+00,3.822304867375923149e-03
4.000000000000000000e+00,2.000000000000000000e+00,0.000000000000000000e+00,7.190000000000004721e-02,4.197635711270014114e-01,-1.888619329132848801e+00,4.009178225414642860e+00,4.289453248101518859e-03
4.000000000000000000e+00,2.000000000000000000e+00,0.000000000000000000e+00,7.790000000000005254e-02,4.205856179138018902e-01,-1.887726542721618106e+00,4.010760389684056904e+00,5.041884422837503675e-03
4.000000000000000000e+00,2.000000000000000000e+00,0.000000000000000000e+00,8.190000000000005609e-02,4.211700275999413767e-01,-1.887089565658471635e+00,4.011883107500143097e+00,5.578175702273015235e-03
4.000000000000000000e+00,2.000000000000000000e+00,0.000000000000000000e+00,8.790000000000006142e-02,4.221011391346686237e-01,-1.886070759584116407e+00,4.013668310665149619e+00,6.434977723687782154e-03
4.000000000000000000e+00,2.000000000000000000e+00,0.000000000000000000e+00,9.190000000000006497e-02,4.227581663477682494e-01,-1.885348914839068968e+00,4.014925373776712547e+00,7.041309961728692279e-03
4.000000000000000000e+00,2.000000000000000000e+00,0.000000000000000000e+00,9.790000000000007030e-02,4.237980519471150065e-01,-1.884201428207839868e+00,4.016910465155938859e+00,8.003901729159306616e-03
4.000000000000000000e+00,2.000000000000000000e+00,0.000000000000000000e+00,1.019000000000000739e-01,4.245274851025985230e-01,-1.883392818800164514e+00,4.018299636040271849e+00,8.681267220225432832e-03
4.000000000000000000e+00,2.000000000000000000e+00,0.000000000000000000e+00,1.079000000000000792e-01,4.256757985321178439e-01,-1.882113615945079088e+00,4.020481049841833077e+00,9.751203913981990740e-03
4.000000000000000000e+00,2.000000000000000000e+00,0.000000000000000000e+00,1.119000000000000827e-01,4.264773861908968122e-01,-1.881216087747411558e+00,4.021999809190719866e+00,1.050068217170575975e-02
4.000000000000000000e+00,2.000000000000000000e+00,0.000000000000000000e+00,1.179000000000000881e-01,4.277337167193273615e-01,-1.879801735378821892e+00,4.024373548804361711e+00,1.167964388609339307e-02
4.000000000000000000e+00,2.000000000000000000e+00,0.000000000000000000e+00,1.239000000000000934e-01,4.290546294567352259e-01,-1.878304470147146077e+00,4.026860579667170370e+00,1.292487413511964403e-02
4.000000000000000000e+00,2.000000000000000000e+00,0.000000000000000000e+00,1.279000000000000969e-01,4.299710222538878357e-01,-1.877259501479939141e+00,4.028580704382725308e+00,1.379217199436392344e-02
4.000000000000000000e+00,2.000000000000000000e+00,0.000000000000000000e+00,1.339000000000001023e-01,4.313991320897271886e-01,-1.875620698781614193e+00,4.031252724695735701e+00,1.514934145838559010e-02
4.000000000000000000e+00,2.000000000000000000e+00,0.000000000000000000e+00,1.379000000000001058e-01,4.323867868227010414e-01,-1.874479881741642817e+00,4.033094484039620120e+00,1.609190449675515847e-02
4.000000000000000000e+00,2.000000000000000000e+00,0.000000000000000000e+00,1.439000000000001112e-01,4.339214566668723183e-01,-1.872694939597299824e+00,4.035946286925957693e+00,1.756295077150721654e-02
4.000000000000000000e+00,2.000000000000000000e+00,0.000000000000000000e+00,1.479000000000001147e-01,4.349799111932919904e-01,-1.871455038344820965e+00,4.037906042837072107e+00,1.858209476628656931e-02
4.000000000000000000e+00,2.000000000000000000e+00,0.000000000000000000e+00,1.539000000000001200e-01,4.366203861265441355e-01,-1.869518840126501935e+00,4.040931913972477751e+00,2.016902200974594189e-02
4.000000000000000000e+00,2.000000000000000000e+00,0.000000000000000000e+00,1.579000000000001236e-01,4.377490924847224907e-01,-1.868176261380345649e+00,4.043005681067415757e+00,2.126609988935889567e-02
4.000000000000000000e+00,2.000000000000000000e+00,0.000000000000000000e+00,1.639000000000001289e-01,4.394944767972480681e-01,-1.866083131148982277e+00,4.046199370725743094e+00,2.297095624709648981e-02
4.000000000000000000e+00,2.000000000000000000e+00,0.000000000000000000e+00,1.679000000000001325e-01,4.406927842290251363e-01,-1.864633892333102061e+00,4.048382796534792050e+00,2.414734185940645844e-02
4.000000000000000000e+00,2.000000000000000000e+00,0.000000000000000000e+00,1.739000000000001378e-01,4.425420128702970413e-01,-1.862377543636242194e+00,4.051737488152479472e+00,2.597219315769449741e-02
4.000000000000000000e+00,2.000000000000000000e+00,0.000000000000000000e+00,1.779000000000001414e-01,4.438091465665724433e-01,-1.860817236161220967e+00,4.054025830900576111e+00,2.722926231026133459e-02
4.000000000000000000e+00,2.000000000000000000e+00,0.000000000000000000e+00,1.839000000000001467e-01,4.457609497594418602e-01,-1.858390712631131869e+00,4.057534105728015206e+00,2.917616127127851955e-02
4.000000000000000000e+00,2.000000000000000000e+00,0.000000000000000000e+00,1.879000000000001502e-01,4.470959847945569221e-01,-1.856714459219429569e+00,4.059922209345566024e+00,3.051526950829360624e-02
4.000000000000000000e+00,2.000000000000000000e+00,0.000000000000000000e+00,1.939000000000001556e-01,4.491488449122510440e-01,-1.854110065745325331e+00,4.063576006696724363e+00,3.258621960852031707e-02
4.000000000000000000e+00,2.000000000000000000e+00,0.000000000000000000e+00,1.979000000000001591e-01,4.505506745635105559e-01,-1.852312471341646782e+00,4.066058272738370505e+00,3.400867607914848795e-02
4.000000000000000000e+00,2.000000000000000000e+00,0.000000000000000000e+00,2.039000000000001644e-01,4.527027732847213604e-01,-1.849521695483018702e+00,4.069848845375877211e+00,3.620558894421756213e-02
4.000000000000000000e+00,2.000000000000000000e+00,0.000000000000000000e+00,2.079000000000001680e-01,4.541700695038451419e-01,-1.847596791180878606e+00,4.072419201526917831e+00,3.771262547845757873e-02
4.000000000000000000e+00,2.000000000000000000e+00,0.000000000000000000e+00,2.139000000000001733e-01,4.564192211746992411e-01,-1.844610212611111688e+00,4.076337065608593768e+00,4.003727025816511409e-02
4.000000000000000000e+00,2.000000000000000000e+00,0.000000000000000000e+00,2.179000000000001769e-01,4.579503849386208914e-01,-1.842551390390334554e+00,4.078988930312204886e+00,4.163000450706855204e-02
4.000000000000000000e+00,2.000000000000000000e+00,0.000000000000000000e+00,2.239000000000001822e-01,4.602939537692768424e-01,-1.839358574942066671e+00,4.083023809108496494e+00,4.408394740144348095e-02
4.000000000000000000e+00,2.000000000000000000e+00,0.000000000000000000e+00,2.279000000000001858e-01,4.618870539351271898e-01,-1.837158511634840341e+00,4.085750051797684357e+00,4.576333873495460475e-02
4.000000000000000000e+00,2.000000000000000000e+00,0.000000000000000000e+00,2.339000000000001911e-01,4.643218519082373263e-01,-1.833747889303008360e+00,4.089890812545625920e+00,4.834787047652718689e-02
4.000000000000000000e+00,2.000000000000000000e+00,0.000000000000000000e+00,2.379000000000001946e-01,4.659745488386867196e-01,-1.831398459665201539e+00,4.092683709130364278e+00,5.011466689154564502e-02
4.000000000000000000e+00,2.000000000000000000e+00,0.000000000000000000e+00,2.439000000000002000e-01,4.684967061056581339e-01,-1.827757184288265835e+00,4.096918292404839512e+00,5.283071497397301419e-02
4.000000000000000000e+00,2.000000000000000000e+00,0.000000000000000000e+00,2.499000000000002053e-01,4.710690774141067516e-01,-1.823970759079257320e+00,4.101202965808649736e+00,5.562592755121796573e-02
4.000000000000000000e+00,2.000000000000000000e+00,0.000000000000000000e+00,2.539000000000001811e-01,4.728109547482147734e-01,-1.821363144031140857e+00,4.104084815963797261e+00,5.753341017394469903e-02
4.000000000000000000e+00,2.000000000000000000e+00,0.000000000000000000e+00,2.599000000000001864e-01,4.754626502153805334e-01,-1.817322436234819705e+00,4.108441888302774458e+00,6.046059161388653291e-02
4.000000000000000000e+00,2.000000000000000000e+00,0.000000000000000000e+00,2.639000000000001900e-01,4.772553555028983263e-01,-1.814539798844076346e+00,4.111367157159214969e+00,6.245592929027325713e-02
4.000000000000000000e+00,2.000000000000000000e+00,0.000000000000000000e+00,2.699000000000001953e-01,4.799798521027236475e-01,-1.810227807064532568e+00,4.115781766265373953e+00,6.551449925978553024e-02
4.000000000000000000e+00,2.000000000000000000e+00,0.000000000000000000e+00,2.739000000000001989e-01,4.818185628749487859e-01,-1.807258168983061575e+00,4.118740136936354546e+00,6.759703027962091215e-02
4.000000000000000000e+00,2.000000000000000000e+00,0.000000000000000000e+00,2.799000000000002042e-01,4.846078227652180770e-01,-1.802655889469202410e+00,4.123196165249306766e+00,7.078552902434595562e-02
4.000000000000000000e+00,2.000000000000000000e+00,0.000000000000000000e+00,2.839000000000002077e-01,4.864865826817815209e-01,-1.799485846862907357e+00,4.126176446838218048e+00,7.295393291762705679e-02
4.000000000000000000e+00,2.000000000000000000e+00,0.000000000000000000e+00,2.899000000000002131e-01,4.893306536808097462e-01,-1.794571991897319974e+00,4.130656407805100017e+00,7.626978980001355990e-02
4.000000000000000000e+00,2.000000000000000000e+00,0.000000000000000000e+00,2.939000000000002166e-01,4.912420681555931257e-01,-1.791186515131591772e+00,4.133646456916997280e+00,7.852191418385824628e-02
4.000000000000000000e+00,2.000000000000000000e+00,0.000000000000000000e+00,2.999000000000002220e-01,4.941285579386985316e-01,-1.785937191022805015e+00,4.138131373583514794e+00,8.196115485382959864e-02
4.000000000000000000e+00,2.000000000000000000e+00,0.000000000000000000e+00,3.039000000000002255e-01,4.960633909760039373e-01,-1.782319393271704522e+00,4.141118011140092925e+00,8.429379508119495823e-02
4.000000000000000000e+00,2.000000000000000000e+00,0.000000000000000000e+00,3.099000000000002308e-01,4.989767722663289717e-01,-1.776707727436867668e+00,4.145587289030228995e+00,8.785066758942457199e-02
4.000000000000000000e+00,2.000000000000000000e+00,0.000000000000000000e+00,3.139000000000002344e-01,5.009234139420482013e-01,-1.772838600771731832e+00,4.148556215228656363e+00,9.025928460918157537e-02
4.000000000000000000e+00,2.000000000000000000e+00,0.000000000000000000e+00,3.199000000000002397e-01,5.038440982831543513e-01,-1.766834325891289081e+00,4.152987517294374875e+00,9.392577807065544127e-02
4.000000000000000000e+00,2.000000000000000000e+00,0.000000000000000000e+00,3.239000000000002433e-01,5.057878458705578062e-01,-1.762692450553241752e+00,4.155923231783013705e+00,9.640413254186064318e-02
4.000000000000000000e+00,2.000000000000000000e+00,0.000000000000000000e+00,3.299000000000002486e-01,5.086909241961760086e-01,-1.756261447907491391e+00,4.160292367854958151e+00,1.001693488217687833e-01
4.000000000000000000e+00,2.000000000000000000e+00,0.000000000000000000e+00,3.339000000000002522e-01,5.106130029585848051e-01,-1.751822677746276202e+00,4.163178105645213734e+00,1.027090213988988282e-01
4.000000000000000000e+00,2.000000000000000000e+00,0.000000000000000000e+00,3.399000000000002575e-01,5.134665235859654508e-01,-1.744926504595244454e+00,4.167458959970359977e+00,1.065583477917825816e-01
4.000000000000000000e+00,2.000000000000000000e+00,0.000000000000000000e+00,3.439000000000002610e-01,5.153427350438556376e-01,-1.740163661723144628e+00,4.170276666102977536e+00,1.091481034834256292e-01
4.000000000000000000e+00,2.000000000000000000e+00,0.000000000000000000e+00,3.499000000000002664e-01,5.181052983794592892e-01,-1.732759126254082460e+00,4.174441209027293986e+00,1.130621076369916489e-01
4.000000000000000000e+00,2.000000000000000000e+00,0.000000000000000000e+00,3.539000000000002699e-01,5.199041177637792055e-01,-1.727641755952774139e+00,4.177171591231346959e+00,1.156870410180840525e-01
4.000000000000000000e+00,2.000000000000000000e+00,0.000000000000000000e+00,3.599000000000002752e-01,5.225214748990049118e-01,-1.719680658443591525e+00,4.181190054866475769e+00,1.196399775024215018e-01
4.000000000000000000e+00,2.000000000000000000e+00,0.000000000000000000e+00,3.639000000000002788e-01,5.242013411247942178e-01,-1.714174974747834979e+00,4.183812789422876044e+00,1.222803513989336455e-01
4.000000000000000000e+00,2.000000000000000000e+00,0.000000000000000000e+00,3.699000000000002841e-01,5.266014932735337828e-01,-1.705604307042670076e+00,4.187654165571742304e+00,1.262381179717112778e-01
4.000000000000000000e+00,2.000000000000000000e+00,0.000000000000000000e+00,3.759000000000002895e-01,5.288267832366123633e-01,-1.696640859635702769e+00,4.191374276721683501e+00,1.301779083277493643e-01
4.000000000000000000e+00,2.000000000000000000e+00,0.000000000000000000e+00,3.799000000000002930e-01,5.301928806892365342e-01,-1.690436778446112953e+00,4.193781554267524747e+00,1.327850720910708771e-01
4.000000000000000000e+00,2.000000000000000000e+00,0.000000000000000000e+00,3.859000000000002983e-01,5.320296636598814688e-01,-1.680772844458669368e+00,4.197275592251965115e+00,1.366502847374740648e-01
4.000000000000000000e+00,2.000000000000000000e+00,0.000000000000000000e+00,3.899000000000003019e-01,5.330877566280576296e-01,-1.674083312871463169e+00,4.199522981486938811e+00,1.391856118315455138e-01
4.000000000000000000e+00,2.000000000000000000e+00,0.000000000000000000e+00,3.959000000000003072e-01,5.343748754704595871e-01,-1.663666041495893477e+00,4.202765381436489811e+00,1.429042755109313223e-01
4.000000000000000000e+00,2.000000000000000000e+00,0.000000000000000000e+00,3.999000000000003108e-01,5.349981157996251957e-01,-1.656460308861373187e+00,4.204838924612361417e+00,1.453122294518480184e-01
4.000000000000000000e+00,2.000000000000000000e+00,0.000000000000000000e+00,4.059000000000003161e-01,5.355096834092868407e-01,-1.645256114745305087e+00,4.207816095896767195e+00,1.487877616698930761e-01
4.000000000000000000e+00,2.000000000000000000e+00,0.000000000000000000e+00,4.099000000000003197e-01,5.355192358955835896e-01,-1.637525342644825299e+00,4.209713917958341156e+00,1.509938746205438664e-01
4.000000000000000000e+00,2.000000000000000000e+00,0.000000000000000000e+00,4.159000000000003250e-01,5.349358787187116215e-01,-1.625555064470070921e+00,4.212439554120853913e+00,1.540974069645429656e-01
4.000000000000000000e+00,2.000000000000000000e+00,0.000000000000000000e+00,4.199000000000003285e-01,5.340794759538010084e-01,-1.617348269311589259e+00,4.214186665574184865e+00,1.560034448266974516e-01
4.000000000000000000e+00,2.000000000000000000e+00,0.000000000000000000e+00,4.259000000000003339e-01,5.319568633340463482e-01,-1.604771238836209424e+00,4.216734390310616476e+00,1.585693827892967200e-01
4.000000000000000000e+00,2.000000000000000000e+00,0.000000000000000000e+00,4.299000000000003374e-01,5.298948349580536732e-01,-1.596281574374172063e+00,4.218414303506056839e+00,1.600553504371041158e-01
4.000000000000000000e+00,2.000000000000000000e+00,0.000000000000000000e+00,4.359000000000003427e-01,5.256816773164665335e-01,-1.583594746219845417e+00,4.220985734748600393e+00,1.619034988427459076e-01
4.000000000000000000e+00,2.000000000000000000e+00,0.000000000000000000e+00,4.399000000000003463e-01,5.220632089812732302e-01,-1.575353889351955861e+00,4.222801544206797431e+00,1.628692952896431123e-01
4.000000000000000000e+00,2.000000000000000000e+00,0.000000000000000000e+00,4.459000000000003516e-01,5.154542319938713035e-01,-1.563767162401752842e+00,4.225826934825144043e+00,1.639547581716122582e-01
4.000000000000000000e+00,2.000000000000000000e+00,0.000000000000000000e+00,4.499000000000003552e-01,5.104569346386852446e-01,-1.556855863195316880e+00,4.228130662007210105e+00,1.645193401803914102e-01
4.000000000000000000e+00,2.000000000000000000e+00,0.000000000000000000e+00,4.559000000000003605e-01,5.028323155816603052e-01,-1.547929500165613925e+00,4.232034982276251966e+00,1.653884854148299222e-01
4.000000000000000000e+00,2.000000000000000000e+00,0.000000000000000000e+00,4.599000000000003641e-01,4.981190821873360819e-01,-1.542612091417536746e+00,4.234795387319404192e+00,1.661028642201420880e-01
4.000000000000000000e+00,2.000000000000000000e+00,0.000000000000000000e+00,4.659000000000003694e-01,4.913678623770467713e-01,-1.534651078868537022e+00,4.238890791472823771e+00,1.672119092222151271e-01
4.000000000000000000e+00,2.000000000000000000e+00,0.000000000000000000e+00,4.699000000000003729e-01,4.865373213901684202e-01,-1.529470893750421334e+00,4.241686479020536638e+00,1.678031848994915032e-01
4.000000000000000000e+00,2.000000000000000000e+00,0.000000000000000000e+00,4.759000000000003783e-01,4.792552434616455526e-01,-1.522659355318657148e+00,4.246205782867327194e+00,1.687007137963660308e-01
4.000000000000000000e+00,2.000000000000000000e+00,0.000000000000000000e+00,4.799000000000003818e-01,4.746033996317661208e-01,-1.518308636750649310e+00,4.249260888102669220e+00,1.693409925526742632e-01
4.000000000000000000e+00,2.000000000000000000e+00,0.000000000000000000e+00,4.859000000000003872e-01,4.676216641844852528e-01,-1.512248703689349938e+00,4.254009243728151368e+00,1.702761306717240908e-01
4.000000000000000000e+00,2.000000000000000000e+00,0.000000000000000000e+00,4.899000000000003907e-01,4.630548143471124867e-01,-1.508447950741773180e+00,4.257253775856506550e+00,1.709086505069355444e-01
4.000000000000000000e+00,2.000000000000000000e+00,0.000000000000000000e+00,4.959000000000003960e-01,4.563375184301222687e-01,-1.503068601919364866e+00,4.262230544224643758e+00,1.718701605804340005e-01
5.000000000000000000e+00,2.000000000000000000e+00,0.000000000000000000e+00,0.000000000000000000e+00,3.385988061397964266e-01,-2.391216108181499767e+00,4.000000000000000000e+00,0.000000000000000000e+00
5.000000000000000000e+00,2.000000000000000000e+00,0.000000000000000000e+00,2.500000000000000052e-03,3.386059526215876581e-01,-2.391207908576022945e+00,4.000018343863384729e+00,5.301448114608810452e-06
5.000000000000000000e+00,2.000000000000000000e+00,0.000000000000000000e+00,8.500000000000000611e-03,3.386814139899870235e-01,-2.391121308405633084e+00,4.000212035527259680e+00,6.129496321620131146e-05
5.000000000000000000e+00,2.000000000000000000e+00,0.000000000000000000e+00,1.250000000000000069e-02,3.387774412089530895e-01,-2.391011057420608044e+00,4.000458500567326325e+00,1.325864382025644520e-04
5.000000000000000000e+00,2.000000000000000000e+00,0.000000000000000000e+00,1.850000000000000255e-02,3.389900150910015730e-01,-2.390766800238298462e+00,4.001004038752749459e+00,2.905536538400275114e-04
5.000000000000000000e+00,2.000000000000000000e+00,0.000000000000000000e+00,2.250000000000000611e-02,3.391773796854674616e-01,-2.390551284983181812e+00,4.001484815542251994e+00,4.299593236168823096e-04
5.000000000000000000e+00,2.000000000000000000e+00,0.000000000000000000e+00,2.850000000000001144e-02,3.395268088120521055e-01,-2.390148791950811091e+00,4.002381284494253677e+00,6.903769089964921502e-04
5.000000000000000000e+00,2.000000000000000000e+00,0.000000000000000000e+00,3.250000000000001499e-02,3.398052838142765486e-01,-2.389827501148637623e+00,4.003095564803274442e+00,8.983160602216225255e-04
5.000000000000000000e+00,2.000000000000000000e+00,0.000000000000000000e+00,3.850000000000002032e-02,3.402911443434311622e-01,-2.389265816010983201e+00,4.004341454499802389e+00,1.261963830081781366e-03
5.000000000000000000e+00,2.000000000000000000e+00,0.000000000000000000e+00,4.250000000000002387e-02,3.406603913784345683e-01,-2.388837984996185604e+00,4.005288032404043186e+00,1.539055929542289172e-03
5.000000000000000000e+00,2.000000000000000000e+00,0.000000000000000000e+00,4.850000000000002920e-02,3.412820917351654937e-01,-2.388115768099147829e+00,4.006881233464957504e+00,2.007010417673971842e-03
5.000000000000000000e+00,2.000000000000000000e+00,0.000000000000000000e+00,5.250000000000003275e-02,3.417416601808426213e-01,-2.387580374034616870e+00,4.008058501270380880e+00,2.354069981708264026e-03
5.000000000000000000e+00,2.000000000000000000e+00,0.000000000000000000e+00,5.850000000000003808e-02,3.424984395008770499e-01,-2.386695893933620471e+00,4.009996297808032573e+00,2.927695469016362330e-03
5.000000000000000000e+00,2.000000000000000000e+00,0.000000000000000000e+00,6.250000000000004163e-02,3.430477651174476672e-01,-2.386051649335080516e+00,4.011402240583808343e+00,3.345725226471575782e-03
5.000000000000000000e+00,2.000000000000000000e+00,0.000000000000000000e+00,6.850000000000004696e-02,3.439386907872043486e-01,-2.385002771702491309e+00,4.013681300931304818e+00,4.026662191861164405e-03
5.000000000000000000e+00,2.000000000000000000e+00,0.000000000000000000e+00,7.250000000000005052e-02,3.445770937486745122e-01,-2.384248116153232289e+00,4.015313489601637365e+00,4.516844514515302653e-03
5.000000000000000000e+00,2.000000000000000000e+00,0.000000000000000000e+00,7.850000000000005584e-02,3.456010576746429419e-01,-2.383032289914052804e+00,4.017929854834658698e+00,5.306995456933654223e-03
5.000000000000000000e+00,2.000000000000000000e+00,0.000000000000000000e+00,8.250000000000005940e-02,3.463277395004841219e-01,-2.382165379648677472e+00,4.019785437763704117e+00,5.870682012077750589e-03
5.000000000000000000e+00,2.000000000000000000e+00,0.000000000000000000e+00,8.850000000000006473e-02,3.474834527677381213e-01,-2.380779619405050784e+00,4.022734507895940226e+00,6.772194562839468218e-03
5.000000000000000000e+00,2.000000000000000000e+00,0.000000000000000000e+00,9.250000000000006828e-02,3.482974924170025854e-01,-2.379798314344030885e+00,4.024810200873488952e+00,7.410894130453671638e-03
5.000000000000000000e+00,2.000000000000000000e+00,0.000000000000000000e+00,9.850000000000007361e-02,3.495834788194289167e-01,-2.378239179173271989e+00,4.028086718576884273e+00,8.426141362624468487e-03
5.000000000000000000e+00,2.000000000000000000e+00,0.000000000000000000e+00,1.025000000000000772e-01,3.504838276825595345e-01,-2.377141027786673799e+00,4.030378793104564927e+00,9.141505740433524679e-03
5.000000000000000000e+00,2.000000000000000000e+00,0.000000000000000000e+00,1.085000000000000825e-01,3.518984145871756342e-01,-2.375404597046967936e+00,4.033976824805231232e+00,1.027306351937294984e-02
5.000000000000000000e+00,2.000000000000000000e+00,0.000000000000000000e+00,1.125000000000000860e-01,3.528838889228179676e-01,-2.374186818726040205e+00,4.036481094566360284e+00,1.106687137401386224e-02
5.000000000000000000e+00,2.000000000000000000e+00,0.000000000000000000e+00,1.185000000000000914e-01,3.544251938186015471e-01,-2.372268662315048626e+00,4.040394008669061066e+00,1.231749248827605434e-02
5.000000000000000000e+00,2.000000000000000000e+00,0.000000000000000000e+00,1.245000000000000967e-01,3.560415330480109497e-01,-2.370239118863969541e+00,4.044492369427191925e+00,1.364093568551752456e-02
5.000000000000000000e+00,2.000000000000000000e+00,0.000000000000000000e+00,1.285000000000000864e-01,3.571603804449263730e-01,-2.368823268075378241e+00,4.047326255911833925e+00,1.456421585568058383e-02
5.000000000000000000e+00,2.000000000000000000e+00,0.000000000000000000e+00,1.345000000000000917e-01,3.588999493238135829e-01,-2.366603761440088327e+00,4.051727373122009368e+00,1.601142031675846858e-02
5.000000000000000000e+00,2.000000000000000000e+00,0.000000000000000000e+00,1.385000000000000953e-01,3.601001362419449792e-01,-2.365059347878967433e+00,4.054760309900332871e+00,1.701822343684971164e-02
5.000000000000000000e+00,2.000000000000000000e+00,0.000000000000000000e+00,1.445000000000001006e-01,3.619604202800196235e-01,-2.362643945939750356e+00,4.059455611744816395e+00,1.859225499953072458e-02
5.000000000000000000e+00,2.000000000000000000e+00,0.000000000000000000e+00,1.485000000000001041e-01,3.632401760563728765e-01,-2.360966798022801072e+00,4.062681619246013121e+00,1.968464613672543662e-02
5.000000000000000000e+00,2.000000000000000000e+00,0.000000000000000000e+00,1.545000000000001095e-01,3.652183692591115527e-01,-2.358348904172908878e+00,4.067661729017155281e+00,2.138862273319410562e-02
5.000000000000000000e+00,2.000000000000000000e+00,0.000000000000000000e+00,1.585000000000001130e-01,3.665757167549195117e-01,-2.356534389250732886e+00,4.071074278460637963e+00,2.256868691214341388e-02
5.000000000000000000e+00,2.000000000000000000e+00,0.000000000000000000e+00,1.645000000000001183e-01,3.686686809580030921e-01,-2.353706684346905664e+00,4.076328975368419982e+00,2.440573255111463599e-02
5.000000000000000000e+00,2.000000000000000000e+00,0.000000000000000000e+00,1.685000000000001219e-01,3.701014058110926874e-01,-2.351749664760071301e+00,4.079920960860659029e+00,2.567554195250273952e-02
5.000000000000000000e+00,2.000000000000000000e+00,0.000000000000000000e+00,1.745000000000001272e-01,3.723056227525169404e-01,-2.348704035651656419e+00,4.085439135425268375e+00,2.764873429604546018e-02
5.000000000000000000e+00,2.000000000000000000e+00,0.000000000000000000e+00,1.785000000000001308e-01,3.738112384230222740e-01,-2.346598819929876178e+00,4.089202842461673981e+00,2.901031092530169386e-02
5.000000000000000000e+00,2.000000000000000000e+00,0.000000000000000000e+00,1.845000000000001361e-01,3.761227468991956147e-01,-2.343326281801991762e+00,4.094972446374230302e+00,3.112262098126134663e-02
5.000000000000000000e+00,2.000000000000000000e+00,0.000000000000000000e+00,1.885000000000001397e-01,3.776984467691800185e-01,-2.341066566353042333e+00,4.098899516128803100e+00,3.257789337079419756e-02
5.000000000000000000e+00,2.000000000000000000e+00,0.000000000000000000e+00,1.945000000000001450e-01,3.801127666689884110e-01,-2.337557167621910015e+00,4.104907505130242384e+00,3.483211584631440427e-02
5.000000000000000000e+00,2.000000000000000000e+00,0.000000000000000000e+00,1.985000000000001485e-01,3.817553682067327259e-01,-2.335135971489013862e+00,4.108988894152771465e+00,3.638286908563301281e-02
5.000000000000000000e+00,2.000000000000000000e+00,0.000000000000000000e+00,2.045000000000001539e-01,3.842674019485456949e-01,-2.331378688841482028e+00,4.115221163798727488e+00,3.878154097674569450e-02
5.000000000000000000e+00,2.000000000000000000e+00,0.000000000000000000e+00,2.085000000000001574e-01,3.859732730704585335e-01,-2.328788275301303834e+00,4.119447098202108748e+00,4.042935787377953394e-02
5.000000000000000000e+00,2.000000000000000000e+00,0.000000000000000000e+00,2.145000000000001628e-01,3.885771867450598105e-01,-2.324770888184932272e+00,4.125888410755276681e+00,4.297466304311992752e-02
5.000000000000000000e+00,2.000000000000000000e+00,0.000000000000000000e+00,2.185000000000001663e-01,3.903421561901542214e-01,-2.322002677850542707e+00,4.130248334661483334e+00,4.472085488727839397e-02
5.000000000000000000e+00,2.000000000000000000e+00,0.000000000000000000e+00,2.245000000000001716e-01,3.930312245780199776e-01,-2.317711625495978645e+00,4.136882236616934883e+00,4.741451030195367039e-02
5.000000000000000000e+00,2.000000000000000000e+00,0.000000000000000000e+00,2.285000000000001752e-01,3.948504682192731097e-01,-2.314756091291330975e+00,4.141364753396620024e+00,4.926003414704752809e-02
5.000000000000000000e+00,2.000000000000000000e+00,0.000000000000000000e+00,2.345000000000001805e-01,3.976168857677452873e-01,-2.310176307399755657e+00,4.148173482140787627e+00,5.210315418280014876e-02
5.000000000000000000e+00,2.000000000000000000e+00,0.000000000000000000e+00,2.385000000000001841e-01,3.994847818790270289e-01,-2.307022857056054033e+00,4.152766288435012498e+00,5.404851316866968181e-02
5.000000000000000000e+00,2.000000000000000000e+00,0.000000000000000000e+00,2.445000000000001894e-01,4.023194184167311338e-01,-2.302137575100025035e+00,4.159730666497147844e+00,5.704144480357134506e-02
5.000000000000000000e+00,2.000000000000000000e+00,0.000000000000000000e+00,2.505000000000001670e-01,4.051899397189820951e-01,-2.297060158121841500e+00,4.166778596497597853e+00,6.012403675401596648e-02
5.000000000000000000e+00,2.000000000000000000e+00,0.000000000000000000e+00,2.545000000000001705e-01,4.071214595827710725e-01,-2.293564945084935136e+00,4.171519793891285133e+00,6.222868899319156100e-02
5.000000000000000000e+00,2.000000000000000000e+00,0.000000000000000000e+00,2.605000000000001759e-01,4.100420355398595729e-01,-2.288151101161459255e+00,4.178689444619142712e+00,6.545953234564080847e-02
5.000000000000000000e+00,2.000000000000000000e+00,0.000000000000000000e+00,2.645000000000001794e-01,4.120024073277486210e-01,-2.284424387993143402e+00,4.183504135738695062e+00,6.766225304931415552e-02
5.000000000000000000e+00,2.000000000000000000e+00,0.000000000000000000e+00,2.705000000000001847e-01,4.149587935079150358e-01,-2.278651800863128241e+00,4.190772058695007019e+00,7.103863507123667209e-02
5.000000000000000000e+00,2.000000000000000000e+00,0.000000000000000000e+00,2.745000000000001883e-01,4.169376095004188598e-01,-2.274677846941366433e+00,4.195643988355585385e+00,7.333706770431647204e-02
5.000000000000000000e+00,2.000000000000000000e+00,0.000000000000000000e+00,2.805000000000001936e-01,4.199126467533920160e-01,-2.268521520634970035e+00,4.202984822785784225e+00,7.685452529452829751e-02
5.000000000000000000e+00,2.000000000000000000e+00,0.000000000000000000e+00,2.845000000000001972e-01,4.218973130245046166e-01,-2.264282680681764859e+00,4.207896405082625080e+00,7.924500525526172179e-02
5.000000000000000000e+00,2.000000000000000000e+00,0.000000000000000000e+00,2.905000000000002025e-01,4.248701410639664777e-01,-2.257714567382075099e+00,4.215282706080702546e+00,8.289687181841688679e-02
5.000000000000000000e+00,2.000000000000000000e+00,0.000000000000000000e+00,2.945000000000002061e-01,4.268452780173750405e-01,-2.253191025570473904e+00,4.220214905491912916e+00,8.537408500455329063e-02
5.000000000000000000e+00,2.000000000000000000e+00,0.000000000000000000e+00,3.005000000000002114e-01,4.297902967720531597e-01,-2.246179607361774355e+00,4.227616962053835969e+00,8.915090821084137307e-02
5.000000000000000000e+00,2.000000000000000000e+00,0.000000000000000000e+00,3.045000000000002149e-01,4.317369354158472339e-01,-2.241349081559479650e+00,4.232549170263824934e+00,9.170744826343933676e-02
5.000000000000000000e+00,2.000000000000000000e+00,0.000000000000000000e+00,3.105000000000002203e-01,4.346224085234614010e-01,-2.233858903276098040e+00,4.239934820590639752e+00,9.559623069827268005e-02
5.000000000000000000e+00,2.000000000000000000e+00,0.000000000000000000e+00,3.145000000000002238e-01,4.365169067671444414e-01,-2.228696325482413254e+00,4.244844737095588627e+00,9.822201852015990942e-02
5.000000000000000000e+00,2.000000000000000000e+00,0.000000000000000000e+00,3.205000000000002292e-01,4.393030525524957985e-01,-2.220687503444251476e+00,4.252179200300269635e+00,1.022052125392625688e-01
5.000000000000000000e+00,2.000000000000000000e+00,0.000000000000000000e+00,3.245000000000002327e-01,4.411156040873725481e-01,-2.215164689998482483e+00,4.257042732283209396e+00,1.048867223245696645e-01
5.000000000000000000e+00,2.000000000000000000e+00,0.000000000000000000e+00,3.305000000000002380e-01,4.437519535285247008e-01,-2.206592439662700134e+00,4.264288490716897861e+00,1.089408806186537848e-01
5.000000000000000000e+00,2.000000000000000000e+00,0.000000000000000000e+00,3.345000000000002416e-01,4.454444977082420709e-01,-2.200677801837076508e+00,4.269079705565874683e+00,1.116600903966485925e-01
5.000000000000000000e+00,2.000000000000000000e+00,0.000000000000000000e+00,3.405000000000002469e-01,4.478661581160295890e-01,-2.191492078242356367e+00,4.276196503562932349e+00,1.157540200315473056e-01
5.000000000000000000e+00,2.000000000000000000e+00,0.000000000000000000e+00,3.445000000000002505e-01,4.493893999160373798e-01,-2.185150470990952165e+00,4.280887695875873256e+00,1.184869640269462510e-01
5.000000000000000000e+00,2.000000000000000000e+00,0.000000000000000000e+00,3.505000000000002558e-01,4.515116542979995540e-01,-2.175295949844396670e+00,4.287832788133327355e+00,1.225791509554015890e-01
5.000000000000000000e+00,2.000000000000000000e+00,0.000000000000000000e+00,3.545000000000002593e-01,4.528007083697438429e-01,-2.168488867300585987e+00,4.292394782486215199e+00,1.252938786417047146e-01
5.000000000000000000e+00,2.000000000000000000e+00,0.000000000000000000e+00,3.605000000000002647e-01,4.545110305288392327e-01,-2.157905742931895521e+00,4.299123693263778634e+00,1.293288178188992665e-01
5.000000000000000000e+00,2.000000000000000000e+00,0.000000000000000000e+00,3.645000000000002682e-01,4.554788861279553958e-01,-2.150592338976368811e+00,4.303526633355850173e+00,1.319824492062722232e-01
5.000000000000000000e+00,2.000000000000000000e+00,0.000000000000000000e+00,3.705000000000002736e-01,4.566247941112835385e-01,-2.139218991748968346e+00,4.309994965702307113e+00,1.358852835393105918e-01
5.000000000000000000e+00,2.000000000000000000e+00,0.000000000000000000e+00,3.765000000000002789e-01,4.573354152026853359e-01,-2.127343563641324931e+00,4.316287068983861275e+00,1.396619784769695116e-01
5.000000000000000000e+00,2.000000000000000000e+00,0.000000000000000000e+00,3.805000000000002824e-01,4.575222600830365360e-01,-2.119138985961139365e+00,4.320377588570741167e+00,1.420881438412452402e-01
5.000000000000000000e+00,2.000000000000000000e+00,0.000000000000000000e+00,3.865000000000002878e-01,4.572897258227601736e-01,-2.106391974242049159e+00,4.326350022931276129e+00,1.455511293312981014e-01
5.000000000000000000e+00,2.000000000000000000e+00,0.000000000000000000e+00,3.905000000000002913e-01,4.567348248861272109e-01,-2.097599423819834552e+00,4.330220755076730654e+00,1.477154211994418653e-01
5.000000000000000000e+00,2.000000000000000000e+00,0.000000000000000000e+00,3.965000000000002967e-01,4.551816299383611986e-01,-2.083978423570814531e+00,4.335862899808252457e+00,1.506903872624882068e-01
5.000000000000000000e+00,2.000000000000000000e+00,0.000000000000000000e+00,4.005000000000003002e-01,4.535792878682152751e-01,-2.074626171190036672e+00,4.339521668570583302e+00,1.524544225186838520e-01
5.000000000000000000e+00,2.000000000000000000e+00,0.000000000000000000e+00,4.065000000000003055e-01,4.501434795423204793e-01,-2.060250485945951393e+00,4.344881857120218349e+00,1.546929769219828610e-01
5.000000000000000000e+00,2.000000000000000000e+00,0.000000000000000000e+00,4.105000000000003091e-01,4.470346514468858667e-01,-2.050500734057182584e+00,4.348398764951950213e+00,1.558592379967056740e-01
5.000000000000000000e+00,2.000000000000000000e+00,0.000000000000000000e+00,4.165000000000003144e-01,4.408750847619578028e-01,-2.035831627174275127e+00,4.353677931250500066e+00,1.570114066734029923e-01
5.000000000000000000e+00,2.000000000000000000e+00,0.000000000000000000e+00,4.205000000000003180e-01,4.355923573411908944e-01,-2.026233925828024418e+00,4.357289514185311852e+00,1.573135094909558773e-01
5.000000000000000000e+00,2.000000000000000000e+00,0.000000000000000000e+00,4.265000000000003233e-01,4.256219620692243133e-01,-2.012757637358072671e+00,4.363110854533640115e+00,1.569736976683182017e-01
5.000000000000000000e+00,2.000000000000000000e+00,0.000000000000000000e+00,4.305000000000003268e-01,4.175873386996737935e-01,-2.005036708059945827e+00,4.367516818370558163e+00,1.562313485079225017e-01
5.000000000000000000e+00,2.000000000000000000e+00,0.000000000000000000e+00,4.365000000000003322e-01,4.043932891119047524e-01,-1.996973042806227117e+00,4.375506322508811330e+00,1.547729349081623795e-01
5.000000000000000000e+00,2.000000000000000000e+00,0.000000000000000000e+00,4.405000000000003357e-01,3.966448333797020775e-01,-1.994449582095754625e+00,4.381868221003824004e+00,1.542933201812179966e-01
5.000000000000000000e+00,2.000000000000000000e+00,0.000000000000000000e+00,4.465000000000003411e-01,3.897788120118351185e-01,-1.991470679112989695e+00,4.391456325047220943e+00,1.553760698364112236e-01
5.000000000000000000e+00,2.000000000000000000e+00,0.000000000000000000e+00,4.505000000000003446e-01,3.867360171812950775e-01,-1.987112691151251331e+00,4.396821390404985763e+00,1.564971248017757444e-01
5.000000000000000000e+00,2.000000000000000000e+00,0.000000000000000000e+00,4.565000000000003499e-01,3.791352648367546374e-01,-1.978170313251274459e+00,4.404098780401310087e+00,1.566936329166253028e-01
5.000000000000000000e+00,2.000000000000000000e+00,0.000000000000000000e+00,4.605000000000003535e-01,3.716788049060592014e-01,-1.974139124258104783e+00,4.409916908741784880e+00,1.558909823971699193e-01
5.000000000000000000e+00,2.000000000000000000e+00,0.000000000000000000e+00,4.665000000000003588e-01,3.643518786387466291e-01,-1.971644711438467423e+00,4.419914023287753402e+00,1.564450821913677403e-01
5.000000000000000000e+00,2.000000000000000000e+00,0.000000000000000000e+00,4.705000000000003624e-01,3.602316981842993426e-01,-1.967253732050085802e+00,4.425378900849531227e+00,1.568890748007139568e-01
5.000000000000000000e+00,2.000000000000000000e+00,0.000000000000000000e+00,4.765000000000003677e-01,3.522696086284022310e-01,-1.963494285599554301e+00,4.434970826015806722e+00,1.568816081018738484e-01
5.000000000000000000e+00,2.000000000000000000e+00,0.000000000000000000e+00,4.805000000000003713e-01,3.475385724628834994e-01,-1.960169876338696549e+00,4.440985211467219251e+00,1.570063439822534657e-01
5.000000000000000000e+00,2.000000000000000000e+00,0.000000000000000000e+00,4.865000000000003766e-01,3.408393587749168896e-01,-1.956437906574344243e+00,4.450585773949545576e+00,1.573703618238943835e-01
5.000000000000000000e+00,2.000000000000000000e+00,0.000000000000000000e+00,4.905000000000003801e-01,3.364425983689821598e-01,-1.953866105880456727e+00,4.456972214491877082e+00,1.575784765848802227e-01
5.000000000000000000e+00,2.000000000000000000e+00,0.000000000000000000e+00,4.965000000000003855e-01,3.300380920708486099e-01,-1.950266927242345627e+00,4.466704368106138467e+00,1.579094266472560182e-01
6.000000000000000000e+00,2.000000000000000000e+00,0.000000000000000000e+00,0.000000000000000000e+00,2.665046803970260170e-01,-2.895821252419512604e+00,4.000000000000000000e+00,0.000000000000000000e+00
6.000000000000000000e+00,2.000000000000000000e+00,0.000000000000000000e+00,2.500000000000000052e-03,2.665142176807844265e-01,-2.895810614966618957e+00,4.000027220672390804e+00,5.053272655299687014e-06
6.000000000000000000e+00,2.000000000000000000e+00,0.000000000000000000e+00,8.500000000000000611e-03,2.666149127204293090e-01,-2.895698270264211338e+00,4.000314639850002685e+00,5.843391695363825086e-05
6.000000000000000000e+00,2.000000000000000000e+00,0.000000000000000000e+00,1.250000000000000069e-02,2.667430207743984871e-01,-2.895555251257857066e+00,4.000680363830745989e+00,1.264206725298132241e-04
6.000000000000000000e+00,2.000000000000000000e+00,0.000000000000000000e+00,1.850000000000000255e-02,2.670264924336201440e-01,-2.895238427327591069e+00,4.001489853337559133e+00,2.771528231791043815e-04
6.000000000000000000e+00,2.000000000000000000e+00,0.000000000000000000e+00,2.250000000000000611e-02,2.672762112763927833e-01,-2.894958918167945150e+00,4.002203221909820918e+00,4.102732420633040870e-04
6.000000000000000000e+00,2.000000000000000000e+00,0.000000000000000000e+00,2.850000000000001144e-02,2.677415902638874412e-01,-2.894436995843849836e+00,4.003533323612454176e+00,6.591980959012696184e-04
6.000000000000000000e+00,2.000000000000000000e+00,0.000000000000000000e+00,3.250000000000001499e-02,2.681121555477316565e-01,-2.894020449386319083e+00,4.004593050363962625e+00,8.581909973244357046e-04
6.000000000000000000e+00,2.000000000000000000e+00,0.000000000000000000e+00,3.850000000000002032e-02,2.687580208826986783e-01,-2.893292404641932158e+00,4.006441362129111283e+00,1.206679888389481335e-03
6.000000000000000000e+00,2.000000000000000000e+00,0.000000000000000000e+00,4.250000000000002387e-02,2.692483043661321185e-01,-2.892738001249170132e+00,4.007845529875168289e+00,1.472632065944809270e-03
6.000000000000000000e+00,2.000000000000000000e+00,0.000000000000000000e+00,4.850000000000002920e-02,2.700726966516535654e-01,-2.891802396353441829e+00,4.010208700725605979e+00,1.922568276645930489e-03
6.000000000000000000e+00,2.000000000000000000e+00,0.000000000000000000e+00,5.250000000000003275e-02,2.706812169574329685e-01,-2.891109037023488426e+00,4.011954757616049250e+00,2.256900100011522553e-03
6.000000000000000000e+00,2.000000000000000000e+00,0.000000000000000000e+00,5.850000000000003808e-02,2.716816563357772329e-01,-2.889964009755743302e+00,4.014828480877857153e+00,2.810653938728945901e-03
6.000000000000000000e+00,2.000000000000000000e+00,0.000000000000000000e+00,6.250000000000004163e-02,2.724065909080209402e-01,-2.889130308191241614e+00,4.016913235137741012e+00,3.215100567174634331e-03
6.000000000000000000e+00,2.000000000000000000e+00,0.000000000000000000e+00,6.850000000000004696e-02,2.735800947663045157e-01,-2.887773556022761312e+00,4.020292239458299832e+00,3.875498016109731395e-03
6.000000000000000000e+00,2.000000000000000000e+00,0.000000000000000000e+00,7.250000000000005052e-02,2.744192935409394685e-01,-2.886797825038470933e+00,4.022711852632424367e+00,4.352086457706550414e-03
6.000000000000000000e+00,2.000000000000000000e+00,0.000000000000000000e+00,7.850000000000005584e-02,2.757624007578402536e-01,-2.885226584836795283e+00,4.026589890686276263e+00,5.122371837820347516e-03
6.000000000000000000e+00,2.000000000000000000e+00,0.000000000000000000e+00,8.450000000000006117e-02,2.772054157891374326e-01,-2.883525125456718907e+00,4.030763939188703127e+00,5.960305311403409946e-03
6.000000000000000000e+00,2.000000000000000000e+00,0.000000000000000000e+00,8.850000000000006473e-02,2.782221898287174922e-01,-2.882317848347824896e+00,4.033709704042106381e+00,6.557187045287678900e-03
6.000000000000000000e+00,2.000000000000000000e+00,0.000000000000000000e+00,9.450000000000007006e-02,2.798283225594081491e-01,-2.880396460689585325e+00,4.038370725114972082e+00,7.510960085540946407e-03
6.000000000000000000e+00,2.000000000000000000e+00,0.000000000000000000e+00,9.850000000000007361e-02,2.809523399899576113e-01,-2.879041252229018966e+00,4.041638277594915785e+00,8.186416822319211167e-03
6.000000000000000000e+00,2.000000000000000000e+00,0.000000000000000000e+00,1.045000000000000789e-01,2.827169731782683271e-01,-2.876895850229268525e+00,4.046777414836439490e+00,9.260146852315000177e-03
6.000000000000000000e+00,2.000000000000000000e+00,0.000000000000000000e+00,1.085000000000000825e-01,2.839450166946005938e-01,-2.875389799153557746e+00,4.050360506291153406e+00,1.001700850174993065e-02
6.000000000000000000e+00,2.000000000000000000e+00,0.000000000000000000e+00,1.145000000000000878e-01,2.858631161774985996e-01,-2.873015724795235482e+00,4.055967863904515802e+00,1.121505207328990159e-02
6.000000000000000000e+00,2.000000000000000000e+00,0.000000000000000000e+00,1.185000000000000914e-01,2.871916921771437980e-01,-2.871355523497726381e+00,4.059859544598348080e+00,1.205628793148971409e-02
6.000000000000000000e+00,2.000000000000000000e+00,0.000000000000000000e+00,1.245000000000000967e-01,2.892578123745432883e-01,-2.868747500427276442e+00,4.065924161887183530e+00,1.338317935894971569e-02
6.000000000000000000e+00,2.000000000000000000e+00,0.000000000000000000e+00,1.285000000000000864e-01,2.906831523700877939e-01,-2.866929412793755017e+00,4.070116762652645548e+00,1.431185550882223267e-02
6.000000000000000000e+00,2.000000000000000000e+00,0.000000000000000000e+00,1.345000000000000917e-01,2.928914322074112619e-01,-2.864081493777320020e+00,4.076626584255174102e+00,1.577224030434943094e-02
6.000000000000000000e+00,2.000000000000000000e+00,0.000000000000000000e+00,1.385000000000000953e-01,2.944094871910234446e-01,-2.862101317136271472e+00,4.081111695068687872e+00,1.679147343833047035e-02
6.000000000000000000e+00,2.000000000000000000e+00,0.000000000000000000e+00,1.445000000000001006e-01,2.967536353204807131e-01,-2.859006823371400774e+00,4.088053536301755386e+00,1.839003613176921209e-02
6.000000000000000000e+00,2.000000000000000000e+00,0.000000000000000000e+00,1.485000000000001041e-01,2.983600614930650430e-01,-2.856859844755391453e+00,4.092821981368372164e+00,1.950294338590352616e-02
6.000000000000000000e+00,2.000000000000000000e+00,0.000000000000000000e+00,1.545000000000001095e-01,3.008333279683561012e-01,-2.853511295711489204e+00,4.100181487962053062e+00,2.124432895980081157e-02
6.000000000000000000e+00,2.000000000000000000e+00,0.000000000000000000e+00,1.585000000000001130e-01,3.025234623939757617e-01,-2.851192241608729194e+00,4.105223296802327226e+00,2.245397313512277615e-02
6.000000000000000000e+00,2.000000000000000000e+00,0.000000000000000000e+00,1.645000000000001183e-01,3.051185935568078711e-01,-2.847581274237261706e+00,4.112984898207361795e+00,2.434270090460387975e-02
6.000000000000000000e+00,2.000000000000000000e+00,0.000000000000000000e+00,1.705000000000001237e-01,3.077831284362717024e-01,-2.843808439692854240e+00,4.120979756633125213e+00,2.632191561858349127e-02
6.000000000000000000e+00,2.000000000000000000e+00,0.000000000000000000e+00,1.745000000000001272e-01,3.095965910954693867e-01,-2.841201528997267189e+00,4.126436127504694795e+00,2.769239848900801465e-02
6.000000000000000000e+00,2.000000000000000000e+00,0.000000000000000000e+00,1.805000000000001326e-01,3.123701658552275884e-01,-2.837150823129235278e+00,4.134805499962608266e+00,2.982568291538028465e-02
6.000000000000000000e+00,2.000000000000000000e+00,0.000000000000000000e+00,1.845000000000001361e-01,3.142534151317658009e-01,-2.834355064160201554e+00,4.140505336595446728e+00,3.130015891921718307e-02
6.000000000000000000e+00,2.000000000000000000e+00,0.000000000000000000e+00,1.905000000000001414e-01,3.171271000982207044e-01,-2.830015360704054128e+00,4.149230215757026663e+00,3.359123030175904800e-02
6.000000000000000000e+00,2.000000000000000000e+00,0.000000000000000000e+00,1.945000000000001450e-01,3.190739089806674533e-01,-2.827022920117315596e+00,4.155160369612669768e+00,3.517201363261974328e-02
6.000000000000000000e+00,2.000000000000000000e+00,0.000000000000000000e+00,2.005000000000001503e-01,3.220379109929004113e-01,-2.822381807552943656e+00,4.164220294731669547e+00,3.762405980265368100e-02
6.000000000000000000e+00,2.000000000000000000e+00,0.000000000000000000e+00,2.045000000000001539e-01,3.240414211649852438e-01,-2.819183946251230477e+00,4.170366619280223119e+00,3.931306309551184375e-02
6.000000000000000000e+00,2.000000000000000000e+00,0.000000000000000000e+00,2.105000000000001592e-01,3.270849047086469841e-01,-2.814227575504269829e+00,4.179739585671665481e+00,4.192859034543396091e-02
6.000000000000000000e+00,2.000000000000000000e+00,0.000000000000000000e+00,2.145000000000001628e-01,3.291374916790761884e-01,-2.810814539828211611e+00,4.186086871668649678e+00,4.372721493702498574e-02
6.000000000000000000e+00,2.000000000000000000e+00,0.000000000000000000e+00,2.205000000000001681e-01,3.322483499079042502e-01,-2.805527449052497957e+00,4.195749226578965541e+00,4.650786911030742321e-02
6.000000000000000000e+00,2.000000000000000000e+00,0.000000000000000000e+00,2.245000000000001716e-01,3.343414505599931474e-01,-2.801888345443171335e+00,4.202281127669699856e+00,4.841687504191589941e-02
6.000000000000000000e+00,2.000000000000000000e+00,0.000000000000000000e+00,2.305000000000001770e-01,3.375060130857148732e-01,-2.796253258247286322e+00,4.212207450722635471e+00,5.136322811252282128e-02
6.000000000000000000e+00,2.000000000000000000e+00,0.000000000000000000e+00,2.345000000000001805e-01,3.396299056557319229e-01,-2.792375908915908145e+00,4.218906398136454960e+00,5.338257797011079775e-02
6.000000000000000000e+00,2.000000000000000000e+00,0.000000000000000000e+00,2.405000000000001859e-01,3.428325651773027616e-01,-2.786373501736903791e+00,4.229069364413062360e+00,5.649386983144923102e-02
6.000000000000000000e+00,2.000000000000000000e+00,0.000000000000000000e+00,2.445000000000001894e-01,3.449760877867814601e-01,-2.782244278108229274e+00,4.235916469406468821e+00,5.862253851572492291e-02
6.000000000000000000e+00,2.000000000000000000e+00,0.000000000000000000e+00,2.505000000000001670e-01,3.481988215336371262e-01,-2.775852912045286836e+00,4.246286693209582630e+00,6.189636027611690461e-02
6.000000000000000000e+00,2.000000000000000000e+00,0.000000000000000000e+00,2.565000000000001723e-01,3.514237181686029610e-01,-2.769216706034353770e+00,4.256766243298240049e+00,6.526571323317298390e-02
6.000000000000000000e+00,2.000000000000000000e+00,0.000000000000000000e+00,2.605000000000001759e-01,3.535707625151149336e-01,-2.764651955032695341e+00,4.263807493597028930e+00,6.756400021074149276e-02
6.000000000000000000e+00,2.000000000000000000e+00,0.000000000000000000e+00,2.665000000000001812e-01,3.567802638635144685e-01,-2.757586564508290206e+00,4.274442546841313195e+00,7.108757890106462418e-02
6.000000000000000000e+00,2.000000000000000000e+00,0.000000000000000000e+00,2.705000000000001847e-01,3.589082612609946210e-01,-2.752726254963612007e+00,4.281575827927965427e+00,7.348603445163415238e-02
6.000000000000000000e+00,2.000000000000000000e+00,0.000000000000000000e+00,2.765000000000001901e-01,3.620746858483321340e-01,-2.745202461193309684e+00,4.292330755466000625e+00,7.715503062370694665e-02
6.000000000000000000e+00,2.000000000000000000e+00,0.000000000000000000e+00,2.805000000000001936e-01,3.641634141494368704e-01,-2.740025938693662066e+00,4.299531402526340251e+00,7.964664344114924521e-02
6.000000000000000000e+00,2.000000000000000000e+00,0.000000000000000000e+00,2.865000000000001990e-01,3.672533928347224141e-01,-2.732010874948781698e+00,4.310367774147509046e+00,8.344860688944603921e-02
6.000000000000000000e+00,2.000000000000000000e+00,0.000000000000000000e+00,2.905000000000002025e-01,3.692783221046233022e-01,-2.726494896804600554e+00,4.317609173007385337e+00,8.602363790280696809e-02
6.000000000000000000e+00,2.000000000000000000e+00,0.000000000000000000e+00,2.965000000000002078e-01,3.722511143791126242e-01,-2.717951568221823599e+00,4.328485509239207829e+00,8.994150514111814987e-02
6.000000000000000000e+00,2.000000000000000000e+00,0.000000000000000000e+00,3.005000000000002114e-01,3.741820991287615472e-01,-2.712069970807082786e+00,4.335738929245985140e+00,9.258674219106195757e-02
6.000000000000000000e+00,2.000000000000000000e+00,0.000000000000000000e+00,3.065000000000002167e-01,3.769872930504293285e-01,-2.702956743261588191e+00,4.346610453434179178e+00,9.659754171961128233e-02
6.000000000000000000e+00,2.000000000000000000e+00,0.000000000000000000e+00,3.105000000000002203e-01,3.787867694342990643e-01,-2.696680099446537415e+00,4.353844888703362059e+00,9.929529698901186363e-02
6.000000000000000000e+00,2.000000000000000000e+00,0.000000000000000000e+00,3.165000000000002256e-01,3.813610790293095465e-01,-2.686950199583716614e+00,4.364663310242438143e+00,1.033683903903358653e-01
6.000000000000000000e+00,2.000000000000000000e+00,0.000000000000000000e+00,3.205000000000002292e-01,3.829815280838969049e-01,-2.680245509142539451e+00,4.371845358997240361e+00,1.060951243066162175e-01
6.000000000000000000e+00,2.000000000000000000e+00,0.000000000000000000e+00,3.265000000000002345e-01,3.852442335002968510e-01,-2.669846632776559314e+00,4.382558751720871726e+00,1.101897643920158043e-01
6.000000000000000000e+00,2.000000000000000000e+00,0.000000000000000000e+00,3.305000000000002380e-01,3.866245245036346589e-01,-2.662677142160096988e+00,4.389652594484490855e+00,1.129141523375936096e-01
6.000000000000000000e+00,2.000000000000000000e+00,0.000000000000000000e+00,3.365000000000002434e-01,3.884708081443036809e-01,-2.651551388304445922e+00,4.400205501636354377e+00,1.169760068738745773e-01
6.000000000000000000e+00,2.000000000000000000e+00,0.000000000000000000e+00,3.425000000000002487e-01,3.900032875425127887e-01,-2.639959621829209624e+00,4.410634230564034475e+00,1.209846196253158701e-01
6.000000000000000000e+00,2.000000000000000000e+00,0.000000000000000000e+00,3.465000000000002522e-01,3.908216785623263578e-01,-2.631961368912159038e+00,4.417507144479915659e+00,1.236122017728631117e-01
6.000000000000000000e+00,2.000000000000000000e+00,0.000000000000000000e+00,3.525000000000002576e-01,3.916928209747645995e-01,-2.619540954004204725e+00,4.427681205833351896e+00,1.274591714590175562e-01
6.000000000000000000e+00,2.000000000000000000e+00,0.000000000000000000e+00,3.565000000000002611e-01,3.920005181963882035e-01,-2.610968684966476605e+00,4.434364523979829720e+00,1.299422639362565191e-01
6.000000000000000000e+00,2.000000000000000000e+00,0.000000000000000000e+00,3.625000000000002665e-01,3.919801878151595309e-01,-2.597656336194492877e+00,4.444225328943417708e+00,1.335067975171837784e-01
6.000000000000000000e+00,2.000000000000000000e+00,0.000000000000000000e+00,3.665000000000002700e-01,3.915948205463954945e-01,-2.588470841112846088e+00,4.450681700294078169e+00,1.357501895203880871e-01
6.000000000000000000e+00,2.000000000000000000e+00,0.000000000000000000e+00,3.725000000000002753e-01,3.903538131078534978e-01,-2.574217392224594114e+00,4.460178570650957575e+00,1.388617858204737598e-01
6.000000000000000000e+00,2.000000000000000000e+00,0.000000000000000000e+00,3.765000000000002789e-01,3.890092346511797028e-01,-2.564397190556821027e+00,4.466380320350648248e+00,1.407289897688146774e-01
6.000000000000000000e+00,2.000000000000000000e+00,0.000000000000000000e+00,3.825000000000002842e-01,3.860557547483595142e-01,-2.549201182732163673e+00,4.475487946762433111e+00,1.431385906496142058e-01
6.000000000000000000e+00,2.000000000000000000e+00,0.000000000000000000e+00,3.865000000000002878e-01,3.833440536951098210e-01,-2.538779314860332370e+00,4.481435722056282600e+00,1.444259617410033336e-01
6.000000000000000000e+00,2.000000000000000000e+00,0.000000000000000000e+00,3.925000000000002931e-01,3.779013807629675870e-01,-2.522781944170067181e+00,4.490201097956699527e+00,1.457524198039090724e-01
6.000000000000000000e+00,2.000000000000000000e+00,0.000000000000000000e+00,3.965000000000002967e-01,3.731573128838122089e-01,-2.511956357058011680e+00,4.495977245071806294e+00,1.461396411429510267e-01
6.000000000000000000e+00,2.000000000000000000e+00,0.000000000000000000e+00,4.025000000000003020e-01,3.639138153047389301e-01,-2.495752244153972121e+00,4.504666579928272796e+00,1.457655637283906402e-01
6.000000000000000000e+00,2.000000000000000000e+00,0.000000000000000000e+00,4.065000000000003055e-01,3.559806762268380997e-01,-2.485286059493668986e+00,4.510620584273987710e+00,1.447218208501180881e-01
6.000000000000000000e+00,2.000000000000000000e+00,0.000000000000000000e+00,4.125000000000003109e-01,3.406648501313234156e-01,-2.471224650993548266e+00,4.520308952284342929e+00,1.416398081669664466e-01
6.000000000000000000e+00,2.000000000000000000e+00,0.000000000000000000e+00,4.165000000000003144e-01,3.278075825758803852e-01,-2.464398680972101463e+00,4.527922868754294505e+00,1.384373640068929656e-01
6.000000000000000000e+00,2.000000000000000000e+00,0.000000000000000000e+00,4.225000000000003197e-01,3.066691511733884989e-01,-2.463371233444083597e+00,4.543392536202748744e+00,1.329606102294156322e-01
6.000000000000000000e+00,2.000000000000000000e+00,0.000000000000000000e+00,4.285000000000003251e-01,2.989302935531931715e-01,-2.472845148623175060e+00,4.563079764737449473e+00,1.335032515637521178e-01
6.000000000000000000e+00,2.000000000000000000e+00,0.000000000000000000e+00,4.325000000000003286e-01,3.016754769198234376e-01,-2.472568591156292683e+00,4.573065073323386187e+00,1.370737401572453551e-01
6.000000000000000000e+00,2.000000000000000000e+00,0.000000000000000000e+00,4.385000000000003340e-01,3.020602717210556509e-01,-2.461586407594328563e+00,4.583437331595296982e+00,1.402778494678289245e-01
6.000000000000000000e+00,2.000000000000000000e+00,0.000000000000000000e+00,4.425000000000003375e-01,2.963945713479697597e-01,-2.451782739349965823e+00,4.589440404234439441e+00,1.395071333346397657e-01
6.000000000000000000e+00,2.000000000000000000e+00,0.000000000000000000e+00,4.485000000000003428e-01,2.777759436348978261e-01,-2.444322596400755554e+00,4.602311601523408235e+00,1.336888320260178620e-01
6.000000000000000000e+00,2.000000000000000000e+00,0.000000000000000000e+00,4.525000000000003464e-01,2.705221649560544117e-01,-2.451604684400725098e+00,4.616660973918224720e+00,1.326872411279592656e-01
6.000000000000000000e+00,2.000000000000000000e+00,0.000000000000000000e+00,4.585000000000003517e-01,2.745483240194699914e-01,-2.446617874715049545e+00,4.629861212827369066e+00,1.377493930448177584e-01
6.000000000000000000e+00,2.000000000000000000e+00,0.000000000000000000e+00,4.625000000000003553e-01,2.660870747108737833e-01,-2.438132281848571115e+00,4.636591129094683517e+00,1.352571916416010489e-01
6.000000000000000000e+00,2.000000000000000000e+00,0.000000000000000000e+00,4.683761443997277452e-01,2.598589449731912304e-01,-2.442545217061351526e+00,4.654889183146861953e+00,1.354012724764195319e-01
6.000000000000000000e+00,2.000000000000000000e+00,0.000000000000000000e+00,4.721912505115520853e-01,2.555781885395903563e-01,-2.434810295963583560e+00,4.661319209547254871e+00,1.348103132152081440e-01
6.000000000000000000e+00,2.000000000000000000e+00,0.000000000000000000e+00,4.778070754199892911e-01,2.507177951552058137e-01,-2.433794940508496207e+00,4.676235729851900835e+00,1.350980251397384535e-01
6.000000000000000000e+00,2.000000000000000000e+00,0.000000000000000000e+00,4.813910295947741447e-01,2.462026827225663184e-01,-2.433693960449554439e+00,4.686188262624806811e+00,1.344858896456259389e-01
6.000000000000000000e+00,2.000000000000000000e+00,0.000000000000000000e+00,4.871050528241017696e-01,2.399504484733276932e-01,-2.430200574791223644e+00,4.700275695938957554e+00,1.337659720422051945e-01
6.000000000000000000e+00,2.000000000000000000e+00,0.000000000000000000e+00,4.911050528241017732e-01,2.365663363376584449e-01,-2.428259977282145154e+00,4.710423401148155165e+00,1.337723269239180224e-01
6.000000000000000000e+00,2.000000000000000000e+00,0.000000000000000000e+00,4.971050528241017785e-01,2.311546843129093920e-01,-2.425437179218603578e+00,4.725794552842002005e+00,1.335042534129494141e-01
7.000000000000000000e+00,2.000000000000000000e+00,0.000000000000000000e+00,0.000000000000000000e+00,1.856446707251582506e-01,-3.407682343622163934e+00,4.000000000000000000e+00,0.000000000000000000e+00
7.000000000000000000e+00,2.000000000000000000e+00,0.000000000000000000e+00,5.000000000000000104e-03,1.857067816168492813e-01,-3.407624258093275404e+00,4.000151607858137837e+00,1.657357211112842562e-05
7.000000000000000000e+00,2.000000000000000000e+00,0.000000000000000000e+00,1.100000000000000110e-02,1.859450748801511066e-01,-3.407401231343137216e+00,4.000733658498610623e+00,8.030897928008566967e-05
7.000000000000000000e+00,2.000000000000000000e+00,0.000000000000000000e+00,1.700000000000000122e-02,1.863612795160001778e-01,-3.407011016118269620e+00,4.001751775637542252e+00,1.921996459362769537e-04
7.000000000000000000e+00,2.000000000000000000e+00,0.000000000000000000e+00,2.300000000000000655e-02,1.869540839766014872e-01,-3.406453741480501396e+00,4.003205188506068879e+00,3.528206582938518297e-04
7.000000000000000000e+00,2.000000000000000000e+00,0.000000000000000000e+00,2.900000000000001188e-02,1.877216390082115383e-01,-3.405729582402220679e+00,4.005092797573178487e+00,5.629857260267386249e-04
7.000000000000000000e+00,2.000000000000000000e+00,0.000000000000000000e+00,3.300000000000001543e-02,1.883292797393214812e-01,-3.405154199288609629e+00,4.006591732585985000e+00,7.311267328189527837e-04
7.000000000000000000e+00,2.000000000000000000e+00,0.000000000000000000e+00,3.900000000000002076e-02,1.893825970640229672e-01,-3.404152381500908486e+00,4.009199670804138194e+00,1.026295077023353392e-03
7.000000000000000000e+00,2.000000000000000000e+00,0.000000000000000000e+00,4.500000000000002609e-02,1.906033122347777775e-01,-3.402984289699283238e+00,4.012237278963158182e+00,1.374275926185289376e-03
7.000000000000000000e+00,2.000000000000000000e+00,0.000000000000000000e+00,5.100000000000003142e-02,1.919878591558644709e-01,-3.401650167695698723e+00,4.015702268030784339e+00,1.776673499709013632e-03
7.000000000000000000e+00,2.000000000000000000e+00,0.000000000000000000e+00,5.700000000000003675e-02,1.935322930160970623e-01,-3.400150242355055585e+00,4.019592029974109693e+00,2.235276696237241054e-03
7.000000000000000000e+00,2.000000000000000000e+00,0.000000000000000000e+00,6.300000000000004208e-02,1.952323335316479558e-01,-3.398484705682559337e+00,4.023903640221848654e+00,2.752043278239957574e-03
7.000000000000000000e+00,2.000000000000000000e+00,0.000000000000000000e+00,6.700000000000004563e-02,1.964498949833519970e-01,-3.397282412730854961e+00,4.027010820703868177e+00,3.129903510342346793e-03
7.000000000000000000e+00,2.000000000000000000e+00,0.000000000000000000e+00,7.300000000000005096e-02,1.983989959629378907e-01,-3.395341129504663158e+00,4.032018160081477731e+00,3.748365001983372698e-03
7.000000000000000000e+00,2.000000000000000000e+00,0.000000000000000000e+00,7.900000000000005629e-02,2.004909816936897016e-01,-3.393234432444436788e+00,4.037438018663652706e+00,4.430906928821668096e-03
7.000000000000000000e+00,2.000000000000000000e+00,0.000000000000000000e+00,8.500000000000006162e-02,2.027207118329003577e-01,-3.390962222738893139e+00,4.043266329583559582e+00,5.179958821017334111e-03
7.000000000000000000e+00,2.000000000000000000e+00,0.000000000000000000e+00,9.100000000000006695e-02,2.050829056236951609e-01,-3.388524278123284272e+00,4.049498717990202223e+00,5.998037059128654563e-03
7.000000000000000000e+00,2.000000000000000000e+00,0.000000000000000000e+00,9.700000000000007228e-02,2.075721764920604173e-01,-3.385920235221059116e+00,4.056130501697314372e+00,6.887726829569798537e-03
7.000000000000000000e+00,2.000000000000000000e+00,0.000000000000000000e+00,1.010000000000000758e-01,2.092995937332090828e-01,-3.384091679278612208e+00,4.060771125845394458e+00,7.521937735922329393e-03
7.000000000000000000e+00,2.000000000000000000e+00,0.000000000000000000e+00,1.070000000000000812e-01,2.119884961335899154e-01,-3.381209561392843455e+00,4.068057328749976165e+00,8.536855106575258478e-03
7.000000000000000000e+00,2.000000000000000000e+00,0.000000000000000000e+00,1.130000000000000865e-01,2.147898100960084766e-01,-3.378159558057831191e+00,4.075728937076950942e+00,9.630478596512323519e-03
7.000000000000000000e+00,2.000000000000000000e+00,0.000000000000000000e+00,1.190000000000000918e-01,2.176979867206858821e-01,-3.374940645744044510e+00,4.083780137274409583e+00,1.080549398440425538e-02
7.000000000000000000e+00,2.000000000000000000e+00,0.000000000000000000e+00,1.250000000000000833e-01,2.207074755163112023e-01,-3.371551584625929188e+00,4.092204802905386352e+00,1.206457411922933279e-02
7.000000000000000000e+00,2.000000000000000000e+00,0.000000000000000000e+00,1.310000000000000886e-01,2.238127355622147041e-01,-3.367990905091968301e+00,4.100996491389400589e+00,1.341036207982197054e-02
7.000000000000000000e+00,2.000000000000000000e+00,0.000000000000000000e+00,1.350000000000000921e-01,2.259333835031789028e-01,-3.365520940324105315e+00,4.107058192343405523e+00,1.435700958795565682e-02
7.000000000000000000e+00,2.000000000000000000e+00,0.000000000000000000e+00,1.410000000000000975e-01,2.291859806000645372e-01,-3.361670299670673323e+00,4.116446396998926893e+00,1.585304935308010782e-02
7.000000000000000000e+00,2.000000000000000000e+00,0.000000000000000000e+00,1.470000000000001028e-01,2.325196310012204726e-01,-3.357642897285075811e+00,4.126182865217462137e+00,1.744257050051011004e-02
7.000000000000000000e+00,2.000000000000000000e+00,0.000000000000000000e+00,1.530000000000001081e-01,2.359288315169353056e-01,-3.353436308140962829e+00,4.136259954088719049e+00,1.912796163514017544e-02
7.000000000000000000e+00,2.000000000000000000e+00,0.000000000000000000e+00,1.590000000000001135e-01,2.394080703549081590e-01,-3.349047815485713286e+00,4.146669678263009473e+00,2.091150120841728591e-02
7.000000000000000000e+00,2.000000000000000000e+00,0.000000000000000000e+00,1.650000000000001188e-01,2.429518163793645547e-01,-3.344474396326899246e+00,4.157403701646925853e+00,2.279533946899455626e-02
7.000000000000000000e+00,2.000000000000000000e+00,0.000000000000000000e+00,1.690000000000001223e-01,2.453474015857846913e-01,-3.341321077557197761e+00,4.164735604410681802e+00,2.410794875708916277e-02
7.000000000000000000e+00,2.000000000000000000e+00,0.000000000000000000e+00,1.750000000000001277e-01,2.489862468526831407e-01,-3.336431859915220510e+00,4.175990620368822626e+00,2.616331974471137328e-02
7.000000000000000000e+00,2.000000000000000000e+00,0.000000000000000000e+00,1.810000000000001330e-01,2.526745848869313416e-01,-3.331348056852880823e+00,4.187545919168531583e+00,2.832394582536957445e-02
7.000000000000000000e+00,2.000000000000000000e+00,0.000000000000000000e+00,1.870000000000001383e-01,2.564066111773602441e-01,-3.326065399727619720e+00,4.199391792733953466e+00,3.059133266025546721e-02
7.000000000000000000e+00,2.000000000000000000e+00,0.000000000000000000e+00,1.930000000000001437e-01,2.601763738096721790e-01,-3.320579242125373920e+00,4.211518130574823715e+00,3.296675593943210192e-02
7.000000000000000000e+00,2.000000000000000000e+00,0.000000000000000000e+00,1.990000000000001490e-01,2.639777322989697028e-01,-3.314884537668932651e+00,4.223914405043499798e+00,3.545123403925311278e-02
7.000000000000000000e+00,2.000000000000000000e+00,0.000000000000000000e+00,2.030000000000001525e-01,2.665263888658106484e-01,-3.310969526434746513e+00,4.232323158447901079e+00,3.716851275598372778e-02
7.000000000000000000e+00,2.000000000000000000e+00,0.000000000000000000e+00,2.090000000000001579e-01,2.703661066254784417e-01,-3.304914875811229891e+00,4.245144748803757473e+00,3.983621720286199819e-02
7.000000000000000000e+00,2.000000000000000000e+00,0.000000000000000000e+00,2.150000000000001632e-01,2.742197625316125653e-01,-3.298636098491374735e+00,4.258206037760812634e+00,4.261419600110474132e-02
7.000000000000000000e+00,2.000000000000000000e+00,0.000000000000000000e+00,2.210000000000001685e-01,2.780800866088136702e-01,-3.292126483490355415e+00,4.271494821482442639e+00,4.550224034759874775e-02
7.000000000000000000e+00,2.000000000000000000e+00,0.000000000000000000e+00,2.270000000000001739e-01,2.819393458620498838e-01,-3.285378799735187094e+00,4.284998391809803131e+00,4.849971029409853168e-02
7.000000000000000000e+00,2.000000000000000000e+00,0.000000000000000000e+00,2.330000000000001792e-01,2.857892605865438584e-01,-3.278385262293064262e+00,4.298703512609917787e+00,5.160548289905844688e-02
7.000000000000000000e+00,2.000000000000000000e+00,0.000000000000000000e+00,2.370000000000001827e-01,2.883463023488443966e-01,-3.273582207831488233e+00,4.307945446125924782e+00,5.373536808025949907e-02
7.000000000000000000e+00,2.000000000000000000e+00,0.000000000000000000e+00,2.430000000000001881e-01,2.921604457901494367e-01,-3.266159992800768297e+00,4.321955554881123263e+00,5.701764611630394386e-02
7.000000000000000000e+00,2.000000000000000000e+00,0.000000000000000000e+00,2.490000000000001934e-01,2.959397071238987209e-01,-3.258468166324470783e+00,4.336129135339422014e+00,6.040239066860668415e-02
7.000000000000000000e+00,2.000000000000000000e+00,0.000000000000000000e+00,2.550000000000001710e-01,2.996728493894746381e-01,-3.250496569946516701e+00,4.350450780088861436e+00,6.388612670636230340e-02
7.000000000000000000e+00,2.000000000000000000e+00,0.000000000000000000e+00,2.610000000000001763e-01,3.033474835153388005e-01,-3.242234286931025000e+00,4.364904415451519526e+00,6.746452867358156136e-02
7.000000000000000000e+00,2.000000000000000000e+00,0.000000000000000000e+00,2.670000000000001816e-01,3.069498697874862847e-01,-3.233669586672800023e+00,4.379473265357830769e+00,7.113230142632970265e-02
7.000000000000000000e+00,2.000000000000000000e+00,0.000000000000000000e+00,2.710000000000001852e-01,3.093038281904865738e-01,-3.227785590319208087e+00,4.389241221441598562e+00,7.362402120590669230e-02
7.000000000000000000e+00,2.000000000000000000e+00,0.000000000000000000e+00,2.770000000000001905e-01,3.127508341486799348e-01,-3.218688392455502534e+00,4.403962785766021959e+00,7.742588878444700562e-02
7.000000000000000000e+00,2.000000000000000000e+00,0.000000000000000000e+00,2.830000000000001958e-01,3.160804064083901355e-01,-3.209253052201807677e+00,4.418751098252751142e+00,8.129711242354198397e-02
7.000000000000000000e+00,2.000000000000000000e+00,0.000000000000000000e+00,2.890000000000002012e-01,3.192714474998592511e-01,-3.199464319201088536e+00,4.433586468533325942e+00,8.522741947406378693e-02
7.000000000000000000e+00,2.000000000000000000e+00,0.000000000000000000e+00,2.950000000000002065e-01,3.222999149688355880e-01,-3.189305827213332556e+00,4.448448315862763458e+00,8.920463338526440911e-02
7.000000000000000000e+00,2.000000000000000000e+00,0.000000000000000000e+00,2.990000000000002101e-01,3.242151261997207046e-01,-3.182319463431651840e+00,4.458360341238159386e+00,9.187515472862228805e-02
7.000000000000000000e+00,2.000000000000000000e+00,0.000000000000000000e+00,3.050000000000002154e-01,3.269093093767896918e-01,-3.171505106531065099e+00,4.473218047063120650e+00,9.589722882976599305e-02
7.000000000000000000e+00,2.000000000000000000e+00,0.000000000000000000e+00,3.110000000000002207e-01,3.293575133849824255e-01,-3.160271437206682243e+00,4.488042732304850624e+00,9.992164205526693488e-02
7.000000000000000000e+00,2.000000000000000000e+00,0.000000000000000000e+00,3.170000000000002260e-01,3.315186839218057235e-01,-3.148597552870849192e+00,4.502810300376915542e+00,1.039257193740479035e-01
7.000000000000000000e+00,2.000000000000000000e+00,0.000000000000000000e+00,3.230000000000002314e-01,3.333444814226284025e-01,-3.136461308917898538e+00,4.517495701703384547e+00,1.078824566355643666e-01
7.000000000000000000e+00,2.000000000000000000e+00,0.000000000000000000e+00,3.290000000000002367e-01,3.347774789486575031e-01,-3.123839437685990372e+00,4.532073009509343997e+00,1.117595432423715007e-01
7.000000000000000000e+00,2.000000000000000000e+00,0.000000000000000000e+00,3.330000000000002403e-01,3.354811216841223076e-01,-3.115143173262508114e+00,4.541718027467526397e+00,1.142811269957783871e-01
7.000000000000000000e+00,2.000000000000000000e+00,0.000000000000000000e+00,3.390000000000002456e-01,3.360992198574143663e-01,-3.101658116578624558e+00,4.556055749678000311e+00,1.179350108526608376e-01
7.000000000000000000e+00,2.000000000000000000e+00,0.000000000000000000e+00,3.450000000000002509e-01,3.361058984522835580e-01,-3.087622785771281464e+00,4.570213659833100905e+00,1.213859519570193446e-01
7.000000000000000000e+00,2.000000000000000000e+00,0.000000000000000000e+00,3.510000000000002562e-01,3.353821240906176837e-01,-3.073014602192127409e+00,4.584165399369591221e+00,1.245672821718032397e-01
7.000000000000000000e+00,2.000000000000000000e+00,0.000000000000000000e+00,3.570000000000002616e-01,3.337774689344490953e-01,-3.057815140485927063e+00,4.597886700372760593e+00,1.273954732890378860e-01
7.000000000000000000e+00,2.000000000000000000e+00,0.000000000000000000e+00,3.630000000000002669e-01,3.310978364059778967e-01,-3.042014786455656594e+00,4.611357900391499065e+00,1.297639785441440652e-01
7.000000000000000000e+00,2.000000000000000000e+00,0.000000000000000000e+00,3.670000000000002705e-01,3.285907337497590563e-01,-3.031150189035197062e+00,4.620194020748967567e+00,1.310206768808721833e-01
7.000000000000000000e+00,2.000000000000000000e+00,0.000000000000000000e+00,3.730000000000002758e-01,3.235038060045532515e-01,-3.014382395208094589e+00,4.633233826565515301e+00,1.322913194895523059e-01
7.000000000000000000e+00,2.000000000000000000e+00,0.000000000000000000e+00,3.790000000000002811e-01,3.164217289690989809e-01,-2.997130548401568007e+00,4.646045649019403534e+00,1.326128905523122625e-01
7.000000000000000000e+00,2.000000000000000000e+00,0.000000000000000000e+00,3.850000000000002864e-01,3.066927473881497224e-01,-2.979603103724653312e+00,4.658722504331971770e+00,1.316501029697800806e-01
7.000000000000000000e+00,2.000000000000000000e+00,0.000000000000000000e+00,3.910000000000002918e-01,2.932923161492165254e-01,-2.962302045814601659e+00,4.671505445770964826e+00,1.288881701105910049e-01
7.000000000000000000e+00,2.000000000000000000e+00,0.000000000000000000e+00,3.970000000000002971e-01,2.744723478047395027e-01,-2.946557563731005303e+00,4.685045991913006524e+00,1.234718413046335672e-01
7.000000000000000000e+00,2.000000000000000000e+00,0.000000000000000000e+00,4.010000000000003006e-01,2.574384698380265957e-01,-2.938778893793903446e+00,4.695398909850033498e+00,1.176848472621937203e-01
7.000000000000000000e+00,2.000000000000000000e+00,0.000000000000000000e+00,4.070000000000003060e-01,2.235336925122103080e-01,-2.942393711985430649e+00,4.718295394048396929e+00,1.050826498510077922e-01
7.000000000000000000e+00,2.000000000000000000e+00,0.000000000000000000e+00,4.121457246839492217e-01,2.189547898530349035e-01,-2.970402616165474186e+00,4.749482717046508817e+00,1.061231534798787041e-01
7.000000000000000000e+00,2.000000000000000000e+00,0.000000000000000000e+00,4.174854236746572411e-01,2.345796549765526984e-01,-2.971952301917115236e+00,4.768463662206483100e+00,1.164349217516494339e-01
7.000000000000000000e+00,2.000000000000000000e+00,0.000000000000000000e+00,4.234854236746572465e-01,2.412003082631372919e-01,-2.956800551542744238e+00,4.781779437360347274e+00,1.223459369621877346e-01
7.000000000000000000e+00,2.000000000000000000e+00,0.000000000000000000e+00,4.294854236746572518e-01,2.340370447987445424e-01,-2.936468179317784255e+00,4.792741128891941926e+00,1.210844508620668447e-01
7.000000000000000000e+00,2.000000000000000000e+00,0.000000000000000000e+00,4.334854236746572553e-01,2.192377573293963489e-01,-2.924866235444240736e+00,4.801267031932786367e+00,1.149619495008002701e-01
7.000000000000000000e+00,2.000000000000000000e+00,0.000000000000000000e+00,4.391256186463521338e-01,1.869635336828731620e-01,-2.938490704838587320e+00,4.829541160337224248e+00,1.006906118247583165e-01
7.000000000000000000e+00,2.000000000000000000e+00,0.000000000000000000e+00,4.424505952045014179e-01,1.995688416408757104e-01,-2.952998504657948331e+00,4.849120640700918194e+00,1.093652756582396135e-01
7.000000000000000000e+00,2.000000000000000000e+00,0.000000000000000000e+00,4.470948934151108278e-01,2.118323918537482753e-01,-2.941077587276280436e+00,4.859110514239165290e+00,1.179001205188487389e-01
7.000000000000000000e+00,2.000000000000000000e+00,0.000000000000000000e+00,4.530934587113857881e-01,1.949809098427386089e-01,-2.918825285075567155e+00,4.868980734141974409e+00,1.104592978826180183e-01
7.000000000000000000e+00,2.000000000000000000e+00,0.000000000000000000e+00,4.571111697693627240e-01,1.802136823183329850e-01,-2.938669213725947138e+00,4.895537698319650133e+00,1.042384193704400941e-01
7.000000000000000000e+00,2.000000000000000000e+00,0.000000000000000000e+00,4.588062198906957545e-01,1.896444167273679537e-01,-2.940645011369164674e+00,4.902724838592098955e+00,1.104751616522196001e-01
7.000000000000000000e+00,2.000000000000000000e+00,0.000000000000000000e+00,4.624393454555442151e-01,1.949995170471440775e-01,-2.925493050748741553e+00,4.907201646470018552e+00,1.147367643957136196e-01
7.000000000000000000e+00,2.000000000000000000e+00,0.000000000000000000e+00,4.664053704398020139e-01,1.724507769036197347e-01,-2.923690073636408648e+00,4.921542702382051715e+00,1.029467330694680965e-01
7.000000000000000000e+00,2.000000000000000000e+00,0.000000000000000000e+00,4.687062166741119418e-01,1.820722837814946482e-01,-2.932914868007475917e+00,4.935455159139104708e+00,1.099013569651909328e-01
7.000000000000000000e+00,2.000000000000000000e+00,0.000000000000000000e+00,4.715341245261643888e-01,1.832018233061477319e-01,-2.919151869216798367e+00,4.937718756502730955e+00,1.113617244574784670e-01
7.000000000000000000e+00,2.000000000000000000e+00,0.000000000000000000e+00,4.743186519675877677e-01,1.706853549701005668e-01,-2.926836412914603613e+00,4.953277576584850905e+00,1.050291276116015748e-01
7.000000000000000000e+00,2.000000000000000000e+00,0.000000000000000000e+00,4.755761733912470812e-01,1.778321102085000383e-01,-2.926928921982034915e+00,4.957910058972055722e+00,1.099412800371585563e-01
7.000000000000000000e+00,2.000000000000000000e+00,0.000000000000000000e+00,4.779467722916409533e-01,1.723756153379158995e-01,-2.916182774844894521e+00,4.960383707404837139e+00,1.071999523000963100e-01
7.000000000000000000e+00,2.000000000000000000e+00,0.000000000000000000e+00,4.799679267325122622e-01,1.725734711906119767e-01,-2.924401361202438654e+00,4.973205769109966923e+00,1.083427195218776978e-01
7.000000000000000000e+00,2.000000000000000000e+00,0.000000000000000000e+00,4.819085107565243553e-01,1.692145110211181747e-01,-2.915988368702371769e+00,4.975401448821697770e+00,1.067532251184030584e-01
7.000000000000000000e+00,2.000000000000000000e+00,0.000000000000000000e+00,4.836982235595456703e-01,1.707981414010700527e-01,-2.920717635866412643e+00,4.985196170917073566e+00,1.085805620295247353e-01
7.000000000000000000e+00,2.000000000000000000e+00,0.000000000000000000e+00,4.854581917986345307e-01,1.649099694126447413e-01,-2.918815128909290735e+00,4.990891813675888855e+00,1.054470776894215200e-01
7.000000000000000000e+00,2.000000000000000000e+00,0.000000000000000000e+00,4.865016770398100099e-01,1.685465707681136627e-01,-2.917827387487156532e+00,4.994168389012351383e+00,1.081500869425913308e-01
7.000000000000000000e+00,2.000000000000000000e+00,0.000000000000000000e+00,4.881084490356255023e-01,1.658660688843444087e-01,-2.918507211941160584e+00,5.000861696747282537e+00,1.070572755469465787e-01
7.000000000000000000e+00,2.000000000000000000e+00,0.000000000000000000e+00,4.896637363653311703e-01,1.644123736616594222e-01,-2.917612457068532450e+00,5.006319963241895543e+00,1.066807093922024913e-01
7.000000000000000000e+00,2.000000000000000000e+00,0.000000000000000000e+00,4.911995547029113229e-01,1.637769407630710050e-01,-2.915932226831432050e+00,5.011176082656664477e+00,1.068006462843209270e-01
7.000000000000000000e+00,2.000000000000000000e+00,0.000000000000000000e+00,4.930448369458909075e-01,1.620821560554441820e-01,-2.915539905997257097e+00,5.018106587824932241e+00,1.063714278890070669e-01
0.000000000000000000e+00,2.000000000000000000e+00,1.000000000000000000e+00,0.000000000000000000e+00,7.473433688360835436e-01,-1.779246313778709288e-01,4.000000000000000000e+00,0.000000000000000000e+00
0.000000000000000000e+00,2.000000000000000000e+00,1.000000000000000000e+00,2.500000000000000052e-03,7.479744486016486338e-01,-1.779143467760339881e-01,3.997504849084721812e+00,5.940073777244820295e-04
0.000000000000000000e+00,2.000000000000000000e+00,1.000000000000000000e+00,8.500000000000000611e-03,7.495075454725832476e-01,-1.778871522651759296e-01,3.991483482096857216e+00,2.027173900171552051e-03
0.000000000000000000e+00,2.000000000000000000e+00,1.000000000000000000e+00,1.250000000000000069e-02,7.505443049144010503e-01,-1.778670282132480962e-01,3.987442984930662515e+00,2.988537115040994403e-03
0.000000000000000000e+00,2.000000000000000000e+00,1.000000000000000000e+00,1.850000000000000255e-02,7.521218432971653600e-01,-1.778338008875440801e-01,3.981342141095721932e+00,4.439456372625058891e-03
0.000000000000000000e+00,2.000000000000000000e+00,1.000000000000000000e+00,2.250000000000000611e-02,7.531886829494244262e-01,-1.778095912670962786e-01,3.977247749901694274e+00,5.412649582766335468e-03
0.000000000000000000e+00,2.000000000000000000e+00,1.000000000000000000e+00,2.850000000000001144e-02,7.548120427147794187e-01,-1.777701344966996500e-01,3.971064664833664271e+00,6.881304871822660485e-03
0.000000000000000000e+00,2.000000000000000000e+00,1.000000000000000000e+00,3.250000000000001499e-02,7.559099107838775922e-01,-1.777417011638790789e-01,3.966914490940553151e+00,7.866315319337853496e-03
0.000000000000000000e+00,2.000000000000000000e+00,1.000000000000000000e+00,3.850000000000002032e-02,7.575805583103448759e-01,-1.776957967401087413e-01,3.960646260374383942e+00,9.352684723462494770e-03
0.000000000000000000e+00,2.000000000000000000e+00,1.000000000000000000e+00,4.250000000000002387e-02,7.587104627586048755e-01,-1.776629866411571224e-01,3.956438318491297679e+00,1.034949573070576348e-02
0.000000000000000000e+00,2.000000000000000000e+00,1.000000000000000000e+00,4.850000000000002920e-02,7.604299573488312314e-01,-1.776103931502834299e-01,3.950081887933612812e+00,1.185355074552554844e-02
0.000000000000000000e+00,2.000000000000000000e+00,1.000000000000000000e+00,5.250000000000003275e-02,7.615929703827812869e-01,-1.775730371676904618e-01,3.945814088931506536e+00,1.286214074455981071e-02
0.000000000000000000e+00,2.000000000000000000e+00,1.000000000000000000e+00,5.850000000000003808e-02,7.633629713318669241e-01,-1.775134881485521121e-01,3.939366242324880751e+00,1.438384473457647583e-02
0.000000000000000000e+00,2.000000000000000000e+00,1.000000000000000000e+00,6.250000000000004163e-02,7.645602343508132170e-01,-1.774713997940356447e-01,3.935036385322666419e+00,1.540418617592272110e-02
0.000000000000000000e+00,2.000000000000000000e+00,1.000000000000000000e+00,6.850000000000004696e-02,7.663825087464488650e-01,-1.774046016513761426e-01,3.928493732606167299e+00,1.694349263604195965e-02
0.000000000000000000e+00,2.000000000000000000e+00,1.000000000000000000e+00,7.250000000000005052e-02,7.676152378083038741e-01,-1.773575755855548441e-01,3.924099496277690946e+00,1.797555075699467514e-02
0.000000000000000000e+00,2.000000000000000000e+00,1.000000000000000000e+00,7.850000000000005584e-02,7.694916691542651455e-01,-1.772832052260579772e-01,3.917458459709035612e+00,1.953240134669705086e-02
0.000000000000000000e+00,2.000000000000000000e+00,1.000000000000000000e+00,8.250000000000005940e-02,7.707611610240864275e-01,-1.772310155808445586e-01,3.912997392714979927e+00,2.057613277606409885e-02
0.000000000000000000e+00,2.000000000000000000e+00,1.000000000000000000e+00,8.850000000000006473e-02,7.726937587925025719e-01,-1.771487177331873275e-01,3.906254191799937825e+00,2.215045508859127613e-02
0.000000000000000000e+00,2.000000000000000000e+00,1.000000000000000000e+00,9.250000000000006828e-02,7.740013976491988412e-01,-1.770911162090234026e-01,3.901723702234233926e+00,2.320580626064855032e-02
0.000000000000000000e+00,2.000000000000000000e+00,1.000000000000000000e+00,9.850000000000007361e-02,7.759923078832634546e-01,-1.770005003823584000e-01,3.894874337085676430e+00,2.479751128284760076e-02
0.000000000000000000e+00,2.000000000000000000e+00,1.000000000000000000e+00,1.025000000000000772e-01,7.773395727717326009e-01,-1.769372140872929322e-01,3.890271680809353150e+00,2.586441662836490296e-02
0.000000000000000000e+00,2.000000000000000000e+00,1.000000000000000000e+00,1.085000000000000825e-01,7.793910898798201980e-01,-1.768378511144079457e-01,3.883311913730878917e+00,2.747339583870112012e-02
0.000000000000000000e+00,2.000000000000000000e+00,1.000000000000000000e+00,1.125000000000000860e-01,7.807795630097248418e-01,-1.767685801060407680e-01,3.878634181446157125e+00,2.855177571492607813e-02
0.000000000000000000e+00,2.000000000000000000e+00,1.000000000000000000e+00,1.185000000000000914e-01,7.828941429146817343e-01,-1.766599982076346720e-01,3.871559516502886655e+00,3.017789775732090257e-02
0.000000000000000000e+00,2.000000000000000000e+00,1.000000000000000000e+00,1.245000000000000967e-01,7.850478119814412459e-01,-1.765456391106475786e-01,3.864413638934788509e+00,3.181423153378432067e-02
0.000000000000000000e+00,2.000000000000000000e+00,1.000000000000000000e+00,1.285000000000000864e-01,7.865057937582787817e-01,-1.764660929861604499e-01,3.859609279697550743e+00,3.291076293067182051e-02
0.000000000000000000e+00,2.000000000000000000e+00,1.000000000000000000e+00,1.345000000000000917e-01,7.887268283833615001e-01,-1.763416600376999099e-01,3.852340715961492634e+00,3.456397211017712273e-02
0.000000000000000000e+00,2.000000000000000000e+00,1.000000000000000000e+00,1.385000000000000953e-01,7.902306846494200343e-01,-1.762552014856211546e-01,3.847452835825360573e+00,3.567168699217152655e-02
0.000000000000000000e+00,2.000000000000000000e+00,1.000000000000000000e+00,1.445000000000001006e-01,7.925220339819502025e-01,-1.761200894520967286e-01,3.840056305589503172e+00,3.734156144299258240e-02
0.000000000000000000e+00,2.000000000000000000e+00,1.000000000000000000e+00,1.485000000000001041e-01,7.940738034214619434e-01,-1.760262949025742929e-01,3.835081269449292840e+00,3.846030704692719737e-02
0.000000000000000000e+00,2.000000000000000000e+00,1.000000000000000000e+00,1.545000000000001095e-01,7.964386399833233154e-01,-1.758798364800485126e-01,3.827551139174379280e+00,4.014659700822792443e-02
0.000000000000000000e+00,2.000000000000000000e+00,1.000000000000000000e+00,1.585000000000001130e-01,7.980405174238547339e-01,-1.757782386196266866e-01,3.822485065459089615e+00,4.127619207375598370e-02
0.000000000000000000e+00,2.000000000000000000e+00,1.000000000000000000e+00,1.645000000000001183e-01,8.004822595260322471e-01,-1.756196970627735277e-01,3.814815314347963060e+00,4.297860165654974335e-02
0.000000000000000000e+00,2.000000000000000000e+00,1.000000000000000000e+00,1.685000000000001219e-01,8.021366118304240622e-01,-1.755097795550079887e-01,3.809654050938924730e+00,4.411883174694130466e-02
0.000000000000000000e+00,2.000000000000000000e+00,1.000000000000000000e+00,1.745000000000001272e-01,8.046589489506870141e-01,-1.753383401586527668e-01,3.801838232573890419e+00,4.583701134356751861e-02
0.000000000000000000e+00,2.000000000000000000e+00,1.000000000000000000e+00,1.785000000000001308e-01,8.063683330373542235e-01,-1.752195315324187042e-01,3.796577329629684527e+00,4.698762337066737793e-02
0.000000000000000000e+00,2.000000000000000000e+00,1.000000000000000000e+00,1.845000000000001361e-01,8.089752546447690484e-01,-1.750342917521243991e-01,3.788608528610062809e+00,4.872116075643938282e-02
0.000000000000000000e+00,2.000000000000000000e+00,1.000000000000000000e+00,1.885000000000001397e-01,8.107424379903857004e-01,-1.749059583003144402e-01,3.783243207797691632e+00,4.988185655000422492e-02
0.000000000000000000e+00,2.000000000000000000e+00,1.000000000000000000e+00,1.945000000000001450e-01,8.134382663986735595e-01,-1.747059162510078978e-01,3.775113990556240751e+00,5.163026641099441316e-02
0.000000000000000000e+00,2.000000000000000000e+00,1.000000000000000000e+00,1.985000000000001485e-01,8.152662504487403483e-01,-1.745673537468381553e-01,3.769639110088778278e+00,5.280069513539079051e-02
0.000000000000000000e+00,2.000000000000000000e+00,1.000000000000000000e+00,2.045000000000001539e-01,8.180556783998176318e-01,-1.743513947582025492e-01,3.761341468900832652e+00,5.456340669327602866e-02
0.000000000000000000e+00,2.000000000000000000e+00,1.000000000000000000e+00,2.085000000000001574e-01,8.199477254012672578e-01,-1.742018187511754357e-01,3.755751483660756840e+00,5.574315586714012616e-02
0.000000000000000000e+00,2.000000000000000000e+00,1.000000000000000000e+00,2.145000000000001628e-01,8.228358592287022821e-01,-1.739686995823813698e-01,3.747276772656154442e+00,5.751949819172896827e-02
0.000000000000000000e+00,2.000000000000000000e+00,1.000000000000000000e+00,2.185000000000001663e-01,8.247955231091356199e-01,-1.738072339785850795e-01,3.741565688530592126e+00,5.870808300559744730e-02
0.000000000000000000e+00,2.000000000000000000e+00,1.000000000000000000e+00,2.245000000000001716e-01,8.277879325170041103e-01,-1.735555641972368057e-01,3.732904550263671517e+00,6.049726750244149853e-02
0.000000000000000000e+00,2.000000000000000000e+00,1.000000000000000000e+00,2.285000000000001752e-01,8.298190945740624436e-01,-1.733812277548155423e-01,3.727065871628989946e+00,6.169411805120553205e-02
0.000000000000000000e+00,2.000000000000000000e+00,1.000000000000000000e+00,2.345000000000001805e-01,8.329218703007765789e-01,-1.731094476593109666e-01,3.718208152442781245e+00,6.349521747821997020e-02
0.000000000000000000e+00,2.000000000000000000e+00,1.000000000000000000e+00,2.385000000000001841e-01,8.350287806407306057e-01,-1.729211379346458632e-01,3.712234821496006809e+00,6.469966342380718827e-02
0.000000000000000000e+00,2.000000000000000000e+00,1.000000000000000000e+00,2.445000000000001894e-01,8.382486015747016017e-01,-1.726274922354766317e-01,3.703169473511937149e+00,6.651158661656952908e-02
0.000000000000000000e+00,2.000000000000000000e+00,1.000000000000000000e+00,2.505000000000001670e-01,8.415421291710722951e-01,-1.723197916399831497e-01,3.693973831118290807e+00,6.832940084511512913e-02
0.000000000000000000e+00,2.000000000000000000e+00,1.000000000000000000e+00,2.545000000000001705e-01,8.437801391575477927e-01,-1.721064726523360566e-01,3.687768766892742356e+00,6.954429991956830037e-02
0.000000000000000000e+00,2.000000000000000000e+00,1.000000000000000000e+00,2.605000000000001759e-01,8.472028226012869867e-01,-1.717736100024068457e-01,3.678345667253943407e+00,7.137077221912889458e-02
0.000000000000000000e+00,2.000000000000000000e+00,1.000000000000000000e+00,2.645000000000001794e-01,8.495297287575656053e-01,-1.715427349320139405e-01,3.671984429455247056e+00,7.259090907852056018e-02
0.000000000000000000e+00,2.000000000000000000e+00,1.000000000000000000e+00,2.705000000000001847e-01,8.530901792428269292e-01,-1.711822818300769433e-01,3.662319915900153600e+00,7.442436145247485757e-02
0.000000000000000000e+00,2.000000000000000000e+00,1.000000000000000000e+00,2.745000000000001883e-01,8.555120251387039465e-01,-1.709321221815978120e-01,3.655792748001688963e+00,7.564851919368958955e-02
0.000000000000000000e+00,2.000000000000000000e+00,1.000000000000000000e+00,2.805000000000001936e-01,8.592197974099576863e-01,-1.705413061756523296e-01,3.645871457269617810e+00,7.748696357767242970e-02
0.000000000000000000e+00,2.000000000000000000e+00,1.000000000000000000e+00,2.845000000000001972e-01,8.617433016169071536e-01,-1.702698838976405005e-01,3.639167599405357834e+00,7.871369836986745472e-02
0.000000000000000000e+00,2.000000000000000000e+00,1.000000000000000000e+00,2.905000000000002025e-01,8.656090388995834051e-01,-1.698455243207142862e-01,3.628972555096386721e+00,8.055477221433918200e-02
0.000000000000000000e+00,2.000000000000000000e+00,1.000000000000000000e+00,2.945000000000002061e-01,8.682417008773966050e-01,-1.695505642480675257e-01,3.622080093570437143e+00,8.178236533879437720e-02
0.000000000000000000e+00,2.000000000000000000e+00,1.000000000000000000e+00,3.005000000000002114e-01,8.722773093878258832e-01,-1.690889926565919688e-01,3.611592458823245089e+00,8.362325101901563196e-02
0.000000000000000000e+00,2.000000000000000000e+00,1.000000000000000000e+00,3.045000000000002149e-01,8.750275374660184680e-01,-1.687678632747522389e-01,3.604498145239102946e+00,8.484964861078558851e-02
0.000000000000000000e+00,2.000000000000000000e+00,1.000000000000000000e+00,3.105000000000002203e-01,8.792463981841865950e-01,-1.682648238801895124e-01,3.593696924302721918e+00,8.668697170858977175e-02
0.000000000000000000e+00,2.000000000000000000e+00,1.000000000000000000e+00,3.145000000000002238e-01,8.821236655137161264e-01,-1.679144628326075805e-01,3.586385956428572275e+00,8.790970834276767842e-02
0.000000000000000000e+00,2.000000000000000000e+00,1.000000000000000000e+00,3.205000000000002292e-01,8.865408933737035646e-01,-1.673649866373775330e-01,3.575247631534631321e+00,8.973940800941904161e-02
0.000000000000000000e+00,2.000000000000000000e+00,1.000000000000000000e+00,3.245000000000002327e-01,8.895559296617490119e-01,-1.669818060559199457e-01,3.567703385470241351e+00,9.095550881014262401e-02
0.000000000000000000e+00,2.000000000000000000e+00,1.000000000000000000e+00,3.305000000000002380e-01,8.941886937509962996e-01,-1.663800499814879763e-01,3.556201470898032735e+00,9.277267077156244046e-02
0.000000000000000000e+00,2.000000000000000000e+00,1.000000000000000000e+00,3.345000000000002416e-01,8.973537233051244177e-01,-1.659598147707978533e-01,3.548405170552854759e+00,9.397852459036858119e-02
0.000000000000000000e+00,2.000000000000000000e+00,1.000000000000000000e+00,3.405000000000002469e-01,9.022216465152921305e-01,-1.652988535140177961e-01,3.536509659434502684e+00,9.577716346715491047e-02
0.000000000000000000e+00,2.000000000000000000e+00,1.000000000000000000e+00,3.445000000000002505e-01,9.055506869858378494e-01,-1.648365228383575631e-01,3.528439964285126962e+00,9.696835651813978663e-02
0.000000000000000000e+00,2.000000000000000000e+00,1.000000000000000000e+00,3.505000000000002558e-01,9.106763505248335333e-01,-1.641080758855747723e-01,3.516116634626411219e+00,9.874112831137307755e-02
0.000000000000000000e+00,2.000000000000000000e+00,1.000000000000000000e+00,3.545000000000002593e-01,9.141855923305791665e-01,-1.635975937543861780e-01,3.507749119450696451e+00,9.991222287230011601e-02
0.000000000000000000e+00,2.000000000000000000e+00,1.000000000000000000e+00,3.605000000000002647e-01,9.195951806973645670e-01,-1.627916618780365365e-01,3.494958652630421270e+00,1.016500395612808527e-01
0.000000000000000000e+00,2.000000000000000000e+00,1.000000000000000000e+00,3.645000000000002682e-01,9.233034753882010115e-01,-1.622256760027712963e-01,3.486265142219989066e+00,1.027942749568075409e-01
0.000000000000000000e+00,2.000000000000000000e+00,1.000000000000000000e+00,3.705000000000002736e-01,9.290276126338429252e-01,-1.613300488856859727e-01,3.472961987585364341e+00,1.044857792036588684e-01
0.000000000000000000e+00,2.000000000000000000e+00,1.000000000000000000e+00,3.765000000000002789e-01,9.349574277979174619e-01,-1.603735767949571456e-01,3.459326220701174570e+00,1.061428354601704205e-01
0.000000000000000000e+00,2.000000000000000000e+00,1.000000000000000000e+00,3.805000000000002824e-01,9.390319622930033416e-01,-1.596991025653145824e-01,3.450040582642513343e+00,1.072254960494153919e-01
0.000000000000000000e+00,2.000000000000000000e+00,1.000000000000000000e+00,3.865000000000002878e-01,9.453374450054944367e-01,-1.586270014393530436e-01,3.435802397449510881e+00,1.088114164569884412e-01
0.000000000000000000e+00,2.000000000000000000e+00,1.000000000000000000e+00,3.905000000000002913e-01,9.496777113520302738e-01,-1.578686202124134075e-01,3.426092931918536699e+00,1.098399927969172518e-01
0.000000000000000000e+00,2.000000000000000000e+00,1.000000000000000000e+00,3.965000000000002967e-01,9.564071834294692875e-01,-1.566589954197137313e-01,3.411182312720664633e+00,1.113332817670755204e-01
0.000000000000000000e+00,2.000000000000000000e+00,1.000000000000000000e+00,4.005000000000003002e-01,9.610486785362176709e-01,-1.558001729450512185e-01,3.400997858293568932e+00,1.122913891322772917e-01
0.000000000000000000e+00,2.000000000000000000e+00,1.000000000000000000e+00,4.065000000000003055e-01,9.682610847511725627e-01,-1.544247466377212386e-01,3.385330312835887590e+00,1.136637677917428368e-01
0.000000000000000000e+00,2.000000000000000000e+00,1.000000000000000000e+00,4.105000000000003091e-01,9.732474459602835637e-01,-1.534439022053851187e-01,3.374608663114860185e+00,1.145296372568480048e-01
0.000000000000000000e+00,2.000000000000000000e+00,1.000000000000000000e+00,4.165000000000003144e-01,9.810158732493126088e-01,-1.518653275022652793e-01,3.358080598021440544e+00,1.157431133093187181e-01
0.000000000000000000e+00,2.000000000000000000e+00,1.000000000000000000e+00,4.205000000000003180e-01,9.864017056946903228e-01,-1.507335959978773343e-01,3.346744799834759476e+00,1.164871460787629542e-01
0.000000000000000000e+00,2.000000000000000000e+00,1.000000000000000000e+00,4.265000000000003233e-01,9.948185518946160988e-01,-1.489011969573273142e-01,3.329226778715760560e+00,1.174893510266113439e-01
0.000000000000000000e+00,2.000000000000000000e+00,1.000000000000000000e+00,4.305000000000003268e-01,1.000673652040644290e+00,-1.475787979853573906e-01,3.317179643152439628e+00,1.180701388406414087e-01
0.000000000000000000e+00,2.000000000000000000e+00,1.000000000000000000e+00,4.365000000000003322e-01,1.009858495787641308e+00,-1.454214748683058667e-01,3.298506196472629881e+00,1.187865423217313032e-01
0.000000000000000000e+00,2.000000000000000000e+00,1.000000000000000000e+00,4.405000000000003357e-01,1.016274413171334823e+00,-1.438514936285308632e-01,3.285621832244131735e+00,1.191440357689393104e-01
0.000000000000000000e+00,2.000000000000000000e+00,1.000000000000000000e+00,4.465000000000003411e-01,1.026386523488783675e+00,-1.412651623149385749e-01,3.265575371388255377e+00,1.194641362111971417e-01
0.000000000000000000e+00,2.000000000000000000e+00,1.000000000000000000e+00,4.505000000000003446e-01,1.033487245576191649e+00,-1.393621374373865685e-01,3.251685487488372051e+00,1.195070902065098750e-01
0.000000000000000000e+00,2.000000000000000000e+00,1.000000000000000000e+00,4.565000000000003499e-01,1.044746516731472230e+00,-1.361856631969861342e-01,3.229969540405748685e+00,1.192579286455897614e-01
0.000000000000000000e+00,2.000000000000000000e+00,1.000000000000000000e+00,4.605000000000003535e-01,1.052706865998889629e+00,-1.338126575722345668e-01,3.214839973067077139e+00,1.188386628442661686e-01
0.000000000000000000e+00,2.000000000000000000e+00,1.000000000000000000e+00,4.665000000000003588e-01,1.065431010413792068e+00,-1.297765589972873501e-01,3.191031768413036929e+00,1.177283610639529021e-01
0.000000000000000000e+00,2.000000000000000000e+00,1.000000000000000000e+00,4.705000000000003624e-01,1.074510334399461309e+00,-1.266929411585774601e-01,3.174319486534997292e+00,1.165852975001642755e-01
0.000000000000000000e+00,2.000000000000000000e+00,1.000000000000000000e+00,4.765000000000003677e-01,1.089184830111994184e+00,-1.212920485164552808e-01,3.147780216505610351e+00,1.140630012524747883e-01
0.000000000000000000e+00,2.000000000000000000e+00,1.000000000000000000e+00,4.805000000000003713e-01,1.099790956371143213e+00,-1.170102898347076953e-01,3.128950231549412209e+00,1.116632629727644099e-01
0.000000000000000000e+00,2.000000000000000000e+00,1.000000000000000000e+00,4.865000000000003766e-01,1.117193552099487563e+00,-1.091025139233147423e-01,3.098656758708068448e+00,1.064784353633751457e-01
0.000000000000000000e+00,2.000000000000000000e+00,1.000000000000000000e+00,4.905000000000003801e-01,1.129961447094318006e+00,-1.023551366824935471e-01,3.076858095080591493e+00,1.014324523000530026e-01
0.000000000000000000e+00,2.000000000000000000e+00,1.000000000000000000e+00,4.965000000000003855e-01,1.150859455329176884e+00,-8.827497129026644351e-02,3.041604943534266692e+00,8.955503208613357913e-02
1.000000000000000000e+00,2.000000000000000000e+00,1.000000000000000000e+00,0.000000000000000000e+00,6.934219937583256943e-01,-5.478297505824700764e-01,4.000000000000000000e+00,0.000000000000000000e+00
1.000000000000000000e+00,2.000000000000000000e+00,1.000000000000000000e+00,1.899999999999999996e-03,6.939703255537054138e-01,-5.477806279447727800e-01,3.998241563995432291e+00,1.389294011791301778e-03
1.000000000000000000e+00,2.000000000000000000e+00,1.000000000000000000e+00,7.900000000000000772e-03,6.957228868531194488e-01,-5.476175674691146078e-01,3.992665097691760590e+00,5.795679021167233526e-03
1.000000000000000000e+00,2.000000000000000000e+00,1.000000000000000000e+00,1.190000000000000085e-02,6.969091481291527224e-01,-5.475020898792988255e-01,3.988927213521843651e+00,8.749406739875337582e-03
1.000000000000000000e+00,2.000000000000000000e+00,1.000000000000000000e+00,1.789999999999999925e-02,6.987157363457974224e-01,-5.473185621375815657e-01,3.983289202953990582e+00,1.320417423307715388e-02
1.000000000000000000e+00,2.000000000000000000e+00,1.000000000000000000e+00,2.190000000000000280e-02,6.999384794047938119e-01,-5.471892402389754162e-01,3.979509246823961011e+00,1.619011800953103902e-02
1.000000000000000000e+00,2.000000000000000000e+00,1.000000000000000000e+00,2.790000000000000813e-02,7.018005095392696457e-01,-5.469846288674983237e-01,3.973806522762104887e+00,2.069314881207219223e-02
1.000000000000000000e+00,2.000000000000000000e+00,1.000000000000000000e+00,3.190000000000001168e-02,7.030607075519401672e-01,-5.468410289466711927e-01,3.969982328655533355e+00,2.371122590748813569e-02
1.000000000000000000e+00,2.000000000000000000e+00,1.000000000000000000e+00,3.790000000000001701e-02,7.049796857985085596e-01,-5.466146479535044511e-01,3.964211559296543452e+00,2.826238987106263062e-02
1.000000000000000000e+00,2.000000000000000000e+00,1.000000000000000000e+00,4.190000000000002056e-02,7.062783748804140060e-01,-5.464562883116367287e-01,3.960340849002423447e+00,3.131250881307688638e-02
1.000000000000000000e+00,2.000000000000000000e+00,1.000000000000000000e+00,4.790000000000002589e-02,7.082559052355873463e-01,-5.462073772094186985e-01,3.954498528240764976e+00,3.591166043872286856e-02
1.000000000000000000e+00,2.000000000000000000e+00,1.000000000000000000e+00,5.190000000000002944e-02,7.095941890600993007e-01,-5.460337247023424601e-01,3.950578903159679189e+00,3.899371794308312267e-02
1.000000000000000000e+00,2.000000000000000000e+00,1.000000000000000000e+00,5.790000000000003477e-02,7.116319805727676640e-01,-5.457614429749115814e-01,3.944661337701806936e+00,4.364069150257759294e-02
1.000000000000000000e+00,2.000000000000000000e+00,1.000000000000000000e+00,6.390000000000004010e-02,7.137067957860949718e-01,-5.454746998045990614e-01,3.938696769510189988e+00,4.831626823158222117e-02
1.000000000000000000e+00,2.000000000000000000e+00,1.000000000000000000e+00,6.790000000000004365e-02,7.151109101803990731e-01,-5.452753299006483090e-01,3.934693565028456241e+00,5.144917310602033222e-02
1.000000000000000000e+00,2.000000000000000000e+00,1.000000000000000000e+00,7.390000000000004898e-02,7.172489597363950198e-01,-5.449636888201041529e-01,3.928647417605840797e+00,5.617225063766229098e-02
1.000000000000000000e+00,2.000000000000000000e+00,1.000000000000000000e+00,7.790000000000005254e-02,7.186958924369203361e-01,-5.447473693520925586e-01,3.924588431279537826e+00,5.933674434211970439e-02
1.000000000000000000e+00,2.000000000000000000e+00,1.000000000000000000e+00,8.390000000000005786e-02,7.208991978928576128e-01,-5.444097501985499798e-01,3.918456454644286158e+00,6.410707703772434984e-02
1.000000000000000000e+00,2.000000000000000000e+00,1.000000000000000000e+00,8.790000000000006142e-02,7.223903415796600891e-01,-5.441757262441559995e-01,3.914338773058691601e+00,6.730298205997316263e-02
1.000000000000000000e+00,2.000000000000000000e+00,1.000000000000000000e+00,9.390000000000006675e-02,7.246610623081141123e-01,-5.438109419307283199e-01,3.908116471820398452e+00,7.212028089787593521e-02
1.000000000000000000e+00,2.000000000000000000e+00,1.000000000000000000e+00,9.790000000000007030e-02,7.261979052395104439e-01,-5.435583840855692239e-01,3.903937011388981304e+00,7.534738806672265643e-02
1.000000000000000000e+00,2.000000000000000000e+00,1.000000000000000000e+00,1.039000000000000756e-01,7.285383498487681964e-01,-5.431651306618976438e-01,3.897619624497731916e+00,8.021131213665744220e-02
1.000000000000000000e+00,2.000000000000000000e+00,1.000000000000000000e+00,1.079000000000000792e-01,7.301224838821703811e-01,-5.428931279720431435e-01,3.893375117250168937e+00,8.346937456893015195e-02
1.000000000000000000e+00,2.000000000000000000e+00,1.000000000000000000e+00,1.139000000000000845e-01,7.325351229011689558e-01,-5.424699733092803733e-01,3.886957595538436561e+00,8.837952136749240017e-02
1.000000000000000000e+00,2.000000000000000000e+00,1.000000000000000000e+00,1.179000000000000881e-01,7.341682524124998332e-01,-5.421775252191062267e-01,3.882644573342632910e+00,9.166824754913895090e-02
1.000000000000000000e+00,2.000000000000000000e+00,1.000000000000000000e+00,1.239000000000000934e-01,7.366557324138653939e-01,-5.417228961068356607e-01,3.876121554565003624e+00,9.662414186665194138e-02
1.000000000000000000e+00,2.000000000000000000e+00,1.000000000000000000e+00,1.299000000000000987e-01,7.391894664407914206e-01,-5.412485630354995081e-01,3.869532523113514255e+00,1.016072216234268910e-01
1.000000000000000000e+00,2.000000000000000000e+00,1.000000000000000000e+00,1.339000000000001023e-01,7.409048436025134077e-01,-5.409210706697119564e-01,3.865102112599685391e+00,1.049442688633108189e-01
1.000000000000000000e+00,2.000000000000000000e+00,1.000000000000000000e+00,1.399000000000001076e-01,7.435180593356340850e-01,-5.404124149685887168e-01,3.858398282684854852e+00,1.099721519709604134e-01
1.000000000000000000e+00,2.000000000000000000e+00,1.000000000000000000e+00,1.439000000000001112e-01,7.452874646971735517e-01,-5.400613865915431244e-01,3.853889271434569608e+00,1.133388356677293707e-01
1.000000000000000000e+00,2.000000000000000000e+00,1.000000000000000000e+00,1.499000000000001165e-01,7.479833449707851134e-01,-5.395163937503240081e-01,3.847064328408320577e+00,1.184107930786380825e-01
1.000000000000000000e+00,2.000000000000000000e+00,1.000000000000000000e+00,1.539000000000001200e-01,7.498089791765337742e-01,-5.391404199905971417e-01,3.842472366974978293e+00,1.218065860543003365e-01
1.000000000000000000e+00,2.000000000000000000e+00,1.000000000000000000e+00,1.599000000000001254e-01,7.525909490899683751e-01,-5.385568703714519456e-01,3.835519566626492072e+00,1.269217599251837580e-01
1.000000000000000000e+00,2.000000000000000000e+00,1.000000000000000000e+00,1.639000000000001289e-01,7.544751820113182461e-01,-5.381543973013096505e-01,3.830840005666655834e+00,1.303460421933343161e-01
1.000000000000000000e+00,2.000000000000000000e+00,1.000000000000000000e+00,1.699000000000001342e-01,7.573469328510511467e-01,-5.375298417845645327e-01,3.823752132329538700e+00,1.355034241577428300e-01
1.000000000000000000e+00,2.000000000000000000e+00,1.000000000000000000e+00,1.739000000000001378e-01,7.592923205325701197e-01,-5.370991534597594486e-01,3.818979992956508251e+00,1.389554672724319651e-01
1.000000000000000000e+00,2.000000000000000000e+00,1.000000000000000000e+00,1.799000000000001431e-01,7.622578368111144753e-01,-5.364308852424467533e-01,3.811749312253513988e+00,1.441538730368980281e-01
1.000000000000000000e+00,2.000000000000000000e+00,1.000000000000000000e+00,1.839000000000001467e-01,7.642671406541292622e-01,-5.359700834475223941e-01,3.806879252543740044e+00,1.476328217568744217e-01
1.000000000000000000e+00,2.000000000000000000e+00,1.000000000000000000e+00,1.899000000000001520e-01,7.673307307676616729e-01,-5.352551052661934650e-01,3.799497457912404119e+00,1.528708612783448717e-01
1.000000000000000000e+00,2.000000000000000000e+00,1.000000000000000000e+00,1.959000000000001573e-01,7.704553808631395828e-01,-5.345105274566001041e-01,3.792020747257016655e+00,1.581319152631318059e-01
1.000000000000000000e+00,2.000000000000000000e+00,1.000000000000000000e+00,1.999000000000001609e-01,7.725732704202605827e-01,-5.339970718105482295e-01,3.786981886918099338e+00,1.616517543251565214e-01
1.000000000000000000e+00,2.000000000000000000e+00,1.000000000000000000e+00,2.059000000000001662e-01,7.758036503350527191e-01,-5.332002863681142291e-01,3.779339427014036357e+00,1.669496999008969196e-01
1.000000000000000000e+00,2.000000000000000000e+00,1.000000000000000000e+00,2.099000000000001698e-01,7.779937620078659632e-01,-5.326507478585136290e-01,3.774186770615253650e+00,1.704934612313764031e-01
1.000000000000000000e+00,2.000000000000000000e+00,1.000000000000000000e+00,2.159000000000001751e-01,7.813351980921418027e-01,-5.317978064040640440e-01,3.766368461385567912e+00,1.758261921840894859e-01
1.000000000000000000e+00,2.000000000000000000e+00,1.000000000000000000e+00,2.199000000000001787e-01,7.836012363125577362e-01,-5.312094042499320157e-01,3.761095005653595891e+00,1.793923548854610694e-01
1.000000000000000000e+00,2.000000000000000000e+00,1.000000000000000000e+00,2.259000000000001840e-01,7.870595296800568796e-01,-5.302958959177563880e-01,3.753089912816597984e+00,1.847573986947018965e-01
1.000000000000000000e+00,2.000000000000000000e+00,1.000000000000000000e+00,2.299000000000001875e-01,7.894055337119346705e-01,-5.296655189993524360e-01,3.747688066617928637e+00,1.883441767183688664e-01
1.000000000000000000e+00,2.000000000000000000e+00,1.000000000000000000e+00,2.359000000000001929e-01,7.929870174084467926e-01,-5.286865011808700165e-01,3.739484322744592415e+00,1.937386284694010974e-01
1.000000000000000000e+00,2.000000000000000000e+00,1.000000000000000000e+00,2.399000000000001964e-01,7.954174023267219784e-01,-5.280106576475603886e-01,3.733945836208305114e+00,1.973439222822518935e-01
1.000000000000000000e+00,2.000000000000000000e+00,1.000000000000000000e+00,2.459000000000002017e-01,7.991290075231612944e-01,-5.269605733214116627e-01,3.725530526304567935e+00,2.027643649639682688e-01
1.000000000000000000e+00,2.000000000000000000e+00,1.000000000000000000e+00,2.519000000000001793e-01,8.029222898543491027e-01,-5.258648895416175861e-01,3.716981592664221790e+00,2.081985134097921741e-01
1.000000000000000000e+00,2.000000000000000000e+00,1.000000000000000000e+00,2.559000000000001829e-01,8.054979447459668096e-01,-5.251079087161518721e-01,3.711205437240831184e+00,2.118281109063555046e-01
1.000000000000000000e+00,2.000000000000000000e+00,1.000000000000000000e+00,2.619000000000001882e-01,8.094338794937014914e-01,-5.239307338076777398e-01,3.702421754620590200e+00,2.172814687340558493e-01
1.000000000000000000e+00,2.000000000000000000e+00,1.000000000000000000e+00,2.659000000000001918e-01,8.121075176788663530e-01,-5.231169563096631503e-01,3.696483796993529580e+00,2.209221991190957746e-01
1.000000000000000000e+00,2.000000000000000000e+00,1.000000000000000000e+00,2.719000000000001971e-01,8.161949848399886465e-01,-5.218506174724312219e-01,3.687449047209874653e+00,2.263895099818695189e-01
1.000000000000000000e+00,2.000000000000000000e+00,1.000000000000000000e+00,2.759000000000002006e-01,8.189728294188549640e-01,-5.209745833889071198e-01,3.681337880439465415e+00,2.300375602877882675e-01
1.000000000000000000e+00,2.000000000000000000e+00,1.000000000000000000e+00,2.819000000000002060e-01,8.232216520654073166e-01,-5.196103250604464652e-01,3.672034102628332519e+00,2.355125928346501474e-01
1.000000000000000000e+00,2.000000000000000000e+00,1.000000000000000000e+00,2.859000000000002095e-01,8.261105988188646165e-01,-5.186657887113150789e-01,3.665737148840940485e+00,2.391634357930559340e-01
1.000000000000000000e+00,2.000000000000000000e+00,1.000000000000000000e+00,2.919000000000002149e-01,8.305316813424692413e-01,-5.171935692431695042e-01,3.656144501037849714e+00,2.446387786252244290e-01
1.000000000000000000e+00,2.000000000000000000e+00,1.000000000000000000e+00,2.959000000000002184e-01,8.335393992416108011e-01,-5.161733482791881489e-01,3.649647838042258119e+00,2.482870197914883725e-01
1.000000000000000000e+00,2.000000000000000000e+00,1.000000000000000000e+00,3.019000000000002237e-01,8.381448921229956994e-01,-5.145815871351959725e-01,3.639744312835293538e+00,2.537538241824803253e-01
1.000000000000000000e+00,2.000000000000000000e+00,1.000000000000000000e+00,3.059000000000002273e-01,8.412799434918409869e-01,-5.134773740488348670e-01,3.633032466645433445e+00,2.573930092549234216e-01
1.000000000000000000e+00,2.000000000000000000e+00,1.000000000000000000e+00,3.119000000000002326e-01,8.460834409215951535e-01,-5.117526344834651963e-01,3.622793549712955752e+00,2.628406633321352381e-01
1.000000000000000000e+00,2.000000000000000000e+00,1.000000000000000000e+00,3.179000000000002379e-01,8.510129547525632221e-01,-5.099407385183954977e-01,3.612340435890635248e+00,2.682708473905081603e-01
1.000000000000000000e+00,2.000000000000000000e+00,1.000000000000000000e+00,3.219000000000002415e-01,8.543722045100823337e-01,-5.086813453965897125e-01,3.605247501512710784e+00,2.718787448705142218e-01
1.000000000000000000e+00,2.000000000000000000e+00,1.000000000000000000e+00,3.279000000000002468e-01,8.595250909704242881e-01,-5.067100651781941689e-01,3.594413494353834615e+00,2.772680472871431601e-01
1.000000000000000000e+00,2.000000000000000000e+00,1.000000000000000000e+00,3.319000000000002504e-01,8.630392452177205742e-01,-5.053379126823422940e-01,3.587055928790726433e+00,2.808431779521802230e-01
1.000000000000000000e+00,2.000000000000000000e+00,1.000000000000000000e+00,3.379000000000002557e-01,8.684341024244939256e-01,-5.031868026599690680e-01,3.575807827247490245e+00,2.861741302670663956e-01
1.000000000000000000e+00,2.000000000000000000e+00,1.000000000000000000e+00,3.419000000000002593e-01,8.721163800898799057e-01,-5.016870253697223170e-01,3.568162071334523233e+00,2.897036153787114210e-01
1.000000000000000000e+00,2.000000000000000000e+00,1.000000000000000000e+00,3.479000000000002646e-01,8.777743858213041817e-01,-4.993316937323977189e-01,3.556462190046643101e+00,2.949547939881759229e-01
1.000000000000000000e+00,2.000000000000000000e+00,1.000000000000000000e+00,3.519000000000002681e-01,8.816398824399573897e-01,-4.976864722667593832e-01,3.548501419513875987e+00,2.984227745303802970e-01
1.000000000000000000e+00,2.000000000000000000e+00,1.000000000000000000e+00,3.579000000000002735e-01,8.875852938074385579e-01,-4.950975295793151876e-01,3.536306708909808805e+00,3.035676806295218300e-01
1.000000000000000000e+00,2.000000000000000000e+00,1.000000000000000000e+00,3.619000000000002770e-01,8.916513534298163846e-01,-4.932852779062285586e-01,3.528000176702975388e+00,3.069544484441260046e-01
1.000000000000000000e+00,2.000000000000000000e+00,1.000000000000000000e+00,3.679000000000002824e-01,8.979121315327527331e-01,-4.904269146872549667e-01,3.515261112774331842e+00,3.119599819267366847e-01
1.000000000000000000e+00,2.000000000000000000e+00,1.000000000000000000e+00,3.719000000000002859e-01,9.021988134540863680e-01,-4.884211704548331867e-01,3.506573314725663248e+00,3.152407851611014888e-01
1.000000000000000000e+00,2.000000000000000000e+00,1.000000000000000000e+00,3.779000000000002912e-01,9.088074102516999764e-01,-4.852491953338841091e-01,3.493232482606348999e+00,3.200651256804376010e-01
1.000000000000000000e+00,2.000000000000000000e+00,1.000000000000000000e+00,3.839000000000002966e-01,9.156425093019893158e-01,-4.818633516065918276e-01,3.479499078855128325e+00,3.247559598329247121e-01
1.000000000000000000e+00,2.000000000000000000e+00,1.000000000000000000e+00,3.879000000000003001e-01,9.203324351121922042e-01,-4.794761469338488791e-01,3.470112352713396131e+00,3.277980937163031960e-01
1.000000000000000000e+00,2.000000000000000000e+00,1.000000000000000000e+00,3.939000000000003054e-01,9.275792074909487983e-01,-4.756812033409830165e-01,3.455664137091593258e+00,3.322146896522790160e-01
1.000000000000000000e+00,2.000000000000000000e+00,1.000000000000000000e+00,3.979000000000003090e-01,9.325593258291071663e-01,-4.729957666142038941e-01,3.445772933196638466e+00,3.350486428566326613e-01
1.000000000000000000e+00,2.000000000000000000e+00,1.000000000000000000e+00,4.039000000000003143e-01,9.402672775525187099e-01,-4.687094550812168081e-01,3.430521947041539121e+00,3.391087383309298042e-01
1.000000000000000000e+00,2.000000000000000000e+00,1.000000000000000000e+00,4.079000000000003179e-01,9.455735884206185604e-01,-4.656630760043367068e-01,3.420062130485696628e+00,3.416712061192536121e-01
1.000000000000000000e+00,2.000000000000000000e+00,1.000000000000000000e+00,4.139000000000003232e-01,9.538017658062514226e-01,-4.607770071786576604e-01,3.403902780444828302e+00,3.452643583972542229e-01
1.000000000000000000e+00,2.000000000000000000e+00,1.000000000000000000e+00,4.179000000000003268e-01,9.594773538681001801e-01,-4.572860188761508904e-01,3.392796921263755205e+00,3.474693317667366110e-01
1.000000000000000000e+00,2.000000000000000000e+00,1.000000000000000000e+00,4.239000000000003321e-01,9.682966276174125309e-01,-4.516535074078447676e-01,3.375600977575334838e+00,3.504434376004318952e-01
1.000000000000000000e+00,2.000000000000000000e+00,1.000000000000000000e+00,4.279000000000003356e-01,9.743933098078457755e-01,-4.476029261427819650e-01,3.363754503342939017e+00,3.521707095453172620e-01
1.000000000000000000e+00,2.000000000000000000e+00,1.000000000000000000e+00,4.339000000000003410e-01,9.838889509058142968e-01,-4.410187838703895635e-01,3.345364463549152845e+00,3.543095456703387880e-01
1.000000000000000000e+00,2.000000000000000000e+00,1.000000000000000000e+00,4.379000000000003445e-01,9.904689564895832188e-01,-4.362446310667570937e-01,3.332660623389740895e+00,3.553850298820105946e-01
1.000000000000000000e+00,2.000000000000000000e+00,1.000000000000000000e+00,4.439000000000003499e-01,1.000742721125824630e+00,-4.284095466443317290e-01,3.312881281278353462e+00,3.563685350309159783e-01
1.000000000000000000e+00,2.000000000000000000e+00,1.000000000000000000e+00,4.499000000000003552e-01,1.011538770388098696e+00,-4.196173854961395278e-01,3.292155531576356431e+00,3.564355436513206299e-01
1.000000000000000000e+00,2.000000000000000000e+00,1.000000000000000000e+00,4.539000000000003587e-01,1.019047904105047309e+00,-4.131192377695975249e-01,3.277764618672714292e+00,3.558566305756503123e-01
1.000000000000000000e+00,2.000000000000000000e+00,1.000000000000000000e+00,4.599000000000003641e-01,1.030810073186574138e+00,-4.022064254118485893e-01,3.255238830607226852e+00,3.538221021512541475e-01
1.000000000000000000e+00,2.000000000000000000e+00,1.000000000000000000e+00,4.639000000000003676e-01,1.038997901797499068e+00,-3.939900211766106386e-01,3.239547367525577926e+00,3.515075124981394405e-01
1.000000000000000000e+00,2.000000000000000000e+00,1.000000000000000000e+00,4.699000000000003729e-01,1.051804378436132170e+00,-3.798628190605535249e-01,3.214921546883436676e+00,3.461658474296556709e-01
1.000000000000000000e+00,2.000000000000000000e+00,1.000000000000000000e+00,4.739000000000003765e-01,1.060668611521901061e+00,-3.689148565920166711e-01,3.197748607906416130e+00,3.409936954659349428e-01
1.000000000000000000e+00,2.000000000000000000e+00,1.000000000000000000e+00,4.799000000000003818e-01,1.074297700124015265e+00,-3.493352290658843229e-01,3.170893192015713513e+00,3.298561811562547574e-01
1.000000000000000000e+00,2.000000000000000000e+00,1.000000000000000000e+00,4.839000000000003854e-01,1.083335367756940837e+00,-3.333545008229644724e-01,3.152434625093379239e+00,3.192563319186231818e-01
1.000000000000000000e+00,2.000000000000000000e+00,1.000000000000000000e+00,4.899000000000003907e-01,1.095289166019080662e+00,-3.023977797640112208e-01,3.125214958613195648e+00,2.956585324203914733e-01
1.000000000000000000e+00,2.000000000000000000e+00,1.000000000000000000e+00,4.939000000000003943e-01,1.098532740642271577e+00,-2.741279318374458818e-01,3.110864210825126541e+00,2.713107990792023583e-01
1.000000000000000000e+00,2.000000000000000000e+00,1.000000000000000000e+00,4.981701567098442140e-01,1.084476991549140346e+00,-2.455830173717280795e-01,3.113254778863550065e+00,2.448092052785869610e-01
2.000000000000000000e+00,2.000000000000000000e+00,1.000000000000000000e+00,0.000000000000000000e+00,6.021069092250085353e-01,-9.565539664461408798e-01,4.000000000000000000e+00,0.000000000000000000e+00
2.000000000000000000e+00,2.000000000000000000e+00,1.000000000000000000e+00,2.500000000000000052e-03,6.029709052555596305e-01,-9.563275045193634361e-01,3.997992084073605845e+00,3.191915449643186430e-03
2.000000000000000000e+00,2.000000000000000000e+00,1.000000000000000000e+00,8.500000000000000611e-03,6.050743963566473926e-01,-9.557665579894905061e-01,3.993165339716413964e+00,1.088022005948385135e-02
2.000000000000000000e+00,2.000000000000000000e+00,1.000000000000000000e+00,1.250000000000000069e-02,6.065003661377533772e-01,-9.553787877175002885e-01,3.989940895630941231e+00,1.602742535105686206e-02
2.000000000000000000e+00,2.000000000000000000e+00,1.000000000000000000e+00,1.850000000000000255e-02,6.086751616949023225e-01,-9.547761603198637870e-01,3.985093248154374823e+00,2.378061776394221893e-02
2.000000000000000000e+00,2.000000000000000000e+00,1.000000000000000000e+00,2.450000000000000788e-02,6.108934350175582173e-01,-9.541480285586025900e-01,3.980231115596758684e+00,3.157252997618817392e-02
2.000000000000000000e+00,2.000000000000000000e+00,1.000000000000000000e+00,2.850000000000001144e-02,6.123967069535097840e-01,-9.537149056312419493e-01,3.976980901502298771e+00,3.678857065131981019e-02
2.000000000000000000e+00,2.000000000000000000e+00,1.000000000000000000e+00,3.450000000000001676e-02,6.146886668515902929e-01,-9.530433499471511194e-01,3.972091242125034949e+00,4.464466247010658723e-02
2.000000000000000000e+00,2.000000000000000000e+00,1.000000000000000000e+00,3.850000000000002032e-02,6.162415928120202890e-01,-9.525808686435549566e-01,3.968821222227623569e+00,4.990334156621926975e-02
2.000000000000000000e+00,2.000000000000000000e+00,1.000000000000000000e+00,4.450000000000002565e-02,6.186088557255828846e-01,-9.518646242281733061e-01,3.963899611136031620e+00,5.782316675686280383e-02
2.000000000000000000e+00,2.000000000000000000e+00,1.000000000000000000e+00,5.050000000000003098e-02,6.210221205409655054e-01,-9.511208993876686391e-01,3.958956607142683826e+00,6.578101272237778241e-02
2.000000000000000000e+00,2.000000000000000000e+00,1.000000000000000000e+00,5.450000000000003453e-02,6.226568377421970446e-01,-9.506095503686511350e-01,3.955648533197533734e+00,7.110728247301818794e-02
2.000000000000000000e+00,2.000000000000000000e+00,1.000000000000000000e+00,6.050000000000003986e-02,6.251482178831954117e-01,-9.498188065004168346e-01,3.950665997839347909e+00,7.912811663335470036e-02
2.000000000000000000e+00,2.000000000000000000e+00,1.000000000000000000e+00,6.650000000000004519e-02,6.276873768742116111e-01,-9.489990631042561908e-01,3.945657324687052547e+00,8.718650564428569172e-02
2.000000000000000000e+00,2.000000000000000000e+00,1.000000000000000000e+00,7.050000000000004874e-02,6.294070456042076822e-01,-9.484361440710490365e-01,3.942302758680402253e+00,9.257953619261494183e-02
2.000000000000000000e+00,2.000000000000000000e+00,1.000000000000000000e+00,7.650000000000005407e-02,6.320274406756127838e-01,-9.475666352169602735e-01,3.937246296825691161e+00,1.007000934154599903e-01
2.000000000000000000e+00,2.000000000000000000e+00,1.000000000000000000e+00,8.050000000000005762e-02,6.338019623767762178e-01,-9.469699057600398096e-01,3.933858051960330116e+00,1.061343836941524565e-01
2.000000000000000000e+00,2.000000000000000000e+00,1.000000000000000000e+00,8.650000000000006295e-02,6.365057178648274583e-01,-9.460486802622001257e-01,3.928748260088768429e+00,1.143165372886932041e-01
2.000000000000000000e+00,2.000000000000000000e+00,1.000000000000000000e+00,9.250000000000006828e-02,6.392605697609926585e-01,-9.450954062431439207e-01,3.923603678255304761e+00,1.225353490432989911e-01
2.000000000000000000e+00,2.000000000000000000e+00,1.000000000000000000e+00,9.650000000000007183e-02,6.411259433732435786e-01,-9.444416827556187943e-01,3.920153554325227052e+00,1.280348027830312541e-01
2.000000000000000000e+00,2.000000000000000000e+00,1.000000000000000000e+00,1.025000000000000772e-01,6.439678643091276689e-01,-9.434331496004846329e-01,3.914946099953516612e+00,1.363141604585217936e-01
2.000000000000000000e+00,2.000000000000000000e+00,1.000000000000000000e+00,1.085000000000000825e-01,6.468632301405032869e-01,-9.423902737576730360e-01,3.909697860871300001e+00,1.446294840736326026e-01
2.000000000000000000e+00,2.000000000000000000e+00,1.000000000000000000e+00,1.125000000000000860e-01,6.488236326367377016e-01,-9.416754748237937678e-01,3.906175196420873075e+00,1.501928680873015620e-01
2.000000000000000000e+00,2.000000000000000000e+00,1.000000000000000000e+00,1.185000000000000914e-01,6.518102018841562817e-01,-9.405732124891343915e-01,3.900853612628816691e+00,1.585674605782527724e-01
2.000000000000000000e+00,2.000000000000000000e+00,1.000000000000000000e+00,1.225000000000000949e-01,6.538323311396044835e-01,-9.398178748212064892e-01,3.897279732023676502e+00,1.641700524878718370e-01
2.000000000000000000e+00,2.000000000000000000e+00,1.000000000000000000e+00,1.285000000000000864e-01,6.569129297967090109e-01,-9.386533088391300073e-01,3.891877729568615329e+00,1.726029646345575153e-01
2.000000000000000000e+00,2.000000000000000000e+00,1.000000000000000000e+00,1.345000000000000917e-01,6.600513873741346016e-01,-9.374498404175273247e-01,3.886423894887624630e+00,1.810703539465153278e-01
2.000000000000000000e+00,2.000000000000000000e+00,1.000000000000000000e+00,1.385000000000000953e-01,6.621763964810263303e-01,-9.366253148099956682e-01,3.882757825274610219e+00,1.867342238454815506e-01
2.000000000000000000e+00,2.000000000000000000e+00,1.000000000000000000e+00,1.445000000000001006e-01,6.654138402803398966e-01,-9.353542562863985665e-01,3.877211300911693748e+00,1.952581021746239709e-01
2.000000000000000000e+00,2.000000000000000000e+00,1.000000000000000000e+00,1.485000000000001041e-01,6.676059514967038755e-01,-9.344834556077340482e-01,3.873480709319312876e+00,2.009591884269774087e-01
2.000000000000000000e+00,2.000000000000000000e+00,1.000000000000000000e+00,1.545000000000001095e-01,6.709457811168305641e-01,-9.331410655124497966e-01,3.867833164374628208e+00,2.095381715039826287e-01
2.000000000000000000e+00,2.000000000000000000e+00,1.000000000000000000e+00,1.605000000000001148e-01,6.743487803126424485e-01,-9.317539233519787079e-01,3.862120774637534115e+00,2.181494606411490400e-01
2.000000000000000000e+00,2.000000000000000000e+00,1.000000000000000000e+00,1.645000000000001183e-01,6.766532176171377033e-01,-9.308035263766307743e-01,3.858274849186547062e+00,2.239079570116527806e-01
2.000000000000000000e+00,2.000000000000000000e+00,1.000000000000000000e+00,1.705000000000001237e-01,6.801645884029916544e-01,-9.293382528115534669e-01,3.852446907465123527e+00,2.325716495521371052e-01
2.000000000000000000e+00,2.000000000000000000e+00,1.000000000000000000e+00,1.765000000000001290e-01,6.837429405592764242e-01,-9.278238126953642917e-01,3.846544916337597542e+00,2.412658166272985127e-01
2.000000000000000000e+00,2.000000000000000000e+00,1.000000000000000000e+00,1.805000000000001326e-01,6.861664844491016657e-01,-9.267859639158322338e-01,3.842567284260646865e+00,2.470784601785028234e-01
2.000000000000000000e+00,2.000000000000000000e+00,1.000000000000000000e+00,1.865000000000001379e-01,6.898599594309415828e-01,-9.251854184291694594e-01,3.836533520154466359e+00,2.558215730633537910e-01
2.000000000000000000e+00,2.000000000000000000e+00,1.000000000000000000e+00,1.905000000000001414e-01,6.923617738740435179e-01,-9.240883227268334998e-01,3.832464404300463201e+00,2.616660028937980442e-01
2.000000000000000000e+00,2.000000000000000000e+00,1.000000000000000000e+00,1.965000000000001468e-01,6.961750350488982164e-01,-9.223959850128867766e-01,3.826287745704783472e+00,2.704554181571484639e-01
2.000000000000000000e+00,2.000000000000000000e+00,1.000000000000000000e+00,2.025000000000001521e-01,7.000625644661929714e-01,-9.206455848406647213e-01,3.820019660636077674e+00,2.792711614437491940e-01
2.000000000000000000e+00,2.000000000000000000e+00,1.000000000000000000e+00,2.065000000000001557e-01,7.026964483105790915e-01,-9.194452053374538858e-01,3.815787926412848474e+00,2.851623509717043925e-01
2.000000000000000000e+00,2.000000000000000000e+00,1.000000000000000000e+00,2.125000000000001610e-01,7.067120409355052146e-01,-9.175925743621479169e-01,3.809357337531054544e+00,2.940191950653098241e-01
2.000000000000000000e+00,2.000000000000000000e+00,1.000000000000000000e+00,2.185000000000001663e-01,7.108072002945713397e-01,-9.156750572353857809e-01,3.802822814784208028e+00,3.028988251499674655e-01
2.000000000000000000e+00,2.000000000000000000e+00,1.000000000000000000e+00,2.225000000000001699e-01,7.135825798163132339e-01,-9.143592481622774271e-01,3.798406211238904095e+00,3.088304633863208082e-01
2.000000000000000000e+00,2.000000000000000000e+00,1.000000000000000000e+00,2.285000000000001752e-01,7.178152396066589391e-01,-9.123270778118092172e-01,3.791686980934918072e+00,3.177444792958759590e-01
2.000000000000000000e+00,2.000000000000000000e+00,1.000000000000000000e+00,2.325000000000001787e-01,7.206844296211629697e-01,-9.109319305430823022e-01,3.787142214587418287e+00,3.236973931184717879e-01
2.000000000000000000e+00,2.000000000000000000e+00,1.000000000000000000e+00,2.385000000000001841e-01,7.250611715864166973e-01,-9.087761231105849768e-01,3.780222862652623750e+00,3.326406259282519429e-01
2.000000000000000000e+00,2.000000000000000000e+00,1.000000000000000000e+00,2.445000000000001894e-01,7.295277687549495127e-01,-9.065413647305402556e-01,3.773175481712560231e+00,3.415985326611591377e-01
2.000000000000000000e+00,2.000000000000000000e+00,1.000000000000000000e+00,2.485000000000001930e-01,7.325567596705812035e-01,-9.050057488370027992e-01,3.768402975908871966e+00,3.475774397431452556e-01
2.000000000000000000e+00,2.000000000000000000e+00,1.000000000000000000e+00,2.545000000000001705e-01,7.371792473260473377e-01,-9.026305874290547759e-01,3.761127919913495710e+00,3.565543101414522242e-01
2.000000000000000000e+00,2.000000000000000000e+00,1.000000000000000000e+00,2.605000000000001759e-01,7.418992020201286008e-01,-9.001653935175571997e-01,3.753707104622755253e+00,3.655388338733083775e-01
2.000000000000000000e+00,2.000000000000000000e+00,1.000000000000000000e+00,2.645000000000001794e-01,7.451015380754461015e-01,-8.984695766225148095e-01,3.748675309906784214e+00,3.715312216029058034e-01
2.000000000000000000e+00,2.000000000000000000e+00,1.000000000000000000e+00,2.705000000000001847e-01,7.499910421430223684e-01,-8.958435581372210521e-01,3.740995045887611781e+00,3.805213133480662147e-01
2.000000000000000000e+00,2.000000000000000000e+00,1.000000000000000000e+00,2.745000000000001883e-01,7.533095443067808761e-01,-8.940356738523381752e-01,3.735783004986925171e+00,3.865140951854172391e-01
2.000000000000000000e+00,2.000000000000000000e+00,1.000000000000000000e+00,2.805000000000001936e-01,7.583782451959297788e-01,-8.912337436026300796e-01,3.727820877929780341e+00,3.954993203166117244e-01
2.000000000000000000e+00,2.000000000000000000e+00,1.000000000000000000e+00,2.865000000000001990e-01,7.635595018517263854e-01,-8.883181302619763686e-01,3.719677929977457609e+00,4.044758048914306459e-01
2.000000000000000000e+00,2.000000000000000000e+00,1.000000000000000000e+00,2.905000000000002025e-01,7.670782005786452862e-01,-8.863079190790053019e-01,3.714144201827600078e+00,4.104528413022192623e-01
2.000000000000000000e+00,2.000000000000000000e+00,1.000000000000000000e+00,2.965000000000002078e-01,7.724562070996902063e-01,-8.831875253867623732e-01,3.705678600567667846e+00,4.194034408882750808e-01
2.000000000000000000e+00,2.000000000000000000e+00,1.000000000000000000e+00,3.005000000000002114e-01,7.761101288540257492e-01,-8.810338398197107290e-01,3.699920333141958562e+00,4.253579656887882532e-01
2.000000000000000000e+00,2.000000000000000000e+00,1.000000000000000000e+00,3.065000000000002167e-01,7.816974016605772180e-01,-8.776869469303860694e-01,3.691102943638558731e+00,4.342661044587339259e-01
2.000000000000000000e+00,2.000000000000000000e+00,1.000000000000000000e+00,3.125000000000002220e-01,7.874168139470540950e-01,-8.741922829108677018e-01,3.682059131908433258e+00,4.431394304798077499e-01
2.000000000000000000e+00,2.000000000000000000e+00,1.000000000000000000e+00,3.165000000000002256e-01,7.913057883053699060e-01,-8.717755240632748537e-01,3.675898002624534922e+00,4.490317086413879721e-01
2.000000000000000000e+00,2.000000000000000000e+00,1.000000000000000000e+00,3.225000000000002309e-01,7.972574768148953384e-01,-8.680119013518570181e-01,3.666448632872002733e+00,4.578286564007977288e-01
2.000000000000000000e+00,2.000000000000000000e+00,1.000000000000000000e+00,3.285000000000002363e-01,8.033563685717396430e-01,-8.640715672990273433e-01,3.656737517140840055e+00,4.665670638458718766e-01
2.000000000000000000e+00,2.000000000000000000e+00,1.000000000000000000e+00,3.325000000000002398e-01,8.075072102223881387e-01,-8.613401353728110665e-01,3.650110631591802601e+00,4.723547544481816463e-01
2.000000000000000000e+00,2.000000000000000000e+00,1.000000000000000000e+00,3.385000000000002451e-01,8.138658514840073632e-01,-8.570756546801538978e-01,3.639929225999260165e+00,4.809703657342156990e-01
2.000000000000000000e+00,2.000000000000000000e+00,1.000000000000000000e+00,3.425000000000002487e-01,8.181962947108776252e-01,-8.541143991411489500e-01,3.632973534973975127e+00,4.866642941223618957e-01
2.000000000000000000e+00,2.000000000000000000e+00,1.000000000000000000e+00,3.485000000000002540e-01,8.248346148648438847e-01,-8.494824838585847138e-01,3.622274394129756381e+00,4.951192794604566405e-01
2.000000000000000000e+00,2.000000000000000000e+00,1.000000000000000000e+00,3.545000000000002593e-01,8.316513391611211059e-01,-8.446056908755710246e-01,3.611239143045284816e+00,5.034560279177734410e-01
2.000000000000000000e+00,2.000000000000000000e+00,1.000000000000000000e+00,3.585000000000002629e-01,8.362991950721890833e-01,-8.412081258682105878e-01,3.603685247416068993e+00,5.089387575247280582e-01
2.000000000000000000e+00,2.000000000000000000e+00,1.000000000000000000e+00,3.645000000000002682e-01,8.434328707618649057e-01,-8.358748944264549063e-01,3.592042084139046132e+00,5.170341683953824097e-01
2.000000000000000000e+00,2.000000000000000000e+00,1.000000000000000000e+00,3.705000000000002736e-01,8.507695880016702406e-01,-8.302340329196947755e-01,3.580002427110300811e+00,5.249532381875235965e-01
2.000000000000000000e+00,2.000000000000000000e+00,1.000000000000000000e+00,3.745000000000002771e-01,8.557787156396363670e-01,-8.262880631525721942e-01,3.571742739654224952e+00,5.301208908803591857e-01
2.000000000000000000e+00,2.000000000000000000e+00,1.000000000000000000e+00,3.805000000000002824e-01,8.634776961361859682e-01,-8.200663803519538941e-01,3.558982200355845116e+00,5.376810770409737872e-01
2.000000000000000000e+00,2.000000000000000000e+00,1.000000000000000000e+00,3.845000000000002860e-01,8.687390294405659130e-01,-8.157005998021060744e-01,3.550214523772280195e+00,5.425779320150172502e-01
2.000000000000000000e+00,2.000000000000000000e+00,1.000000000000000000e+00,3.905000000000002913e-01,8.768334264536409295e-01,-8.087935657849959492e-01,3.536647338582389555e+00,5.496774304841198777e-01
2.000000000000000000e+00,2.000000000000000000e+00,1.000000000000000000e+00,3.965000000000002967e-01,8.851826886590640209e-01,-8.014131103051860272e-01,3.522548958695939536e+00,5.564387759741112882e-01
2.000000000000000000e+00,2.000000000000000000e+00,1.000000000000000000e+00,4.005000000000003002e-01,8.908974878329295466e-01,-7.962022209906611803e-01,3.512835384376904013e+00,5.607307264955682102e-01
2.000000000000000000e+00,2.000000000000000000e+00,1.000000000000000000e+00,4.065000000000003055e-01,8.997037614136511596e-01,-7.879017197345891121e-01,3.497760867028173237e+00,5.667960981045071511e-01
2.000000000000000000e+00,2.000000000000000000e+00,1.000000000000000000e+00,4.105000000000003091e-01,9.057374365424454288e-01,-7.820126263789057841e-01,3.487354630217281759e+00,5.705577716462590931e-01
2.000000000000000000e+00,2.000000000000000000e+00,1.000000000000000000e+00,4.165000000000003144e-01,9.150441652937053583e-01,-7.725804072846749193e-01,3.471172158868180091e+00,5.757095706116063250e-01
2.000000000000000000e+00,2.000000000000000000e+00,1.000000000000000000e+00,4.225000000000003197e-01,9.246729182463072627e-01,-7.623357302883577713e-01,3.454251323705885390e+00,5.801739359871944668e-01
2.000000000000000000e+00,2.000000000000000000e+00,1.000000000000000000e+00,4.265000000000003233e-01,9.312789382768529300e-01,-7.549922865819684858e-01,3.442529844921656590e+00,5.827025122753851649e-01
2.000000000000000000e+00,2.000000000000000000e+00,1.000000000000000000e+00,4.325000000000003286e-01,9.414792631564500303e-01,-7.430920189020663313e-01,3.424235553262449550e+00,5.857018414928923944e-01
2.000000000000000000e+00,2.000000000000000000e+00,1.000000000000000000e+00,4.385000000000003340e-01,9.520398110176281348e-01,-7.299581588811993038e-01,3.405020164458336218e+00,5.875648858366574467e-01
2.000000000000000000e+00,2.000000000000000000e+00,1.000000000000000000e+00,4.425000000000003375e-01,9.592837831619701605e-01,-7.203988018069525934e-01,3.391658330491946316e+00,5.880480157041695355e-01
2.000000000000000000e+00,2.000000000000000000e+00,1.000000000000000000e+00,4.485000000000003428e-01,9.704530743616682775e-01,-7.046257209721769055e-01,3.370724515054943637e+00,5.873854375848215348e-01
2.000000000000000000e+00,2.000000000000000000e+00,1.000000000000000000e+00,4.525000000000003464e-01,9.780934797587500507e-01,-6.929823543665183383e-01,3.356136434273383706e+00,5.858308883284437663e-01
2.000000000000000000e+00,2.000000000000000000e+00,1.000000000000000000e+00,4.585000000000003517e-01,9.898109683637026368e-01,-6.734345011318448870e-01,3.333243205649736751e+00,5.814007051017133776e-01
2.000000000000000000e+00,2.000000000000000000e+00,1.000000000000000000e+00,4.645000000000003570e-01,1.001745394840743097e+00,-6.507240261652993407e-01,3.309077616654427345e+00,5.737218439351883248e-01
2.000000000000000000e+00,2.000000000000000000e+00,1.000000000000000000e+00,4.685000000000003606e-01,1.009724346306808185e+00,-6.333007931066508833e-01,3.292249664323131597e+00,5.662176356263468602e-01
2.000000000000000000e+00,2.000000000000000000e+00,1.000000000000000000e+00,4.745000000000003659e-01,1.021424923316773370e+00,-6.024993611611505484e-01,3.266004936988354590e+00,5.500149260489093361e-01
2.000000000000000000e+00,2.000000000000000000e+00,1.000000000000000000e+00,4.805000000000003713e-01,1.032017086945392847e+00,-5.634904584770542568e-01,3.238925120530493640e+00,5.250185146365813349e-01
2.000000000000000000e+00,2.000000000000000000e+00,1.000000000000000000e+00,4.845000000000003748e-01,1.037523441034791771e+00,-5.301929016623403434e-01,3.220964550382798386e+00,5.005077113692391055e-01
2.000000000000000000e+00,2.000000000000000000e+00,1.000000000000000000e+00,4.901257877512115724e-01,1.040153462060702694e+00,-4.643684040734208374e-01,3.197764590978027233e+00,4.457799412218810264e-01
2.000000000000000000e+00,2.000000000000000000e+00,1.000000000000000000e+00,4.927676777408293574e-01,1.037749504806983802e+00,-4.176988523638724971e-01,3.188496286747600550e+00,4.036767656219950595e-01
2.000000000000000000e+00,2.000000000000000000e+00,1.000000000000000000e+00,4.954704848160464414e-01,1.033858980182125631e+00,-3.459042334146608666e-01,3.178220778720997064e+00,3.364534944420442542e-01
2.000000000000000000e+00,2.000000000000000000e+00,1.000000000000000000e+00,4.972398440032993472e-01,1.033183222684245450e+00,-2.700272221588062571e-01,3.167815663835800599e+00,2.639403342539221597e-01
2.000000000000000000e+00,2.000000000000000000e+00,1.000000000000000000e+00,4.979742108951627499e-01,1.027108454868256970e+00,-2.248176062334461822e-01,3.168643299100955879e+00,2.197757373090336031e-01
2.000000000000000000e+00,2.000000000000000000e+00,1.000000000000000000e+00,4.993475740523590778e-01,1.008327774547114197e+00,-1.245776602789955695e-01,3.178535548279884715e+00,1.214986293677292328e-01
3.000000000000000000e+00,2.000000000000000000e+00,1.000000000000000000e+00,0.000000000000000000e+00,5.030099244528605240e-01,-1.410296404884206600e+00,4.000000000000000000e+00,0.000000000000000000e+00
3.000000000000000000e+00,2.000000000000000000e+00,1.000000000000000000e+00,2.500000000000000052e-03,5.039723585568377517e-01,-1.409784736265153215e+00,3.998326342665671440e+00,4.704403119965147421e-03
3.000000000000000000e+00,2.000000000000000000e+00,1.000000000000000000e+00,8.500000000000000611e-03,5.063211852225476539e-01,-1.408526861069510083e+00,3.994333761553275686e+00,1.602268726248547159e-02
3.000000000000000000e+00,2.000000000000000000e+00,1.000000000000000000e+00,1.250000000000000069e-02,5.079178526371891378e-01,-1.407664681112770211e+00,3.991690279913338912e+00,2.358977771756026742e-02
3.000000000000000000e+00,2.000000000000000000e+00,1.000000000000000000e+00,1.850000000000000255e-02,5.103594342874030465e-01,-1.406335668431288211e+00,3.987750962484737371e+00,3.497244445080260888e-02
3.000000000000000000e+00,2.000000000000000000e+00,1.000000000000000000e+00,2.450000000000000788e-02,5.128574138698221985e-01,-1.404963311538326431e+00,3.983840934810100709e+00,4.639317368637482092e-02
3.000000000000000000e+00,2.000000000000000000e+00,1.000000000000000000e+00,2.850000000000001144e-02,5.145543516526127625e-01,-1.404024056885098126e+00,3.981249496986058123e+00,5.402793523870985659e-02
3.000000000000000000e+00,2.000000000000000000e+00,1.000000000000000000e+00,3.450000000000001676e-02,5.171476270672266118e-01,-1.402578213820673270e+00,3.977383628565863916e+00,6.551119137224993560e-02
3.000000000000000000e+00,2.000000000000000000e+00,1.000000000000000000e+00,4.050000000000002209e-02,5.197988911474793472e-01,-1.401087455752637378e+00,3.973541350906038883e+00,7.703143130295125873e-02
3.000000000000000000e+00,2.000000000000000000e+00,1.000000000000000000e+00,4.450000000000002565e-02,5.215989284261932646e-01,-1.400068332169551288e+00,3.970991823113501518e+00,8.473194442244301461e-02
3.000000000000000000e+00,2.000000000000000000e+00,1.000000000000000000e+00,5.050000000000003098e-02,5.243482589467887145e-01,-1.398501187161433901e+00,3.967183795003506486e+00,9.631295695396291379e-02
3.000000000000000000e+00,2.000000000000000000e+00,1.000000000000000000e+00,5.650000000000003630e-02,5.271573169146106519e-01,-1.396887209338677271e+00,3.963393155135586099e+00,1.079299189683388949e-01
3.000000000000000000e+00,2.000000000000000000e+00,1.000000000000000000e+00,6.050000000000003986e-02,5.290635461495931668e-01,-1.395784805216790714e+00,3.960874507916630982e+00,1.156943427196873153e-01
3.000000000000000000e+00,2.000000000000000000e+00,1.000000000000000000e+00,6.650000000000004519e-02,5.319737058246188921e-01,-1.394090931709357495e+00,3.957107330718739213e+00,1.273703671049193353e-01
3.000000000000000000e+00,2.000000000000000000e+00,1.000000000000000000e+00,7.250000000000005052e-02,5.349455017520422517e-01,-1.392347923235003337e+00,3.953350787963640478e+00,1.390813137237197628e-01
3.000000000000000000e+00,2.000000000000000000e+00,1.000000000000000000e+00,7.650000000000005407e-02,5.369613177493653966e-01,-1.391158143228302890e+00,3.950851011213101227e+00,1.469078193303053892e-01
3.000000000000000000e+00,2.000000000000000000e+00,1.000000000000000000e+00,8.250000000000005940e-02,5.400375536585317882e-01,-1.389331053284166728e+00,3.947106179177107155e+00,1.586760944197183887e-01
3.000000000000000000e+00,2.000000000000000000e+00,1.000000000000000000e+00,8.850000000000006473e-02,5.431775287310539602e-01,-1.387452095868445978e+00,3.943364618440061253e+00,1.704782272136030341e-01
3.000000000000000000e+00,2.000000000000000000e+00,1.000000000000000000e+00,9.250000000000006828e-02,5.453066715747013626e-01,-1.386170078865162525e+00,3.940870618074018061e+00,1.783649191004063050e-01
3.000000000000000000e+00,2.000000000000000000e+00,1.000000000000000000e+00,9.850000000000007361e-02,5.485547702564348427e-01,-1.384202091573439874e+00,3.937127944586320982e+00,1.902225418034802495e-01
3.000000000000000000e+00,2.000000000000000000e+00,1.000000000000000000e+00,1.045000000000000789e-01,5.518689321569546502e-01,-1.382179016686821971e+00,3.933380499762756610e+00,2.021128670347166478e-01
3.000000000000000000e+00,2.000000000000000000e+00,1.000000000000000000e+00,1.085000000000000825e-01,5.541155352747371143e-01,-1.380799033915106833e+00,3.930877972885813865e+00,2.100576878071264697e-01
3.000000000000000000e+00,2.000000000000000000e+00,1.000000000000000000e+00,1.145000000000000878e-01,5.575418979703073985e-01,-1.378681111864048958e+00,3.927115391905587671e+00,2.220014616739896529e-01
3.000000000000000000e+00,2.000000000000000000e+00,1.000000000000000000e+00,1.185000000000000914e-01,5.598642095574551947e-01,-1.377236555905881898e+00,3.924599675938896581e+00,2.299814505075349347e-01
3.000000000000000000e+00,2.000000000000000000e+00,1.000000000000000000e+00,1.245000000000000967e-01,5.634055455299955550e-01,-1.375019652679152937e+00,3.920812517318209789e+00,2.419772420834839233e-01
3.000000000000000000e+00,2.000000000000000000e+00,1.000000000000000000e+00,1.305000000000000882e-01,5.670172747499281352e-01,-1.372741200172655551e+00,3.917005844082670052e+00,2.540034924308462450e-01
3.000000000000000000e+00,2.000000000000000000e+00,1.000000000000000000e+00,1.345000000000000917e-01,5.694647479449203020e-01,-1.371187182235408475e+00,3.914455381182152749e+00,2.620376132247730916e-01
3.000000000000000000e+00,2.000000000000000000e+00,1.000000000000000000e+00,1.405000000000000970e-01,5.731962889618805734e-01,-1.368802226282341383e+00,3.910607813200507543e+00,2.741132425229608760e-01
3.000000000000000000e+00,2.000000000000000000e+00,1.000000000000000000e+00,1.465000000000001024e-01,5.770012873918489715e-01,-1.366350839294331321e+00,3.906730456024045228e+00,2.862175881715158798e-01
3.000000000000000000e+00,2.000000000000000000e+00,1.000000000000000000e+00,1.505000000000001059e-01,5.795793722280362381e-01,-1.364678673444073231e+00,3.904126972287552455e+00,2.943027366791328703e-01
3.000000000000000000e+00,2.000000000000000000e+00,1.000000000000000000e+00,1.565000000000001112e-01,5.835095783338642983e-01,-1.362111976095236265e+00,3.900190726550410325e+00,3.064532403419776840e-01
3.000000000000000000e+00,2.000000000000000000e+00,1.000000000000000000e+00,1.625000000000001166e-01,5.875166641457998384e-01,-1.359473128969791222e+00,3.896213338765441847e+00,3.186303082048504431e-01
3.000000000000000000e+00,2.000000000000000000e+00,1.000000000000000000e+00,1.665000000000001201e-01,5.902314477813598304e-01,-1.357672639543015203e+00,3.893536641660194420e+00,3.267626500306768933e-01
3.000000000000000000e+00,2.000000000000000000e+00,1.000000000000000000e+00,1.725000000000001255e-01,5.943697771668360330e-01,-1.354908155759740440e+00,3.889480440653387383e+00,3.389818576960931806e-01
3.000000000000000000e+00,2.000000000000000000e+00,1.000000000000000000e+00,1.785000000000001308e-01,5.985888202563756089e-01,-1.352064808804697371e+00,3.885370498505415604e+00,3.512249223384851793e-01
3.000000000000000000e+00,2.000000000000000000e+00,1.000000000000000000e+00,1.825000000000001343e-01,6.014471223615669437e-01,-1.350124049248312863e+00,3.882598177817484508e+00,3.593996338919878131e-01
3.000000000000000000e+00,2.000000000000000000e+00,1.000000000000000000e+00,1.885000000000001397e-01,6.058041817182249211e-01,-1.347142923437562700e+00,3.878387257819599476e+00,3.716797485493957831e-01
3.000000000000000000e+00,2.000000000000000000e+00,1.000000000000000000e+00,1.945000000000001450e-01,6.102462638768937353e-01,-1.344075025468219886e+00,3.874108546339339210e+00,3.839802712574578170e-01
3.000000000000000000e+00,2.000000000000000000e+00,1.000000000000000000e+00,1.985000000000001485e-01,6.132557494453990676e-01,-1.341979920547251570e+00,3.871215609162042881e+00,3.921912071803973499e-01
3.000000000000000000e+00,2.000000000000000000e+00,1.000000000000000000e+00,2.045000000000001539e-01,6.178434729945412318e-01,-1.338759906879652295e+00,3.866811136580472930e+00,4.045222643766478443e-01
3.000000000000000000e+00,2.000000000000000000e+00,1.000000000000000000e+00,2.105000000000001592e-01,6.225210793967514977e-01,-1.335443759028115629e+00,3.862323118970123481e+00,4.168692966527420829e-01
3.000000000000000000e+00,2.000000000000000000e+00,1.000000000000000000e+00,2.145000000000001628e-01,6.256903937835369689e-01,-1.333177645924380483e+00,3.859281541014627948e+00,4.251085577827823370e-01
3.000000000000000000e+00,2.000000000000000000e+00,1.000000000000000000e+00,2.205000000000001681e-01,6.305222577236311299e-01,-1.329692362278563245e+00,3.854639893273510864e+00,4.374777202621488170e-01
3.000000000000000000e+00,2.000000000000000000e+00,1.000000000000000000e+00,2.245000000000001716e-01,6.337963553912725478e-01,-1.327309523005816727e+00,3.851489616865913845e+00,4.457296703366819823e-01
3.000000000000000000e+00,2.000000000000000000e+00,1.000000000000000000e+00,2.305000000000001770e-01,6.387884381747437335e-01,-1.323642827560162383e+00,3.846675101267567509e+00,4.581144864859812982e-01
3.000000000000000000e+00,2.000000000000000000e+00,1.000000000000000000e+00,2.365000000000001823e-01,6.438797193064350610e-01,-1.319860782815664324e+00,3.841746973300233403e+00,4.705051115956560004e-01
3.000000000000000000e+00,2.000000000000000000e+00,1.000000000000000000e+00,2.405000000000001859e-01,6.473302177226939458e-01,-1.317272730002056136e+00,3.838394563646845281e+00,4.787672698660272452e-01
3.000000000000000000e+00,2.000000000000000000e+00,1.000000000000000000e+00,2.465000000000001912e-01,6.525923168686815767e-01,-1.313286442189746328e+00,3.833259379917584919e+00,4.911606755958445314e-01
3.000000000000000000e+00,2.000000000000000000e+00,1.000000000000000000e+00,2.525000000000001688e-01,6.579604065690803916e-01,-1.309169750136309984e+00,3.827988663121927093e+00,5.035510641344334015e-01
3.000000000000000000e+00,2.000000000000000000e+00,1.000000000000000000e+00,2.565000000000001723e-01,6.615993895866753016e-01,-1.306349678695313266e+00,3.824395117042407755e+00,5.118076993002843578e-01
3.000000000000000000e+00,2.000000000000000000e+00,1.000000000000000000e+00,2.625000000000001776e-01,6.671504076821604956e-01,-1.302001073061546332e+00,3.818878205157290484e+00,5.241840052770239122e-01
3.000000000000000000e+00,2.000000000000000000e+00,1.000000000000000000e+00,2.685000000000001830e-01,6.728151953025245380e-01,-1.297503724435816297e+00,3.813200565174177381e+00,5.365456957143673877e-01
3.000000000000000000e+00,2.000000000000000000e+00,1.000000000000000000e+00,2.725000000000001865e-01,6.766565030349855903e-01,-1.294418976135954802e+00,3.809321048897511108e+00,5.447761322155013630e-01
3.000000000000000000e+00,2.000000000000000000e+00,1.000000000000000000e+00,2.785000000000001918e-01,6.825181231532003734e-01,-1.289655817114055081e+00,3.803352036773226530e+00,5.571015017797326108e-01
3.000000000000000000e+00,2.000000000000000000e+00,1.000000000000000000e+00,2.845000000000001972e-01,6.885024663694605529e-01,-1.284721314971561279e+00,3.797193086255186145e+00,5.693969023823588493e-01
3.000000000000000000e+00,2.000000000000000000e+00,1.000000000000000000e+00,2.885000000000002007e-01,6.925620296104295637e-01,-1.281331633140976090e+00,3.792975614634831238e+00,5.775737651356611657e-01
3.000000000000000000e+00,2.000000000000000000e+00,1.000000000000000000e+00,2.945000000000002061e-01,6.987592505373630969e-01,-1.276089267974720665e+00,3.786472665736758891e+00,5.898032779913395807e-01
3.000000000000000000e+00,2.000000000000000000e+00,1.000000000000000000e+00,3.005000000000002114e-01,7.050895537979077199e-01,-1.270647323119322714e+00,3.779745582858744513e+00,6.019823121575790248e-01
3.000000000000000000e+00,2.000000000000000000e+00,1.000000000000000000e+00,3.045000000000002149e-01,7.093858053211159476e-01,-1.266902396148617216e+00,3.775129289606651284e+00,6.100690226211197276e-01
3.000000000000000000e+00,2.000000000000000000e+00,1.000000000000000000e+00,3.105000000000002203e-01,7.159475995154198635e-01,-1.261099632043171992e+00,3.767996269644262153e+00,6.221424553165431082e-01
3.000000000000000000e+00,2.000000000000000000e+00,1.000000000000000000e+00,3.165000000000002256e-01,7.226545241599572345e-01,-1.255061431755855272e+00,3.760598643237372585e+00,6.341376965467697691e-01
3.000000000000000000e+00,2.000000000000000000e+00,1.000000000000000000e+00,3.205000000000002292e-01,7.272089026533873346e-01,-1.250897346912228425e+00,3.755511476796573156e+00,6.420848124602570595e-01
3.000000000000000000e+00,2.000000000000000000e+00,1.000000000000000000e+00,3.265000000000002345e-01,7.341690199500607861e-01,-1.244430446611017427e+00,3.747634157651775322e+00,6.539204176446747896e-01
3.000000000000000000e+00,2.000000000000000000e+00,1.000000000000000000e+00,3.305000000000002380e-01,7.388971921488685091e-01,-1.239963840556066232e+00,3.742209909870552575e+00,6.617473272643185078e-01
3.000000000000000000e+00,2.000000000000000000e+00,1.000000000000000000e+00,3.365000000000002434e-01,7.461259057864499944e-01,-1.233015658201918940e+00,3.733799324105939288e+00,6.733795505605745246e-01
3.000000000000000000e+00,2.000000000000000000e+00,1.000000000000000000e+00,3.425000000000002487e-01,7.535238360218425857e-01,-1.225749319266708159e+00,3.725040194416449957e+00,6.848646069632151612e-01
3.000000000000000000e+00,2.000000000000000000e+00,1.000000000000000000e+00,3.465000000000002522e-01,7.585529938924934212e-01,-1.220716006788608032e+00,3.718995596946049087e+00,6.924287807546036788e-01
3.000000000000000000e+00,2.000000000000000000e+00,1.000000000000000000e+00,3.525000000000002576e-01,7.662476010878064292e-01,-1.212861850864356938e+00,3.709602322116297923e+00,7.036179961383897119e-01
3.000000000000000000e+00,2.000000000000000000e+00,1.000000000000000000e+00,3.585000000000002629e-01,7.741296712176632955e-01,-1.204615145464781323e+00,3.699793327690469091e+00,7.145939335127626801e-01
3.000000000000000000e+00,2.000000000000000000e+00,1.000000000000000000e+00,3.625000000000002665e-01,7.794922762459767229e-01,-1.198882308960870002e+00,3.693008707264155532e+00,7.217772383262388569e-01
3.000000000000000000e+00,2.000000000000000000e+00,1.000000000000000000e+00,3.685000000000002718e-01,7.877039455009759994e-01,-1.189901916105104762e+00,3.682440570490808085e+00,7.323246894662995832e-01
3.000000000000000000e+00,2.000000000000000000e+00,1.000000000000000000e+00,3.745000000000002771e-01,7.961244127951713212e-01,-1.180425385348418121e+00,3.671372686041561639e+00,7.425626498490001115e-01
3.000000000000000000e+00,2.000000000000000000e+00,1.000000000000000000e+00,3.785000000000002807e-01,8.018584039206849701e-01,-1.173807888633077612e+00,3.663698286761573719e+00,7.491929877928926729e-01
3.000000000000000000e+00,2.000000000000000000e+00,1.000000000000000000e+00,3.845000000000002860e-01,8.106467360418218027e-01,-1.163390537776475497e+00,3.651713242837721918e+00,7.588061059490183169e-01
3.000000000000000000e+00,2.000000000000000000e+00,1.000000000000000000e+00,3.905000000000002913e-01,8.196684139219718723e-01,-1.152326799259966617e+00,3.639121025093753126e+00,7.679646261535508778e-01
3.000000000000000000e+00,2.000000000000000000e+00,1.000000000000000000e+00,3.945000000000002949e-01,8.258173906633993200e-01,-1.144555709081852779e+00,3.630365290338253281e+00,7.737820597621969387e-01
3.000000000000000000e+00,2.000000000000000000e+00,1.000000000000000000e+00,4.005000000000003002e-01,8.352501567673344951e-01,-1.132243061282892205e+00,3.616651317500852336e+00,7.820128562079760037e-01
3.000000000000000000e+00,2.000000000000000000e+00,1.000000000000000000e+00,4.065000000000003055e-01,8.449431861233459573e-01,-1.119054298874130104e+00,3.602189179120627305e+00,7.895595947487283883e-01
3.000000000000000000e+00,2.000000000000000000e+00,1.000000000000000000e+00,4.105000000000003091e-01,8.515548013653350123e-01,-1.109717502064090588e+00,3.592100521533210689e+00,7.941521804429534370e-01
3.000000000000000000e+00,2.000000000000000000e+00,1.000000000000000000e+00,4.165000000000003144e-01,8.617038039629969504e-01,-1.094792755887258551e+00,3.576243899660164871e+00,8.002773880560796194e-01
3.000000000000000000e+00,2.000000000000000000e+00,1.000000000000000000e+00,4.225000000000003197e-01,8.721384861882365280e-01,-1.078614965439370632e+00,3.559447968580558452e+00,8.053314577640959815e-01
3.000000000000000000e+00,2.000000000000000000e+00,1.000000000000000000e+00,4.265000000000003233e-01,8.792572397568628739e-01,-1.067033856235001243e+00,3.547684950106333446e+00,8.080018690262829040e-01
3.000000000000000000e+00,2.000000000000000000e+00,1.000000000000000000e+00,4.325000000000003286e-01,8.901822318285670388e-01,-1.048282836839173893e+00,3.529117277034844236e+00,8.107646992498789285e-01
3.000000000000000000e+00,2.000000000000000000e+00,1.000000000000000000e+00,4.365000000000003322e-01,8.976305181956418799e-01,-1.034729308229999978e+00,3.516074404526736252e+00,8.116377660642537517e-01
3.000000000000000000e+00,2.000000000000000000e+00,1.000000000000000000e+00,4.425000000000003375e-01,9.090469135244225729e-01,-1.012533134234243404e+00,3.495417992664417550e+00,8.111913365397187548e-01
3.000000000000000000e+00,2.000000000000000000e+00,1.000000000000000000e+00,4.485000000000003428e-01,9.207439503219200239e-01,-9.876473195197610355e-01,3.473317509007141535e+00,8.081604315845476449e-01
3.000000000000000000e+00,2.000000000000000000e+00,1.000000000000000000e+00,4.525000000000003464e-01,9.286855415538464165e-01,-9.692356210858156240e-01,3.457694900969355167e+00,8.043575194206478152e-01
3.000000000000000000e+00,2.000000000000000000e+00,1.000000000000000000e+00,4.585000000000003517e-01,9.407827081896359411e-01,-9.382095156087670862e-01,3.432768708742916619e+00,7.952633374380935205e-01
3.000000000000000000e+00,2.000000000000000000e+00,1.000000000000000000e+00,4.645000000000003570e-01,9.530494678117480412e-01,-9.019264979344239208e-01,3.405805947846358261e+00,7.808719684710752063e-01
3.000000000000000000e+00,2.000000000000000000e+00,1.000000000000000000e+00,4.685000000000003606e-01,9.612898519038011180e-01,-8.738833515663620988e-01,3.386514155640410806e+00,7.673573664523171134e-01
3.000000000000000000e+00,2.000000000000000000e+00,1.000000000000000000e+00,4.745000000000003659e-01,9.737346926803611691e-01,-8.238404458081031168e-01,3.355161461427991654e+00,7.389318931242281341e-01
3.000000000000000000e+00,2.000000000000000000e+00,1.000000000000000000e+00,4.805000000000003713e-01,9.865157967840918474e-01,-7.598298239300568246e-01,3.319914991319472541e+00,6.962426333773674703e-01
3.000000000000000000e+00,2.000000000000000000e+00,1.000000000000000000e+00,4.844653077045282252e-01,9.956669267163147374e-01,-7.058757223360403454e-01,3.293406456757873801e+00,6.561904918856009683e-01
3.000000000000000000e+00,2.000000000000000000e+00,1.000000000000000000e+00,4.894310105250687659e-01,1.009385585905545835e+00,-6.179281284263055118e-01,3.254411389233769381e+00,5.853835600684517138e-01
3.000000000000000000e+00,2.000000000000000000e+00,1.000000000000000000e+00,4.932898470838770200e-01,1.022067290774473891e+00,-5.251278056228884106e-01,3.218794046493283822e+00,5.052119132145265201e-01
3.000000000000000000e+00,2.000000000000000000e+00,1.000000000000000000e+00,4.952583964234780756e-01,1.026351328194869295e+00,-4.626551133190495158e-01,3.201147265159715705e+00,4.483254030252602496e-01
3.000000000000000000e+00,2.000000000000000000e+00,1.000000000000000000e+00,4.971394329064706685e-01,1.025294931164460133e+00,-3.781263252909006223e-01,3.187105117211740168e+00,3.683419623975795476e-01
3.000000000000000000e+00,2.000000000000000000e+00,1.000000000000000000e+00,4.982908363325613821e-01,1.024031061523255293e+00,-2.974166956192886291e-01,3.177221985490322531e+00,2.906144970152763074e-01
3.000000000000000000e+00,2.000000000000000000e+00,1.000000000000000000e+00,4.988129995164437003e-01,1.022058359087751223e+00,-2.440996706686635875e-01,3.173402106431574055e+00,2.387452709055048472e-01
3.000000000000000000e+00,2.000000000000000000e+00,1.000000000000000000e+00,4.994749515668031603e-01,1.009868766494136372e+00,-1.583208180552822530e-01,3.178348503333752184e+00,1.545296499604917051e-01
4.000000000000000000e+00,2.000000000000000000e+00,1.000000000000000000e+00,0.000000000000000000e+00,4.150291596573655872e-01,-1.893689781814337447e+00,4.000000000000000000e+00,0.000000000000000000e+00
4.000000000000000000e+00,2.000000000000000000e+00,1.000000000000000000e+00,2.500000000000000052e-03,4.160062572890090848e-01,-1.892818030650003092e+00,3.998625605956370510e+00,6.315065707278371201e-03
4.000000000000000000e+00,2.000000000000000000e+00,1.000000000000000000e+00,8.500000000000000611e-03,4.184015358404098994e-01,-1.890680700626591104e+00,3.995399898093411561e+00,2.149347169093921567e-02
4.000000000000000000e+00,2.000000000000000000e+00,1.000000000000000000e+00,1.450000000000000074e-02,4.208682518124649552e-01,-1.888479328467316698e+00,3.992274806909251517e+00,3.670252234602443264e-02
4.000000000000000000e+00,2.000000000000000000e+00,1.000000000000000000e+00,1.850000000000000255e-02,4.225527270502142940e-01,-1.886975941378965516e+00,3.990245918034835970e+00,4.685846072969428178e-02
4.000000000000000000e+00,2.000000000000000000e+00,1.000000000000000000e+00,2.450000000000000788e-02,4.251399052855650562e-01,-1.884666770815381698e+00,3.987282188233924440e+00,6.211657103999608520e-02
4.000000000000000000e+00,2.000000000000000000e+00,1.000000000000000000e+00,3.050000000000001321e-02,4.278002087456149738e-01,-1.882292183209090863e+00,3.984411318537380620e+00,7.740296941747874804e-02
4.000000000000000000e+00,2.000000000000000000e+00,1.000000000000000000e+00,3.450000000000001676e-02,4.296146870938508111e-01,-1.880672472395599204e+00,3.982547473979874741e+00,8.760921197991147769e-02
4.000000000000000000e+00,2.000000000000000000e+00,1.000000000000000000e+00,4.050000000000002209e-02,4.323983002528322128e-01,-1.878187417710475149e+00,3.979824462017275799e+00,1.029409555723908021e-01
4.000000000000000000e+00,2.000000000000000000e+00,1.000000000000000000e+00,4.650000000000002742e-02,4.352567729119601325e-01,-1.875635108281528129e+00,3.977185856087367632e+00,1.182988767479724035e-01
4.000000000000000000e+00,2.000000000000000000e+00,1.000000000000000000e+00,5.050000000000003098e-02,4.372043387648673063e-01,-1.873895803733047094e+00,3.975472024461601084e+00,1.285516687775943023e-01
4.000000000000000000e+00,2.000000000000000000e+00,1.000000000000000000e+00,5.650000000000003630e-02,4.401890642658564667e-01,-1.871229546635102770e+00,3.972966584639535892e+00,1.439515932500422257e-01
4.000000000000000000e+00,2.000000000000000000e+00,1.000000000000000000e+00,6.250000000000004163e-02,4.432504526757889418e-01,-1.868493682271217926e+00,3.970536365803152279e+00,1.593757834123423478e-01
4.000000000000000000e+00,2.000000000000000000e+00,1.000000000000000000e+00,6.650000000000004519e-02,4.453343136748207920e-01,-1.866630598197680735e+00,3.968956215409592314e+00,1.696717226305117510e-01
4.000000000000000000e+00,2.000000000000000000e+00,1.000000000000000000e+00,7.250000000000005052e-02,4.485250352864743606e-01,-1.863776397641531579e+00,3.966643216218577184e+00,1.851348588390406558e-01
4.000000000000000000e+00,2.000000000000000000e+00,1.000000000000000000e+00,7.850000000000005584e-02,4.517943182373305167e-01,-1.860849660603448585e+00,3.964395474854365276e+00,2.006204892363248060e-01
4.000000000000000000e+00,2.000000000000000000e+00,1.000000000000000000e+00,8.250000000000005940e-02,4.540178509369898197e-01,-1.858857584963154785e+00,3.962931289786900457e+00,2.109564221906352621e-01
4.000000000000000000e+00,2.000000000000000000e+00,1.000000000000000000e+00,8.850000000000006473e-02,4.574197271982893831e-01,-1.855807100852213898e+00,3.960783475682801758e+00,2.264781187597178502e-01
4.000000000000000000e+00,2.000000000000000000e+00,1.000000000000000000e+00,9.450000000000007006e-02,4.609021858042582909e-01,-1.852680497627038347e+00,3.958690115218587824e+00,2.420206072648473650e-01
4.000000000000000000e+00,2.000000000000000000e+00,1.000000000000000000e+00,9.850000000000007361e-02,4.632689846655059229e-01,-1.850553056167451249e+00,3.957322683356793380e+00,2.523935027514636609e-01
4.000000000000000000e+00,2.000000000000000000e+00,1.000000000000000000e+00,1.045000000000000789e-01,4.668875258003866158e-01,-1.847296134219725827e+00,3.955310492014493473e+00,2.679692242175809591e-01
4.000000000000000000e+00,2.000000000000000000e+00,1.000000000000000000e+00,1.105000000000000843e-01,4.705888223814547744e-01,-1.843958765890203466e+00,3.953341027729533774e+00,2.835640180414993328e-01
4.000000000000000000e+00,2.000000000000000000e+00,1.000000000000000000e+00,1.145000000000000878e-01,4.731027529052250769e-01,-1.841688259292018293e+00,3.952049495810410207e+00,2.939708129348641008e-01
4.000000000000000000e+00,2.000000000000000000e+00,1.000000000000000000e+00,1.205000000000000931e-01,4.769439030052226025e-01,-1.838212669572024449e+00,3.950140823387557454e+00,3.095958933733659602e-01
4.000000000000000000e+00,2.000000000000000000e+00,1.000000000000000000e+00,1.265000000000000846e-01,4.808701681741502365e-01,-1.834651449934047607e+00,3.948262125461551086e+00,3.252382034123761367e-01
4.000000000000000000e+00,2.000000000000000000e+00,1.000000000000000000e+00,1.325000000000000899e-01,4.848824885270076601e-01,-1.831002408326297681e+00,3.946408329809038662e+00,3.408969945130100876e-01
4.000000000000000000e+00,2.000000000000000000e+00,1.000000000000000000e+00,1.365000000000000935e-01,4.876056567409772780e-01,-1.828519774835020595e+00,3.945183719038578118e+00,3.513449557602506546e-01
4.000000000000000000e+00,2.000000000000000000e+00,1.000000000000000000e+00,1.425000000000000988e-01,4.917635843533302853e-01,-1.824719087102677939e+00,3.943359689452778483e+00,3.670294306549047869e-01
4.000000000000000000e+00,2.000000000000000000e+00,1.000000000000000000e+00,1.485000000000001041e-01,4.960102445055367126e-01,-1.820823985712437088e+00,3.941546180667754751e+00,3.827281556434674048e-01
4.000000000000000000e+00,2.000000000000000000e+00,1.000000000000000000e+00,1.525000000000001077e-01,4.988911757073814512e-01,-1.818173434172651204e+00,3.940340193434925364e+00,3.932014224656477097e-01
4.000000000000000000e+00,2.000000000000000000e+00,1.000000000000000000e+00,1.585000000000001130e-01,5.032881306440751823e-01,-1.814114708577406754e+00,3.938531362624820176e+00,4.089217457798526301e-01
4.000000000000000000e+00,2.000000000000000000e+00,1.000000000000000000e+00,1.645000000000001183e-01,5.077767772853440942e-01,-1.809953740258438470e+00,3.936717283563699432e+00,4.246536027507022970e-01
4.000000000000000000e+00,2.000000000000000000e+00,1.000000000000000000e+00,1.685000000000001219e-01,5.108207348328324127e-01,-1.807121339331912990e+00,3.935501873519350546e+00,4.351473332702261443e-01
4.000000000000000000e+00,2.000000000000000000e+00,1.000000000000000000e+00,1.745000000000001272e-01,5.154648738135163555e-01,-1.802782525866614582e+00,3.933664899394739844e+00,4.508957202725535351e-01
4.000000000000000000e+00,2.000000000000000000e+00,1.000000000000000000e+00,1.805000000000001326e-01,5.202039938306817213e-01,-1.798332173744568996e+00,3.931805303178214306e+00,4.666522184817379904e-01
4.000000000000000000e+00,2.000000000000000000e+00,1.000000000000000000e+00,1.845000000000001361e-01,5.234168290310993177e-01,-1.795301380614857445e+00,3.930549567852740456e+00,4.771603122143144304e-01
4.000000000000000000e+00,2.000000000000000000e+00,1.000000000000000000e+00,1.905000000000001414e-01,5.283172349373971288e-01,-1.790656287106001665e+00,3.928636615016811273e+00,4.929268744551879022e-01
4.000000000000000000e+00,2.000000000000000000e+00,1.000000000000000000e+00,1.965000000000001468e-01,5.333162974552213553e-01,-1.785888600852506336e+00,3.926681791626126294e+00,5.086971385907286258e-01
4.000000000000000000e+00,2.000000000000000000e+00,1.000000000000000000e+00,2.005000000000001503e-01,5.367045482829255754e-01,-1.782639741967448010e+00,3.925351492171595957e+00,5.192117358144303640e-01
4.000000000000000000e+00,2.000000000000000000e+00,1.000000000000000000e+00,2.065000000000001557e-01,5.418713833037830385e-01,-1.777657193930617385e+00,3.923309461049591995e+00,5.349836688589887368e-01
4.000000000000000000e+00,2.000000000000000000e+00,1.000000000000000000e+00,2.125000000000001610e-01,5.471409994090604689e-01,-1.772538866499807408e+00,3.921204100697349482e+00,5.507535447767132331e-01
4.000000000000000000e+00,2.000000000000000000e+00,1.000000000000000000e+00,2.165000000000001645e-01,5.507120019517489640e-01,-1.769048471070007178e+00,3.919761064309032150e+00,5.612643799138880008e-01
4.000000000000000000e+00,2.000000000000000000e+00,1.000000000000000000e+00,2.225000000000001699e-01,5.561566825590791296e-01,-1.763691228933656596e+00,3.917530630123602364e+00,5.770249096822824830e-01
4.000000000000000000e+00,2.000000000000000000e+00,1.000000000000000000e+00,2.285000000000001752e-01,5.617087883080008615e-01,-1.758182402886199647e+00,3.915212778324975051e+00,5.927757984676826908e-01
4.000000000000000000e+00,2.000000000000000000e+00,1.000000000000000000e+00,2.325000000000001787e-01,5.654708035665607646e-01,-1.754422337666045051e+00,3.913614150734225472e+00,6.032693529604596927e-01
4.000000000000000000e+00,2.000000000000000000e+00,1.000000000000000000e+00,2.385000000000001841e-01,5.712061995535748782e-01,-1.748645682675076918e+00,3.911128558609556993e+00,6.189963479916847922e-01
4.000000000000000000e+00,2.000000000000000000e+00,1.000000000000000000e+00,2.445000000000001894e-01,5.770542667121513203e-01,-1.742698382240295052e+00,3.908528301635898927e+00,6.347036613713402664e-01
4.000000000000000000e+00,2.000000000000000000e+00,1.000000000000000000e+00,2.485000000000001930e-01,5.810166268685108548e-01,-1.738634710676234763e+00,3.906725604369569282e+00,6.451620360372266605e-01
4.000000000000000000e+00,2.000000000000000000e+00,1.000000000000000000e+00,2.545000000000001705e-01,5.870572900283244078e-01,-1.732384571574773213e+00,3.903909145723615026e+00,6.608261504193737590e-01
4.000000000000000000e+00,2.000000000000000000e+00,1.000000000000000000e+00,2.605000000000001759e-01,5.932165680568778354e-01,-1.725940610296006872e+00,3.900946941901771936e+00,6.764572296511301985e-01
4.000000000000000000e+00,2.000000000000000000e+00,1.000000000000000000e+00,2.665000000000001812e-01,5.994968914578733266e-01,-1.719292847573142602e+00,3.897826179769158461e+00,6.920491840687490459e-01
4.000000000000000000e+00,2.000000000000000000e+00,1.000000000000000000e+00,2.705000000000001847e-01,6.037522757355832104e-01,-1.714742488379116470e+00,3.895650935125136272e+00,7.024187608232703717e-01
4.000000000000000000e+00,2.000000000000000000e+00,1.000000000000000000e+00,2.765000000000001901e-01,6.102400719962854936e-01,-1.707730628458701938e+00,3.892235471203478347e+00,7.179300218401837297e-01
4.000000000000000000e+00,2.000000000000000000e+00,1.000000000000000000e+00,2.825000000000001954e-01,6.168559997088913782e-01,-1.700484130265816907e+00,3.888623626970506120e+00,7.333822292176203073e-01
4.000000000000000000e+00,2.000000000000000000e+00,1.000000000000000000e+00,2.865000000000001990e-01,6.213392307465932518e-01,-1.695516194217034700e+00,3.886098895536385545e+00,7.436464231014199289e-01
4.000000000000000000e+00,2.000000000000000000e+00,1.000000000000000000e+00,2.925000000000002043e-01,6.281752383565822884e-01,-1.687848209251769260e+00,3.882124291464080112e+00,7.589793606528492109e-01
4.000000000000000000e+00,2.000000000000000000e+00,1.000000000000000000e+00,2.985000000000002096e-01,6.351474545948410100e-01,-1.679907050192139595e+00,3.877909125768064680e+00,7.742263633570465320e-01
4.000000000000000000e+00,2.000000000000000000e+00,1.000000000000000000e+00,3.025000000000002132e-01,6.398729006631287408e-01,-1.674452875431071242e+00,3.874956265436397373e+00,7.843372274032782698e-01
4.000000000000000000e+00,2.000000000000000000e+00,1.000000000000000000e+00,3.085000000000002185e-01,6.470795843793676339e-01,-1.666017963251321898e+00,3.870298363311202916e+00,7.994126946169017867e-01
4.000000000000000000e+00,2.000000000000000000e+00,1.000000000000000000e+00,3.145000000000002238e-01,6.544317063647591137e-01,-1.657260952506858454e+00,3.865347654522892640e+00,8.143656252280988550e-01
4.000000000000000000e+00,2.000000000000000000e+00,1.000000000000000000e+00,3.185000000000002274e-01,6.594157866302594595e-01,-1.651233334937967312e+00,3.861873650779125366e+00,8.242578539472511512e-01
4.000000000000000000e+00,2.000000000000000000e+00,1.000000000000000000e+00,3.245000000000002327e-01,6.670188403355407081e-01,-1.641889972988795909e+00,3.856384979070800689e+00,8.389676610121390432e-01
4.000000000000000000e+00,2.000000000000000000e+00,1.000000000000000000e+00,3.305000000000002380e-01,6.747779085790102105e-01,-1.632161201085956748e+00,3.850540839165227158e+00,8.535044676525884721e-01
4.000000000000000000e+00,2.000000000000000000e+00,1.000000000000000000e+00,3.345000000000002416e-01,6.800394397061200191e-01,-1.625447237786718624e+00,3.846434102203918126e+00,8.630879842119054679e-01
4.000000000000000000e+00,2.000000000000000000e+00,1.000000000000000000e+00,3.405000000000002469e-01,6.880683400854352705e-01,-1.615010933628587386e+00,3.839936855129982618e+00,8.772821915730562026e-01
4.000000000000000000e+00,2.000000000000000000e+00,1.000000000000000000e+00,3.465000000000002522e-01,6.962654202676225035e-01,-1.604105364415166379e+00,3.833007710446240335e+00,8.912326701939889961e-01
4.000000000000000000e+00,2.000000000000000000e+00,1.000000000000000000e+00,3.505000000000002558e-01,7.018260484071842109e-01,-1.596555420397111069e+00,3.828132082939097902e+00,9.003811531543040036e-01
4.000000000000000000e+00,2.000000000000000000e+00,1.000000000000000000e+00,3.565000000000002611e-01,7.103147585262553632e-01,-1.584779592292034689e+00,3.820407994678858721e+00,9.138481758190990512e-01
4.000000000000000000e+00,2.000000000000000000e+00,1.000000000000000000e+00,3.625000000000002665e-01,7.189857288220836695e-01,-1.572420219831557109e+00,3.812156846257664267e+00,9.269701892145405520e-01
4.000000000000000000e+00,2.000000000000000000e+00,1.000000000000000000e+00,3.665000000000002700e-01,7.248705145456217913e-01,-1.563830193105721245e+00,3.806342711868794915e+00,9.355026085305995220e-01
4.000000000000000000e+00,2.000000000000000000e+00,1.000000000000000000e+00,3.725000000000002753e-01,7.338584785478965422e-01,-1.550374978427380368e+00,3.797117806498004011e+00,9.479367506281370925e-01
4.000000000000000000e+00,2.000000000000000000e+00,1.000000000000000000e+00,3.785000000000002807e-01,7.430452163564167378e-01,-1.536174853914635596e+00,3.787244203601006109e+00,9.598767343814067488e-01
4.000000000000000000e+00,2.000000000000000000e+00,1.000000000000000000e+00,3.825000000000002842e-01,7.492835738761006725e-01,-1.526256203543592038e+00,3.780274592952157509e+00,9.675262094580299177e-01
4.000000000000000000e+00,2.000000000000000000e+00,1.000000000000000000e+00,3.885000000000002895e-01,7.588174422818482201e-01,-1.510634786842229849e+00,3.769194881252262430e+00,9.784719742489125238e-01
4.000000000000000000e+00,2.000000000000000000e+00,1.000000000000000000e+00,3.945000000000002949e-01,7.685701022859994236e-01,-1.494030169794237528e+00,3.757305445241870157e+00,9.886957209593238982e-01
4.000000000000000000e+00,2.000000000000000000e+00,1.000000000000000000e+00,4.005000000000003002e-01,7.785504377676448762e-01,-1.476322865376382243e+00,3.744531486818234001e+00,9.980811402276563715e-01
4.000000000000000000e+00,2.000000000000000000e+00,1.000000000000000000e+00,4.045000000000003038e-01,7.853353746977419503e-01,-1.463836150690979609e+00,3.735482487573346333e+00,1.003804441942335979e+00
4.000000000000000000e+00,2.000000000000000000e+00,1.000000000000000000e+00,4.105000000000003091e-01,7.957182329747691796e-01,-1.443960297383114266e+00,3.721038455763169939e+00,1.011467513333288659e+00
4.000000000000000000e+00,2.000000000000000000e+00,1.000000000000000000e+00,4.165000000000003144e-01,8.063594829884211945e-01,-1.422532862992088365e+00,3.705451906406802554e+00,1.017849075828750394e+00
4.000000000000000000e+00,2.000000000000000000e+00,1.000000000000000000e+00,4.205000000000003180e-01,8.136050815414325177e-01,-1.407269384927778644e+00,3.694363848972542108e+00,1.021275469379429035e+00
4.000000000000000000e+00,2.000000000000000000e+00,1.000000000000000000e+00,4.265000000000003233e-01,8.247156325279038080e-01,-1.382692992586889602e+00,3.676576351760942885e+00,1.024960026474573294e+00
4.000000000000000000e+00,2.000000000000000000e+00,1.000000000000000000e+00,4.325000000000003286e-01,8.361407734261602220e-01,-1.355782374016333280e+00,3.657244750988872806e+00,1.026581759159036045e+00
4.000000000000000000e+00,2.000000000000000000e+00,1.000000000000000000e+00,4.365000000000003322e-01,8.439503285747123051e-01,-1.336329224785786085e+00,3.643394630470892626e+00,1.026300922957766204e+00
4.000000000000000000e+00,2.000000000000000000e+00,1.000000000000000000e+00,4.425000000000003375e-01,8.559930968284039654e-01,-1.304469399006886077e+00,3.620981593725792980e+00,1.023425943478522893e+00
4.000000000000000000e+00,2.000000000000000000e+00,1.000000000000000000e+00,4.485000000000003428e-01,8.685012428690361830e-01,-1.268757271610256199e+00,3.596307351686156117e+00,1.016971755771661989e+00
4.000000000000000000e+00,2.000000000000000000e+00,1.000000000000000000e+00,4.525000000000003464e-01,8.771575003743095067e-01,-1.242357837913996566e+00,3.578393612318883310e+00,1.010231121745572391e+00
4.000000000000000000e+00,2.000000000000000000e+00,1.000000000000000000e+00,4.585000000000003517e-01,8.907568161713864674e-01,-1.197973091891563868e+00,3.548913971242957821e+00,9.955693750155933941e-01
4.000000000000000000e+00,2.000000000000000000e+00,1.000000000000000000e+00,4.645000000000003570e-01,9.053539847814165986e-01,-1.146385849806466961e+00,3.515637434980156240e+00,9.739917359149425913e-01
4.000000000000000000e+00,2.000000000000000000e+00,1.000000000000000000e+00,4.685000000000003606e-01,9.158482475861683403e-01,-1.106905578638260002e+00,3.490859549017280017e+00,9.546736108793931752e-01
4.000000000000000000e+00,2.000000000000000000e+00,1.000000000000000000e+00,4.745000000000003659e-01,9.331542387208021649e-01,-1.037719122384208381e+00,3.448853427238012692e+00,9.159186958366389852e-01
4.000000000000000000e+00,2.000000000000000000e+00,1.000000000000000000e+00,4.805000000000003713e-01,9.528294907082536236e-01,-9.522005682675707128e-01,3.399668565745277427e+00,8.608590761071936992e-01
4.000000000000000000e+00,2.000000000000000000e+00,1.000000000000000000e+00,4.843181795746886453e-01,9.666336464119895666e-01,-8.854072265967893873e-01,3.363882116470684913e+00,8.132195602971057369e-01
4.000000000000000000e+00,2.000000000000000000e+00,1.000000000000000000e+00,4.889212884896302347e-01,9.842903230165026551e-01,-7.842859905862430425e-01,3.315194579691465471e+00,7.345507027247329956e-01
4.000000000000000000e+00,2.000000000000000000e+00,1.000000000000000000e+00,4.923429138536687399e-01,9.984186371510712643e-01,-6.841613739469858402e-01,3.273546549776442660e+00,6.504668111908107342e-01
4.000000000000000000e+00,2.000000000000000000e+00,1.000000000000000000e+00,4.941358599905211202e-01,1.006836127768596656e+00,-6.173848068516031296e-01,3.248738388148598055e+00,5.918583259443517264e-01
4.000000000000000000e+00,2.000000000000000000e+00,1.000000000000000000e+00,4.963000650956643223e-01,1.017840805024108342e+00,-5.156223033458393612e-01,3.215829784448924311e+00,4.994475172778014560e-01
4.000000000000000000e+00,2.000000000000000000e+00,1.000000000000000000e+00,4.978143225939792305e-01,1.021031698456259296e+00,-4.175504492886865093e-01,3.195079337578647927e+00,4.068115771049033436e-01
4.000000000000000000e+00,2.000000000000000000e+00,1.000000000000000000e+00,4.984464550008716466e-01,1.019843215794064228e+00,-3.595976938011345991e-01,3.187684508109839054e+00,3.509222043080533204e-01
4.000000000000000000e+00,2.000000000000000000e+00,1.000000000000000000e+00,4.991023794001164249e-01,1.018644999580654575e+00,-2.748956477187737280e-01,3.178790709857292285e+00,2.687355287575687868e-01
4.000000000000000000e+00,2.000000000000000000e+00,1.000000000000000000e+00,4.995316144572510275e-01,1.011706884220519465e+00,-1.939892632218347401e-01,3.178505759041079681e+00,1.894721437887715021e-01
5.000000000000000000e+00,2.000000000000000000e+00,1.000000000000000000e+00,0.000000000000000000e+00,3.385988061397964266e-01,-2.391216108181499767e+00,4.000000000000000000e+00,0.000000000000000000e+00
5.000000000000000000e+00,2.000000000000000000e+00,1.000000000000000000e+00,2.500000000000000052e-03,3.395224810587315623e-01,-2.389899570891817593e+00,3.998888434642572154e+00,7.972172029434072826e-03
5.000000000000000000e+00,2.000000000000000000e+00,1.000000000000000000e+00,8.500000000000000611e-03,3.418091142886900968e-01,-2.386676495168112755e+00,3.996358811740011951e+00,2.711661547171315828e-02
5.000000000000000000e+00,2.000000000000000000e+00,1.000000000000000000e+00,1.450000000000000074e-02,3.441950308433953110e-01,-2.383364247569124128e+00,3.994020804299939886e+00,4.627549078058544596e-02
5.000000000000000000e+00,2.000000000000000000e+00,1.000000000000000000e+00,1.850000000000000255e-02,3.458412150795060480e-01,-2.381106711426311584e+00,3.992566447018554676e+00,5.905526487408596648e-02
5.000000000000000000e+00,2.000000000000000000e+00,1.000000000000000000e+00,2.450000000000000788e-02,3.483944248248494469e-01,-2.377646555462967992e+00,3.990538076907691245e+00,7.823455085233053941e-02
5.000000000000000000e+00,2.000000000000000000e+00,1.000000000000000000e+00,3.050000000000001321e-02,3.510489853023802120e-01,-2.374097957598003017e+00,3.988689424822419838e+00,9.742408731774920838e-02
5.000000000000000000e+00,2.000000000000000000e+00,1.000000000000000000e+00,3.450000000000001676e-02,3.528753200568514603e-01,-2.371683156196854547e+00,3.987554509984774676e+00,1.102221308801067112e-01
5.000000000000000000e+00,2.000000000000000000e+00,1.000000000000000000e+00,4.050000000000002209e-02,3.557001990107792055e-01,-2.367987382737885227e+00,3.985994841640348785e+00,1.294257862567039508e-01
5.000000000000000000e+00,2.000000000000000000e+00,1.000000000000000000e+00,4.650000000000002742e-02,3.586279994888433298e-01,-2.364203278029452182e+00,3.984602020261541533e+00,1.486363089459557807e-01
5.000000000000000000e+00,2.000000000000000000e+00,1.000000000000000000e+00,5.250000000000003275e-02,3.616591915651198308e-01,-2.360330689737224930e+00,3.983370980698580421e+00,1.678526206013710720e-01
5.000000000000000000e+00,2.000000000000000000e+00,1.000000000000000000e+00,5.650000000000003630e-02,3.637376304027973295e-01,-2.357699676718678194e+00,3.982637607852934636e+00,1.806662219854262841e-01
5.000000000000000000e+00,2.000000000000000000e+00,1.000000000000000000e+00,6.250000000000004163e-02,3.669420242740288884e-01,-2.353678943974626847e+00,3.981664605867238471e+00,1.998900418917681776e-01
5.000000000000000000e+00,2.000000000000000000e+00,1.000000000000000000e+00,6.850000000000004696e-02,3.702507802271143844e-01,-2.349568706476769187e+00,3.980839263693281449e+00,2.191172242259272207e-01
5.000000000000000000e+00,2.000000000000000000e+00,1.000000000000000000e+00,7.250000000000005052e-02,3.725147318072983271e-01,-2.346778513481712292e+00,3.980368346006586844e+00,2.319368348741224217e-01
5.000000000000000000e+00,2.000000000000000000e+00,1.000000000000000000e+00,7.850000000000005584e-02,3.759980045340993726e-01,-2.342517604770860018e+00,3.979776766105595609e+00,2.511679637161806644e-01
5.000000000000000000e+00,2.000000000000000000e+00,1.000000000000000000e+00,8.450000000000006117e-02,3.795862668465604384e-01,-2.338165140564472555e+00,3.979317836818833332e+00,2.704005734152050699e-01
5.000000000000000000e+00,2.000000000000000000e+00,1.000000000000000000e+00,9.050000000000006650e-02,3.832796862436071428e-01,-2.333720051034585907e+00,3.978985697103555541e+00,2.896340663096627077e-01
5.000000000000000000e+00,2.000000000000000000e+00,1.000000000000000000e+00,9.450000000000007006e-02,3.858004553716894991e-01,-2.330704591549037641e+00,3.978831755904072676e+00,3.024566107362276490e-01
5.000000000000000000e+00,2.000000000000000000e+00,1.000000000000000000e+00,1.005000000000000754e-01,3.896694309711478676e-01,-2.326102263048027030e+00,3.978697550811574501e+00,3.216903625125087651e-01
5.000000000000000000e+00,2.000000000000000000e+00,1.000000000000000000e+00,1.065000000000000807e-01,3.936438836488111992e-01,-2.321403563330816322e+00,3.978673855378965563e+00,3.409235906751069134e-01
5.000000000000000000e+00,2.000000000000000000e+00,1.000000000000000000e+00,1.105000000000000843e-01,3.963521613988823522e-01,-2.318216693391952354e+00,3.978716316858101898e+00,3.537452103295256056e-01
5.000000000000000000e+00,2.000000000000000000e+00,1.000000000000000000e+00,1.165000000000000896e-01,4.005026044532952745e-01,-2.313353344588206628e+00,3.978862591495203382e+00,3.729764820517708634e-01
5.000000000000000000e+00,2.000000000000000000e+00,1.000000000000000000e+00,1.225000000000000949e-01,4.047587503817442478e-01,-2.308388438626432837e+00,3.979102071792763873e+00,3.922059280152284666e-01
5.000000000000000000e+00,2.000000000000000000e+00,1.000000000000000000e+00,1.285000000000000864e-01,4.091206830222252622e-01,-2.303319621779845505e+00,3.979427977123883853e+00,4.114330395209442326e-01
5.000000000000000000e+00,2.000000000000000000e+00,1.000000000000000000e+00,1.325000000000000899e-01,4.120874531495837823e-01,-2.299881413180995704e+00,3.979689834801683812e+00,4.242495518690925227e-01
5.000000000000000000e+00,2.000000000000000000e+00,1.000000000000000000e+00,1.385000000000000953e-01,4.166259064446572458e-01,-2.294633530638670926e+00,3.980144238962254111e+00,4.434715494632589516e-01
5.000000000000000000e+00,2.000000000000000000e+00,1.000000000000000000e+00,1.445000000000001006e-01,4.212704238177047977e-01,-2.289274267133161178e+00,3.980666110386222645e+00,4.626896612926126862e-01
5.000000000000000000e+00,2.000000000000000000e+00,1.000000000000000000e+00,1.485000000000001041e-01,4.244257606544948880e-01,-2.285637936680352311e+00,3.981047825869949541e+00,4.754992358842081712e-01
5.000000000000000000e+00,2.000000000000000000e+00,1.000000000000000000e+00,1.545000000000001095e-01,4.292473748183954219e-01,-2.280085603782330050e+00,3.981665432567088825e+00,4.947092775420471877e-01
5.000000000000000000e+00,2.000000000000000000e+00,1.000000000000000000e+00,1.605000000000001148e-01,4.341754886414150860e-01,-2.274412502049245610e+00,3.982330089811128460e+00,5.139133670863316183e-01
5.000000000000000000e+00,2.000000000000000000e+00,1.000000000000000000e+00,1.665000000000001201e-01,4.392103262178919110e-01,-2.268614563715813937e+00,3.983033708225008684e+00,5.331105305990164744e-01
5.000000000000000000e+00,2.000000000000000000e+00,1.000000000000000000e+00,1.705000000000001237e-01,4.426263037262618272e-01,-2.264677764493894685e+00,3.983520319209750582e+00,5.459042490664173242e-01
5.000000000000000000e+00,2.000000000000000000e+00,1.000000000000000000e+00,1.765000000000001290e-01,4.478396203411074139e-01,-2.258661844140336328e+00,3.984270174216964389e+00,5.650873202137847162e-01
5.000000000000000000e+00,2.000000000000000000e+00,1.000000000000000000e+00,1.825000000000001343e-01,4.531604625055619673e-01,-2.252508616823224230e+00,3.985036080373795198e+00,5.842601345930354961e-01
5.000000000000000000e+00,2.000000000000000000e+00,1.000000000000000000e+00,1.865000000000001379e-01,4.567676163704508241e-01,-2.248327561795184337e+00,3.985551095908261399e+00,5.970355370022800701e-01
5.000000000000000000e+00,2.000000000000000000e+00,1.000000000000000000e+00,1.925000000000001432e-01,4.622685576311031386e-01,-2.241933424232143590e+00,3.986323246900385975e+00,6.161876168307639512e-01
5.000000000000000000e+00,2.000000000000000000e+00,1.000000000000000000e+00,1.985000000000001485e-01,4.678781814490505231e-01,-2.235386841349747744e+00,3.987086268476347950e+00,6.353246914950014812e-01
5.000000000000000000e+00,2.000000000000000000e+00,1.000000000000000000e+00,2.025000000000001521e-01,4.716785738242722514e-01,-2.230934590122895411e+00,3.987584894328494833e+00,6.480733057014204102e-01
5.000000000000000000e+00,2.000000000000000000e+00,1.000000000000000000e+00,2.085000000000001574e-01,4.774705640486000546e-01,-2.224119347252594636e+00,3.988309995324859081e+00,6.671802205461321300e-01
5.000000000000000000e+00,2.000000000000000000e+00,1.000000000000000000e+00,2.145000000000001628e-01,4.833728124417455696e-01,-2.217133369988566471e+00,3.988998023972115448e+00,6.862654308160089922e-01
5.000000000000000000e+00,2.000000000000000000e+00,1.000000000000000000e+00,2.205000000000001681e-01,4.893860285711641445e-01,-2.209968863956612406e+00,3.989637669237928730e+00,7.053257882348091812e-01
5.000000000000000000e+00,2.000000000000000000e+00,1.000000000000000000e+00,2.245000000000001716e-01,4.934568684600496580e-01,-2.205089236465199942e+00,3.990031404440967933e+00,7.180171463017491762e-01
5.000000000000000000e+00,2.000000000000000000e+00,1.000000000000000000e+00,2.305000000000001770e-01,4.996567916753033578e-01,-2.197608283991171696e+00,3.990563871115662575e+00,7.370279469162900332e-01
5.000000000000000000e+00,2.000000000000000000e+00,1.000000000000000000e+00,2.365000000000001823e-01,5.059699106219921472e-01,-2.189925089867084118e+00,3.991015185146593591e+00,7.560033560505194927e-01
5.000000000000000000e+00,2.000000000000000000e+00,1.000000000000000000e+00,2.405000000000001859e-01,5.102420183118235864e-01,-2.184685629636014870e+00,3.991264390428581610e+00,7.686315691581429022e-01
5.000000000000000000e+00,2.000000000000000000e+00,1.000000000000000000e+00,2.465000000000001912e-01,5.167459848423996416e-01,-2.176642465556282602e+00,3.991550357566935769e+00,7.875367915901156923e-01
5.000000000000000000e+00,2.000000000000000000e+00,1.000000000000000000e+00,2.525000000000001688e-01,5.233658935999893069e-01,-2.168368283539540808e+00,3.991717923758422160e+00,8.063921392959363388e-01
5.000000000000000000e+00,2.000000000000000000e+00,1.000000000000000000e+00,2.585000000000001741e-01,5.301029139674854340e-01,-2.159850729342057019e+00,3.991751756595475431e+00,8.251909007822926245e-01
5.000000000000000000e+00,2.000000000000000000e+00,1.000000000000000000e+00,2.625000000000001776e-01,5.346599345726481545e-01,-2.154030609466483615e+00,3.991692064114510607e+00,8.376882840403296893e-01
5.000000000000000000e+00,2.000000000000000000e+00,1.000000000000000000e+00,2.685000000000001830e-01,5.415949486442843686e-01,-2.145077263835691639e+00,3.991466609609411798e+00,8.563755190847657239e-01
5.000000000000000000e+00,2.000000000000000000e+00,1.000000000000000000e+00,2.745000000000001883e-01,5.486505718848266877e-01,-2.135842516780526612e+00,3.991062202727439612e+00,8.749839299680546301e-01
5.000000000000000000e+00,2.000000000000000000e+00,1.000000000000000000e+00,2.785000000000001918e-01,5.534220427035182466e-01,-2.129521600209676624e+00,3.990683935682675099e+00,8.873407158501362968e-01
5.000000000000000000e+00,2.000000000000000000e+00,1.000000000000000000e+00,2.845000000000001972e-01,5.606819616579685750e-01,-2.119780521200358425e+00,3.989938897337644175e+00,9.057942663611990852e-01
5.000000000000000000e+00,2.000000000000000000e+00,1.000000000000000000e+00,2.905000000000002025e-01,5.680665581104836770e-01,-2.109710840017913647e+00,3.988962104090765681e+00,9.241386417424759525e-01
5.000000000000000000e+00,2.000000000000000000e+00,1.000000000000000000e+00,2.965000000000002078e-01,5.755775102920497321e-01,-2.099291905510341394e+00,3.987731395015244207e+00,9.423597742645406505e-01
5.000000000000000000e+00,2.000000000000000000e+00,1.000000000000000000e+00,3.005000000000002114e-01,5.806558758528599373e-01,-2.092140861277978825e+00,3.986758245374688148e+00,9.544309844357130590e-01
5.000000000000000000e+00,2.000000000000000000e+00,1.000000000000000000e+00,3.065000000000002167e-01,5.883813825018648913e-01,-2.081088637147936904e+00,3.985050985679225111e+00,9.724105232413782218e-01
5.000000000000000000e+00,2.000000000000000000e+00,1.000000000000000000e+00,3.125000000000002220e-01,5.962381470178823584e-01,-2.069622060681680864e+00,3.983023010588393475e+00,9.902199562569153901e-01
5.000000000000000000e+00,2.000000000000000000e+00,1.000000000000000000e+00,3.165000000000002256e-01,6.015499011746158198e-01,-2.061733301158878984e+00,3.981478897855305732e+00,1.001987722424569016e+00
5.000000000000000000e+00,2.000000000000000000e+00,1.000000000000000000e+00,3.225000000000002309e-01,6.096299566865682751e-01,-2.049510326206311905e+00,3.978852151936630666e+00,1.019463641543675969e+00
5.000000000000000000e+00,2.000000000000000000e+00,1.000000000000000000e+00,3.285000000000002363e-01,6.178468854829045620e-01,-2.036788894622866053e+00,3.975823921508428782e+00,1.036704525851793068e+00
5.000000000000000000e+00,2.000000000000000000e+00,1.000000000000000000e+00,3.345000000000002416e-01,6.262030243666709683e-01,-2.023531041378061168e+00,3.972359392292505120e+00,1.053679829634952325e+00
5.000000000000000000e+00,2.000000000000000000e+00,1.000000000000000000e+00,3.385000000000002451e-01,6.318523468039948243e-01,-2.014373769776200973e+00,3.969788799465375995e+00,1.064832181812924494e+00
5.000000000000000000e+00,2.000000000000000000e+00,1.000000000000000000e+00,3.445000000000002505e-01,6.404461454692670364e-01,-2.000125436328615613e+00,3.965511535570271029e+00,1.081285223526067485e+00
5.000000000000000000e+00,2.000000000000000000e+00,1.000000000000000000e+00,3.505000000000002558e-01,6.491862805507540024e-01,-1.985216343464520250e+00,3.960689577786763671e+00,1.097368725272487966e+00
5.000000000000000000e+00,2.000000000000000000e+00,1.000000000000000000e+00,3.545000000000002593e-01,6.550958829252180315e-01,-1.974881727933682329e+00,3.957148918712509733e+00,1.107861511804405952e+00
5.000000000000000000e+00,2.000000000000000000e+00,1.000000000000000000e+00,3.605000000000002647e-01,6.640871435629653874e-01,-1.958739739834040261e+00,3.951310568810205037e+00,1.123215056757355557e+00
5.000000000000000000e+00,2.000000000000000000e+00,1.000000000000000000e+00,3.665000000000002700e-01,6.732341649817794593e-01,-1.941765932404149630e+00,3.944788958565343506e+00,1.138049341198321907e+00
5.000000000000000000e+00,2.000000000000000000e+00,1.000000000000000000e+00,3.705000000000002736e-01,6.794209640511017501e-01,-1.929948397377944325e+00,3.940031051398546591e+00,1.147614951452850862e+00
5.000000000000000000e+00,2.000000000000000000e+00,1.000000000000000000e+00,3.765000000000002789e-01,6.888383471915000555e-01,-1.911402343068484111e+00,3.932228197182474183e+00,1.161416573670295938e+00
5.000000000000000000e+00,2.000000000000000000e+00,1.000000000000000000e+00,3.825000000000002842e-01,6.984262208679147266e-01,-1.891780577729439861e+00,3.923558371853689941e+00,1.174477913915485949e+00
5.000000000000000000e+00,2.000000000000000000e+00,1.000000000000000000e+00,3.885000000000002895e-01,7.081928410204462176e-01,-1.870964429373398019e+00,3.913936131699488286e+00,1.186689589922991228e+00
5.000000000000000000e+00,2.000000000000000000e+00,1.000000000000000000e+00,3.925000000000002931e-01,7.148084246910607620e-01,-1.856355981307900915e+00,3.906944618554524240e+00,1.194296078713140696e+00
5.000000000000000000e+00,2.000000000000000000e+00,1.000000000000000000e+00,3.985000000000002984e-01,7.248987160781432681e-01,-1.833229555930895760e+00,3.895511231925555595e+00,1.204794555569673964e+00
5.000000000000000000e+00,2.000000000000000000e+00,1.000000000000000000e+00,4.045000000000003038e-01,7.352055094589747819e-01,-1.808482607037166012e+00,3.882830909007335407e+00,1.214046021959553912e+00
5.000000000000000000e+00,2.000000000000000000e+00,1.000000000000000000e+00,4.085000000000003073e-01,7.422087716752355790e-01,-1.790979065290189354e+00,3.873613856328468330e+00,1.219422131986714675e+00
5.000000000000000000e+00,2.000000000000000000e+00,1.000000000000000000e+00,4.145000000000003126e-01,7.529357925996085221e-01,-1.763029197074148291e+00,3.858519138967978268e+00,1.226124143290389101e+00
5.000000000000000000e+00,2.000000000000000000e+00,1.000000000000000000e+00,4.205000000000003180e-01,7.639689139250255279e-01,-1.732780670680672097e+00,3.841726101495630541e+00,1.230942451922756531e+00
5.000000000000000000e+00,2.000000000000000000e+00,1.000000000000000000e+00,4.265000000000003233e-01,7.753694640753133749e-01,-1.699876925502406433e+00,3.822999550900189725e+00,1.233542180017528800e+00
5.000000000000000000e+00,2.000000000000000000e+00,1.000000000000000000e+00,4.305000000000003268e-01,7.832154191708948776e-01,-1.676254685672680322e+00,3.809301597928461014e+00,1.233844351806434148e+00
5.000000000000000000e+00,2.000000000000000000e+00,1.000000000000000000e+00,4.365000000000003322e-01,7.954374523950644704e-01,-1.637908603187808065e+00,3.786681187881144606e+00,1.231790923744064514e+00
5.000000000000000000e+00,2.000000000000000000e+00,1.000000000000000000e+00,4.425000000000003375e-01,8.083397847594566699e-01,-1.595506677347056312e+00,3.761202985312976921e+00,1.226200332561512063e+00
5.000000000000000000e+00,2.000000000000000000e+00,1.000000000000000000e+00,4.465000000000003411e-01,8.174163713569830847e-01,-1.564609107141461175e+00,3.742384178916350113e+00,1.220150334463346420e+00
5.000000000000000000e+00,2.000000000000000000e+00,1.000000000000000000e+00,4.525000000000003464e-01,8.319279215132306948e-01,-1.513611414765058338e+00,3.710958234715672432e+00,1.206909650545135326e+00
5.000000000000000000e+00,2.000000000000000000e+00,1.000000000000000000e+00,4.585000000000003517e-01,8.477798783912011693e-01,-1.455935817414031996e+00,3.675044599963630088e+00,1.187592345291841101e+00
5.000000000000000000e+00,2.000000000000000000e+00,1.000000000000000000e+00,4.645000000000003570e-01,8.653024502551892594e-01,-1.389902825658212659e+00,3.633756050280570804e+00,1.160508751926939031e+00
5.000000000000000000e+00,2.000000000000000000e+00,1.000000000000000000e+00,4.685000000000003606e-01,8.780812454216349039e-01,-1.340040225897009218e+00,3.602703409386619260e+00,1.136911131547019060e+00
5.000000000000000000e+00,2.000000000000000000e+00,1.000000000000000000e+00,4.745000000000003659e-01,8.991661996140432045e-01,-1.253666427507123426e+00,3.549762124152045395e+00,1.090291330164501860e+00
5.000000000000000000e+00,2.000000000000000000e+00,1.000000000000000000e+00,4.804212530476337784e-01,9.227095076959518360e-01,-1.149205015548254494e+00,3.488160209220610319e+00,1.025322347852028138e+00
5.000000000000000000e+00,2.000000000000000000e+00,1.000000000000000000e+00,4.838601810955266425e-01,9.380252913968154527e-01,-1.075660391096010526e+00,3.446859120491146289e+00,9.747297423225462776e-01
5.000000000000000000e+00,2.000000000000000000e+00,1.000000000000000000e+00,4.881266411599590183e-01,9.592255785556845771e-01,-9.645596740523024737e-01,3.388328686316012472e+00,8.918837208420071772e-01
5.000000000000000000e+00,2.000000000000000000e+00,1.000000000000000000e+00,4.914882345709423728e-01,9.776121084880741163e-01,-8.530582592778109818e-01,3.335387649680996880e+00,8.020382304662438955e-01
5.000000000000000000e+00,2.000000000000000000e+00,1.000000000000000000e+00,4.940506969455076280e-01,9.922143943770160845e-01,-7.433429098168569116e-01,3.290164911331461717e+00,7.080720136226134054e-01
5.000000000000000000e+00,2.000000000000000000e+00,1.000000000000000000e+00,4.953870145714525663e-01,1.000230882563184487e+00,-6.716756408180896143e-01,3.264185317074927983e+00,6.443140650504132205e-01
5.000000000000000000e+00,2.000000000000000000e+00,1.000000000000000000e+00,4.969802894951727557e-01,1.010915630689301681e+00,-5.648582532954475877e-01,3.229918442105054854e+00,5.466566310016084396e-01
5.000000000000000000e+00,2.000000000000000000e+00,1.000000000000000000e+00,4.981816896146240015e-01,1.017580985027976892e+00,-4.584156573238474253e-01,3.203587494128947277e+00,4.464325653225020840e-01
5.000000000000000000e+00,2.000000000000000000e+00,1.000000000000000000e+00,4.987236791504401912e-01,1.017325411474382379e+00,-3.938170415891153464e-01,3.193827517289552276e+00,3.842046083050074667e-01
5.000000000000000000e+00,2.000000000000000000e+00,1.000000000000000000e+00,4.992555664475263333e-01,1.015838999223019679e+00,-3.055394375967067089e-01,3.184149878240736697e+00,2.984949920360394637e-01
5.000000000000000000e+00,2.000000000000000000e+00,1.000000000000000000e+00,4.996000089124416621e-01,1.012225984664977929e+00,-2.206356430006785330e-01,3.179679193341491850e+00,2.155575440629795558e-01
6.000000000000000000e+00,2.000000000000000000e+00,1.000000000000000000e+00,0.000000000000000000e+00,2.665046803970260170e-01,-2.895821252419512604e+00,4.000000000000000000e+00,0.000000000000000000e+00
6.000000000000000000e+00,2.000000000000000000e+00,1.000000000000000000e+00,2.500000000000000052e-03,2.672887570213669517e-01,-2.893838665884741701e+00,3.999138970009260330e+00,9.651687614558743245e-03
6.000000000000000000e+00,2.000000000000000000e+00,1.000000000000000000e+00,8.500000000000000611e-03,2.692942887018766607e-01,-2.888988887221500157e+00,3.997292939465137529e+00,3.280602907821808523e-02
6.000000000000000000e+00,2.000000000000000000e+00,1.000000000000000000e+00,1.450000000000000074e-02,2.714765055802890736e-01,-2.884014956636362648e+00,3.995752008820508738e+00,5.594413684145167764e-02
6.000000000000000000e+00,2.000000000000000000e+00,1.000000000000000000e+00,1.850000000000000255e-02,2.730303707493093590e-01,-2.880633194726498036e+00,3.994890380854753342e+00,7.135914966059943298e-02
6.000000000000000000e+00,2.000000000000000000e+00,1.000000000000000000e+00,2.450000000000000788e-02,2.755105181368606715e-01,-2.875466553671512937e+00,3.993840527194029821e+00,9.446433323170996821e-02
6.000000000000000000e+00,2.000000000000000000e+00,1.000000000000000000e+00,3.050000000000001321e-02,2.781701243700874238e-01,-2.870192639582964222e+00,3.993074571095106329e+00,1.175469877497591353e-01
6.000000000000000000e+00,2.000000000000000000e+00,1.000000000000000000e+00,3.650000000000001854e-02,2.810087201162456694e-01,-2.864817413286310899e+00,3.992584300890373861e+00,1.406055739169613794e-01
6.000000000000000000e+00,2.000000000000000000e+00,1.000000000000000000e+00,4.050000000000002209e-02,2.829999782535893571e-01,-2.861180418108396406e+00,3.992406524931324086e+00,1.559640229240345788e-01
6.000000000000000000e+00,2.000000000000000000e+00,1.000000000000000000e+00,4.650000000000002742e-02,2.861338106128420433e-01,-2.855648501764193270e+00,3.992357311496310235e+00,1.789801937862493808e-01
6.000000000000000000e+00,2.000000000000000000e+00,1.000000000000000000e+00,5.250000000000003275e-02,2.894418476222461734e-01,-2.850029041157046805e+00,3.992561648809116015e+00,2.019701454319481337e-01
6.000000000000000000e+00,2.000000000000000000e+00,1.000000000000000000e+00,5.850000000000003808e-02,2.929211858156161585e-01,-2.844326156857939214e+00,3.993011243326452853e+00,2.249337043597172126e-01
6.000000000000000000e+00,2.000000000000000000e+00,1.000000000000000000e+00,6.250000000000004163e-02,2.953342632501712584e-01,-2.840479622304223906e+00,3.993443149357803978e+00,2.402281241840301673e-01
6.000000000000000000e+00,2.000000000000000000e+00,1.000000000000000000e+00,6.850000000000004696e-02,2.990914192734826504e-01,-2.834645030439741920e+00,3.994283192275506877e+00,2.631480549125728152e-01
6.000000000000000000e+00,2.000000000000000000e+00,1.000000000000000000e+00,7.450000000000005229e-02,3.030100916892661811e-01,-2.828734654088580491e+00,3.995346607171355036e+00,2.860423876789277564e-01
6.000000000000000000e+00,2.000000000000000000e+00,1.000000000000000000e+00,8.050000000000005762e-02,3.070861043951176872e-01,-2.822750029565006091e+00,3.996625294189826594e+00,3.089117658725978877e-01
6.000000000000000000e+00,2.000000000000000000e+00,1.000000000000000000e+00,8.450000000000006117e-02,3.098887277180478739e-01,-2.818719457454997190e+00,3.997593373094955549e+00,3.241445280355489955e-01
6.000000000000000000e+00,2.000000000000000000e+00,1.000000000000000000e+00,9.050000000000006650e-02,3.142173365788551997e-01,-2.812612512154291533e+00,3.999212992442812364e+00,3.469740544974687091e-01
6.000000000000000000e+00,2.000000000000000000e+00,1.000000000000000000e+00,9.650000000000007183e-02,3.186916453991551768e-01,-2.806431861021663643e+00,4.001026523690931924e+00,3.697808223264540395e-01
6.000000000000000000e+00,2.000000000000000000e+00,1.000000000000000000e+00,1.025000000000000772e-01,3.233072954529910836e-01,-2.800176421504630753e+00,4.003026006538791037e+00,3.925657238897062307e-01
6.000000000000000000e+00,2.000000000000000000e+00,1.000000000000000000e+00,1.065000000000000807e-01,3.264608054168347540e-01,-2.795963743894056108e+00,4.004458369763269410e+00,4.077439441504655537e-01
6.000000000000000000e+00,2.000000000000000000e+00,1.000000000000000000e+00,1.125000000000000860e-01,3.313026043239247209e-01,-2.789579463754078059e+00,4.006750062622983499e+00,4.304943236350137203e-01
6.000000000000000000e+00,2.000000000000000000e+00,1.000000000000000000e+00,1.185000000000000914e-01,3.362746784611013173e-01,-2.783114346529972138e+00,4.009206397640201480e+00,4.532250476126752359e-01
6.000000000000000000e+00,2.000000000000000000e+00,1.000000000000000000e+00,1.245000000000000967e-01,3.413731912774145560e-01,-2.776565022959774254e+00,4.011819280186314174e+00,4.759367981647538715e-01
6.000000000000000000e+00,2.000000000000000000e+00,1.000000000000000000e+00,1.285000000000000864e-01,3.448406437252057311e-01,-2.772150109627277814e+00,4.013644131015558614e+00,4.910677072877718263e-01
6.000000000000000000e+00,2.000000000000000000e+00,1.000000000000000000e+00,1.345000000000000917e-01,3.501419418525221205e-01,-2.765451458089796422e+00,4.016499653092872713e+00,5.137490128453875426e-01
6.000000000000000000e+00,2.000000000000000000e+00,1.000000000000000000e+00,1.405000000000000970e-01,3.555605198407589818e-01,-2.758656969207806231e+00,4.019489567241698147e+00,5.364125111303142956e-01
6.000000000000000000e+00,2.000000000000000000e+00,1.000000000000000000e+00,1.445000000000001006e-01,3.592365696321852542e-01,-2.754071475766874944e+00,4.021553262873373669e+00,5.515116888193208888e-01
6.000000000000000000e+00,2.000000000000000000e+00,1.000000000000000000e+00,1.505000000000001059e-01,3.648440697135126309e-01,-2.747105272404585907e+00,4.024747930363504089e+00,5.741456967163977021e-01
6.000000000000000000e+00,2.000000000000000000e+00,1.000000000000000000e+00,1.565000000000001112e-01,3.705613953653763559e-01,-2.740028079722997667e+00,4.028053546201397772e+00,5.967617854939631927e-01
6.000000000000000000e+00,2.000000000000000000e+00,1.000000000000000000e+00,1.625000000000001166e-01,3.763861978032618794e-01,-2.732833364954587285e+00,4.031460863624196200e+00,6.193595040476889135e-01
6.000000000000000000e+00,2.000000000000000000e+00,1.000000000000000000e+00,1.665000000000001201e-01,3.803280566282201680e-01,-2.727968166947391193e+00,4.033784208476639321e+00,6.344141064521552353e-01
6.000000000000000000e+00,2.000000000000000000e+00,1.000000000000000000e+00,1.725000000000001255e-01,3.863274092028993190e-01,-2.720561831266965047e+00,4.037339650593072982e+00,6.569795024315320253e-01
6.000000000000000000e+00,2.000000000000000000e+00,1.000000000000000000e+00,1.785000000000001308e-01,3.924291155443859758e-01,-2.713018329560968667e+00,4.040970577770599093e+00,6.795240179322775687e-01
6.000000000000000000e+00,2.000000000000000000e+00,1.000000000000000000e+00,1.845000000000001361e-01,3.986316587202766160e-01,-2.705329448936588221e+00,4.044666474641056553e+00,7.020461564003168675e-01
6.000000000000000000e+00,2.000000000000000000e+00,1.000000000000000000e+00,1.885000000000001397e-01,4.028220522072231136e-01,-2.700118490032008989e+00,4.047161113745639582e+00,7.170475906445782366e-01
6.000000000000000000e+00,2.000000000000000000e+00,1.000000000000000000e+00,1.945000000000001450e-01,4.091898382998360173e-01,-2.692167746877789369e+00,4.050940739576328831e+00,7.395281658694347060e-01
6.000000000000000000e+00,2.000000000000000000e+00,1.000000000000000000e+00,2.005000000000001503e-01,4.156553884273025967e-01,-2.684047319962973965e+00,4.054755083995740250e+00,7.619806205283639056e-01
6.000000000000000000e+00,2.000000000000000000e+00,1.000000000000000000e+00,2.065000000000001557e-01,4.222178826137958918e-01,-2.675747124979784619e+00,4.058591858337320168e+00,7.844020541372294097e-01
6.000000000000000000e+00,2.000000000000000000e+00,1.000000000000000000e+00,2.105000000000001592e-01,4.266464060156150984e-01,-2.670108549254094576e+00,4.061155837705805460e+00,7.993308014512989779e-01
6.000000000000000000e+00,2.000000000000000000e+00,1.000000000000000000e+00,2.165000000000001645e-01,4.333690887722132512e-01,-2.661484736394885253e+00,4.065001080539627054e+00,8.216928074715781349e-01
6.000000000000000000e+00,2.000000000000000000e+00,1.000000000000000000e+00,2.225000000000001699e-01,4.401872928026291931e-01,-2.652651311464460981e+00,4.068832999025359776e+00,8.440136690843789147e-01
6.000000000000000000e+00,2.000000000000000000e+00,1.000000000000000000e+00,2.285000000000001752e-01,4.471007375237098236e-01,-2.643595840254274965e+00,4.072636920506847780e+00,8.662885586925794801e-01
6.000000000000000000e+00,2.000000000000000000e+00,1.000000000000000000e+00,2.325000000000001787e-01,4.517625280715440450e-01,-2.637429013588727944e+00,4.075149717993394205e+00,8.811102684777354366e-01
6.000000000000000000e+00,2.000000000000000000e+00,1.000000000000000000e+00,2.385000000000001841e-01,4.588344018607185548e-01,-2.627973712182293475e+00,4.078872229353130763e+00,9.032960126492961539e-01
6.000000000000000000e+00,2.000000000000000000e+00,1.000000000000000000e+00,2.445000000000001894e-01,4.660013197319111677e-01,-2.618259249215958651e+00,4.082523635361247294e+00,9.254195440207146905e-01
6.000000000000000000e+00,2.000000000000000000e+00,1.000000000000000000e+00,2.505000000000001670e-01,4.732633826440302283e-01,-2.608269995190614310e+00,4.086086080093477513e+00,9.474732955596429917e-01
6.000000000000000000e+00,2.000000000000000000e+00,1.000000000000000000e+00,2.545000000000001705e-01,4.781577012077111166e-01,-2.601449626200522225e+00,4.088402332498544567e+00,9.621328683803225257e-01
6.000000000000000000e+00,2.000000000000000000e+00,1.000000000000000000e+00,2.605000000000001759e-01,4.855787697406704351e-01,-2.590964665783452414e+00,4.091773950400882320e+00,9.840508889886092625e-01
6.000000000000000000e+00,2.000000000000000000e+00,1.000000000000000000e+00,2.665000000000001812e-01,4.930956048054594976e-01,-2.580157627431235223e+00,4.095003631619095863e+00,1.005874029817455995e+00
6.000000000000000000e+00,2.000000000000000000e+00,1.000000000000000000e+00,2.725000000000001865e-01,5.007085424102600824e-01,-2.569008308762811943e+00,4.098069215868878068e+00,1.027590687652928159e+00
6.000000000000000000e+00,2.000000000000000000e+00,1.000000000000000000e+00,2.765000000000001901e-01,5.058374103361997776e-01,-2.561374584085313266e+00,4.100010185343167635e+00,1.042002933776147833e+00
6.000000000000000000e+00,2.000000000000000000e+00,1.000000000000000000e+00,2.825000000000001954e-01,5.136113782612493628e-01,-2.549605505217034551e+00,4.102749073696740467e+00,1.063512391888147057e+00
6.000000000000000000e+00,2.000000000000000000e+00,1.000000000000000000e+00,2.885000000000002007e-01,5.214825321146351333e-01,-2.537431986580353183e+00,4.105257380562673752e+00,1.084876977265454512e+00
6.000000000000000000e+00,2.000000000000000000e+00,1.000000000000000000e+00,2.925000000000002043e-01,5.267841863278573955e-01,-2.529078372447227441e+00,4.106787669154885023e+00,1.099030867259754407e+00
6.000000000000000000e+00,2.000000000000000000e+00,1.000000000000000000e+00,2.985000000000002096e-01,5.348183486700556211e-01,-2.516169561414897338e+00,4.108848143128058794e+00,1.120113450336805094e+00
6.000000000000000000e+00,2.000000000000000000e+00,1.000000000000000000e+00,3.045000000000002149e-01,5.429509768451789009e-01,-2.502778723412708572e+00,4.110598362938441497e+00,1.140998735127911612e+00
6.000000000000000000e+00,2.000000000000000000e+00,1.000000000000000000e+00,3.105000000000002203e-01,5.511826052145252230e-01,-2.488871653925007976e+00,4.112004249810020440e+00,1.161662369232989267e+00
6.000000000000000000e+00,2.000000000000000000e+00,1.000000000000000000e+00,3.145000000000002238e-01,5.567256417514891975e-01,-2.479295072754986506e+00,4.112732167629056690e+00,1.175301560463197781e+00
6.000000000000000000e+00,2.000000000000000000e+00,1.000000000000000000e+00,3.205000000000002292e-01,5.651235983928513118e-01,-2.464442220703187303e+00,4.113480939052209351e+00,1.195532984888120431e+00
6.000000000000000000e+00,2.000000000000000000e+00,1.000000000000000000e+00,3.265000000000002345e-01,5.736222891122443324e-01,-2.448964088686722551e+00,4.113780353567823234e+00,1.215461318295992355e+00
6.000000000000000000e+00,2.000000000000000000e+00,1.000000000000000000e+00,3.325000000000002398e-01,5.822225928333508715e-01,-2.432811549062785517e+00,4.113584645144508833e+00,1.235048380829784964e+00
6.000000000000000000e+00,2.000000000000000000e+00,1.000000000000000000e+00,3.365000000000002434e-01,5.880131169297289073e-01,-2.421641768892592861e+00,4.113154610217140572e+00,1.247895662675792661e+00
6.000000000000000000e+00,2.000000000000000000e+00,1.000000000000000000e+00,3.425000000000002487e-01,5.967854134052297255e-01,-2.404240582232700874e+00,4.112020258545501683e+00,1.266814741871377770e+00
6.000000000000000000e+00,2.000000000000000000e+00,1.000000000000000000e+00,3.485000000000002540e-01,6.056631492968409525e-01,-2.386004444579626238e+00,4.110246406153669874e+00,1.285263329077421801e+00
6.000000000000000000e+00,2.000000000000000000e+00,1.000000000000000000e+00,3.545000000000002593e-01,6.146487806958759181e-01,-2.366859242585539036e+00,4.107768510974342036e+00,1.303180094276382928e+00
6.000000000000000000e+00,2.000000000000000000e+00,1.000000000000000000e+00,3.585000000000002629e-01,6.207007849165653290e-01,-2.353549862641051149e+00,4.105690389099104110e+00,1.314794921627062241e+00
6.000000000000000000e+00,2.000000000000000000e+00,1.000000000000000000e+00,3.645000000000002682e-01,6.298745269163641414e-01,-2.332698189994151239e+00,4.101875804686770266e+00,1.331664496881883153e+00
6.000000000000000000e+00,2.000000000000000000e+00,1.000000000000000000e+00,3.705000000000002736e-01,6.391686798984872464e-01,-2.310688604024583981e+00,4.097146883644506410e+00,1.347791699654508735e+00
6.000000000000000000e+00,2.000000000000000000e+00,1.000000000000000000e+00,3.765000000000002789e-01,6.485917893432218140e-01,-2.287403243469971148e+00,4.091406318134019671e+00,1.363075249310151671e+00
6.000000000000000000e+00,2.000000000000000000e+00,1.000000000000000000e+00,3.805000000000002824e-01,6.549512570840737569e-01,-2.271105052500623778e+00,4.086963359056365874e+00,1.372738678445854177e+00
6.000000000000000000e+00,2.000000000000000000e+00,1.000000000000000000e+00,3.865000000000002878e-01,6.646182945963966526e-01,-2.245383725339241909e+00,4.079283878094154936e+00,1.386348118206752966e+00
6.000000000000000000e+00,2.000000000000000000e+00,1.000000000000000000e+00,3.925000000000002931e-01,6.744578432510880406e-01,-2.217980394858144688e+00,4.070262255032955245e+00,1.398761393866468916e+00
6.000000000000000000e+00,2.000000000000000000e+00,1.000000000000000000e+00,3.985000000000002984e-01,6.844988748196886297e-01,-2.188698439878222324e+00,4.059739298992309564e+00,1.409806969729699100e+00
6.000000000000000000e+00,2.000000000000000000e+00,1.000000000000000000e+00,4.025000000000003020e-01,6.913238637243938056e-01,-2.168022576749462527e+00,4.051799991731189543e+00,1.416313946315483019e+00
6.000000000000000000e+00,2.000000000000000000e+00,1.000000000000000000e+00,4.085000000000003073e-01,7.017954017023345648e-01,-2.135086670928311392e+00,4.038350114852025108e+00,1.424622660053934453e+00
6.000000000000000000e+00,2.000000000000000000e+00,1.000000000000000000e+00,4.145000000000003126e-01,7.126064129649265499e-01,-2.099582598036140446e+00,4.022837141735415400e+00,1.430959350316115319e+00
6.000000000000000000e+00,2.000000000000000000e+00,1.000000000000000000e+00,4.185000000000003162e-01,7.200429636865118832e-01,-2.074321713147844637e+00,4.011213838237502216e+00,1.433942712606707026e+00
6.000000000000000000e+00,2.000000000000000000e+00,1.000000000000000000e+00,4.245000000000003215e-01,7.316175353553563410e-01,-2.033758593640120349e+00,3.991623738350767781e+00,1.436302395481181771e+00
6.000000000000000000e+00,2.000000000000000000e+00,1.000000000000000000e+00,4.305000000000003268e-01,7.438061084380137578e-01,-1.989593131792927849e+00,3.969126366428580521e+00,1.435765158897548854e+00
6.000000000000000000e+00,2.000000000000000000e+00,1.000000000000000000e+00,4.365000000000003322e-01,7.567537148926952728e-01,-1.941300425358839066e+00,3.943307927383042699e+00,1.431846274132820840e+00
6.000000000000000000e+00,2.000000000000000000e+00,1.000000000000000000e+00,4.405000000000003357e-01,7.658878542694959046e-01,-1.906500867454932413e+00,3.924016512190112937e+00,1.427060433668460249e+00
6.000000000000000000e+00,2.000000000000000000e+00,1.000000000000000000e+00,4.465000000000003411e-01,7.804750132693675235e-01,-1.849813472879085818e+00,3.891554416325567090e+00,1.416058802599457378e+00
6.000000000000000000e+00,2.000000000000000000e+00,1.000000000000000000e+00,4.525000000000003464e-01,7.962991158224462795e-01,-1.786832888833695288e+00,3.854283302041736192e+00,1.399575143120106002e+00
6.000000000000000000e+00,2.000000000000000000e+00,1.000000000000000000e+00,4.585000000000003517e-01,8.135906840879475466e-01,-1.716167607805551443e+00,3.811392480165746832e+00,1.376227412754368773e+00
6.000000000000000000e+00,2.000000000000000000e+00,1.000000000000000000e+00,4.625000000000003553e-01,8.260869937938579710e-01,-1.663823188804714137e+00,3.779152659849277285e+00,1.355891792409973373e+00
6.000000000000000000e+00,2.000000000000000000e+00,1.000000000000000000e+00,4.685000000000003606e-01,8.466387500425990309e-01,-1.575356120909170876e+00,3.724241247614309636e+00,1.316159376176558204e+00
6.000000000000000000e+00,2.000000000000000000e+00,1.000000000000000000e+00,4.745000000000003659e-01,8.700225568661249520e-01,-1.471161900352763396e+00,3.659636521932289277e+00,1.261596980807355717e+00
6.000000000000000000e+00,2.000000000000000000e+00,1.000000000000000000e+00,4.801947476305332696e-01,8.957471442208086998e-01,-1.351507074571684397e+00,3.586747496773081245e+00,1.189811979996808988e+00
6.000000000000000000e+00,2.000000000000000000e+00,1.000000000000000000e+00,4.834178978985961272e-01,9.121894974856245009e-01,-1.270901663342148380e+00,3.539189705599940172e+00,1.136507756024532467e+00
6.000000000000000000e+00,2.000000000000000000e+00,1.000000000000000000e+00,4.874484477295606411e-01,9.350393091295774450e-01,-1.150483193772365853e+00,3.471569567987521143e+00,1.050211770595171901e+00
6.000000000000000000e+00,2.000000000000000000e+00,1.000000000000000000e+00,4.906608213631520332e-01,9.555375654418738485e-01,-1.030902491077699601e+00,3.409383881690828400e+00,9.575702521796789490e-01
6.000000000000000000e+00,2.000000000000000000e+00,1.000000000000000000e+00,4.932156593481727969e-01,9.735586670158072886e-01,-9.118591474473504155e-01,3.353250155607150340e+00,8.594554057031063010e-01
6.000000000000000000e+00,2.000000000000000000e+00,1.000000000000000000e+00,4.946028723689376849e-01,9.838009794304444222e-01,-8.332843707051823534e-01,3.319938244642453462e+00,7.918412854388735544e-01
6.000000000000000000e+00,2.000000000000000000e+00,1.000000000000000000e+00,4.962579990263137897e-01,9.961805615379096812e-01,-7.182907802843757628e-01,3.277085141348005770e+00,6.893692845133448932e-01
6.000000000000000000e+00,2.000000000000000000e+00,1.000000000000000000e+00,4.975002279419245554e-01,1.006172970405514233e+00,-6.065332895875348296e-01,3.241510733728728777e+00,5.866605842016670014e-01
6.000000000000000000e+00,2.000000000000000000e+00,1.000000000000000000e+00,4.984456091793399435e-01,1.014043869409985588e+00,-4.958477885990855150e-01,3.212369561691495345e+00,4.825276960748522415e-01
6.000000000000000000e+00,2.000000000000000000e+00,1.000000000000000000e+00,4.989143084032050535e-01,1.015411724240749214e+00,-4.251176281738284768e-01,3.199528195832699318e+00,4.146083306321460826e-01
6.000000000000000000e+00,2.000000000000000000e+00,1.000000000000000000e+00,4.993654715646141384e-01,1.013906328539937896e+00,-3.319364888988503015e-01,3.188584059856799158e+00,3.241281892348963356e-01
6.000000000000000000e+00,2.000000000000000000e+00,1.000000000000000000e+00,4.996549640458017860e-01,1.011909125170068036e+00,-2.433985466699731259e-01,3.181616047335245501e+00,2.377876419154082988e-01
7.000000000000000000e+00,2.000000000000000000e+00,1.000000000000000000e+00,0.000000000000000000e+00,1.856446707251582506e-01,-3.407682343622163934e+00,4.000000000000000000e+00,0.000000000000000000e+00
7.000000000000000000e+00,2.000000000000000000e+00,1.000000000000000000e+00,5.000000000000000104e-03,1.864116706492470465e-01,-3.400679042302823252e+00,3.998923530371209178e+00,2.268924423043017224e-02
7.000000000000000000e+00,2.000000000000000000e+00,1.000000000000000000e+00,1.100000000000000110e-02,1.878625067729524367e-01,-3.392045157549911760e+00,3.998045532477297215e+00,4.983650823939557439e-02
7.000000000000000000e+00,2.000000000000000000e+00,1.000000000000000000e+00,1.500000000000000118e-02,1.891572680785331140e-01,-3.386188393661973439e+00,3.997701075960193418e+00,6.788388065210389233e-02
7.000000000000000000e+00,2.000000000000000000e+00,1.000000000000000000e+00,2.100000000000000477e-02,1.915866481915981800e-01,-3.377312516458629954e+00,3.997529877638634765e+00,9.487721575344978953e-02
7.000000000000000000e+00,2.000000000000000000e+00,1.000000000000000000e+00,2.500000000000000833e-02,1.935218173964304567e-01,-3.371367516901753181e+00,3.997637133430376188e+00,1.128212732438075294e-01
7.000000000000000000e+00,2.000000000000000000e+00,1.000000000000000000e+00,3.100000000000001366e-02,1.968726554484632185e-01,-3.362457527934775925e+00,3.998115693665472037e+00,1.396623847557489917e-01
7.000000000000000000e+00,2.000000000000000000e+00,1.000000000000000000e+00,3.500000000000001721e-02,1.993864981008155457e-01,-3.356546303783785046e+00,3.998638790014260369e+00,1.575085976246766994e-01
7.000000000000000000e+00,2.000000000000000000e+00,1.000000000000000000e+00,4.100000000000002254e-02,2.035408628986557777e-01,-3.347754431683274579e+00,3.999717552062350912e+00,1.842107145783706823e-01
7.000000000000000000e+00,2.000000000000000000e+00,1.000000000000000000e+00,4.700000000000002787e-02,2.081096529383460181e-01,-3.339079318444288624e+00,4.001136589388905485e+00,2.108384582243954530e-01
7.000000000000000000e+00,2.000000000000000000e+00,1.000000000000000000e+00,5.100000000000003142e-02,2.113603618489087177e-01,-3.333370469326407459e+00,4.002265421947168278e+00,2.285526244359158410e-01
7.000000000000000000e+00,2.000000000000000000e+00,1.000000000000000000e+00,5.700000000000003675e-02,2.165072999090064121e-01,-3.324926218769247654e+00,4.004224707809004968e+00,2.550728749457265021e-01
7.000000000000000000e+00,2.000000000000000000e+00,1.000000000000000000e+00,6.100000000000004030e-02,2.200993591991547982e-01,-3.319377047643170986e+00,4.005704019722688081e+00,2.727221474840954007e-01
7.000000000000000000e+00,2.000000000000000000e+00,1.000000000000000000e+00,6.700000000000004563e-02,2.256975531524595957e-01,-3.311171101636002145e+00,4.008176154145572490e+00,2.991547388661912610e-01
7.000000000000000000e+00,2.000000000000000000e+00,1.000000000000000000e+00,7.100000000000004918e-02,2.295534608298579471e-01,-3.305775450588004372e+00,4.009989571929291508e+00,3.167516350972501282e-01
7.000000000000000000e+00,2.000000000000000000e+00,1.000000000000000000e+00,7.700000000000005451e-02,2.354981933715211695e-01,-3.297785799100550364e+00,4.012952234600811074e+00,3.431139661359318693e-01
7.000000000000000000e+00,2.000000000000000000e+00,1.000000000000000000e+00,8.100000000000005806e-02,2.395558887136394755e-01,-3.292522447182675727e+00,4.015086048766814741e+00,3.606690589817525550e-01
7.000000000000000000e+00,2.000000000000000000e+00,1.000000000000000000e+00,8.700000000000006339e-02,2.457652762791852907e-01,-3.284710244675317803e+00,4.018519938413390058e+00,3.869753621728280191e-01
7.000000000000000000e+00,2.000000000000000000e+00,1.000000000000000000e+00,9.300000000000006872e-02,2.521027043766575493e-01,-3.276982184046446811e+00,4.022227937133251885e+00,4.132535202120724005e-01
7.000000000000000000e+00,2.000000000000000000e+00,1.000000000000000000e+00,9.700000000000007228e-02,2.563895643184645468e-01,-3.271868100543092517e+00,4.024849091093353870e+00,4.307583012672987488e-01
7.000000000000000000e+00,2.000000000000000000e+00,1.000000000000000000e+00,1.030000000000000776e-01,2.629011281294431623e-01,-3.264240491125173449e+00,4.028999845864211338e+00,4.569965224066714349e-01
7.000000000000000000e+00,2.000000000000000000e+00,1.000000000000000000e+00,1.070000000000000812e-01,2.672906408694544211e-01,-3.259176587166749517e+00,4.031910243767406143e+00,4.744770083402961580e-01
7.000000000000000000e+00,2.000000000000000000e+00,1.000000000000000000e+00,1.130000000000000865e-01,2.739393887272809081e-01,-3.251599151970113510e+00,4.036485786175305179e+00,5.006815652663726413e-01
7.000000000000000000e+00,2.000000000000000000e+00,1.000000000000000000e+00,1.170000000000000900e-01,2.784108765357207194e-01,-3.246552143862905027e+00,4.039673165354410678e+00,5.181410687101387635e-01
7.000000000000000000e+00,2.000000000000000000e+00,1.000000000000000000e+00,1.230000000000000954e-01,2.851709258350481058e-01,-3.238975664445000735e+00,4.044654523043902827e+00,5.443157114077613601e-01
7.000000000000000000e+00,2.000000000000000000e+00,1.000000000000000000e+00,1.290000000000000868e-01,2.919889044291055780e-01,-3.231376928881122268e+00,4.049869658316478827e+00,5.704732682333808480e-01
7.000000000000000000e+00,2.000000000000000000e+00,1.000000000000000000e+00,1.330000000000000904e-01,2.965639607291622459e-01,-3.226290549247868178e+00,4.053472482185694226e+00,5.879022164396731087e-01
7.000000000000000000e+00,2.000000000000000000e+00,1.000000000000000000e+00,1.390000000000000957e-01,3.034683027927336241e-01,-3.218618177206045594e+00,4.059059817382862256e+00,6.140313252593023741e-01
7.000000000000000000e+00,2.000000000000000000e+00,1.000000000000000000e+00,1.430000000000000993e-01,3.080977461446759436e-01,-3.213467905745484909e+00,4.062903109371491794e+00,6.314409409724156541e-01
7.000000000000000000e+00,2.000000000000000000e+00,1.000000000000000000e+00,1.490000000000001046e-01,3.150800618823271781e-01,-3.205678022165899588e+00,4.068839070553016413e+00,6.575400170539746902e-01
7.000000000000000000e+00,2.000000000000000000e+00,1.000000000000000000e+00,1.530000000000001081e-01,3.197596670770880278e-01,-3.200435239089596262e+00,4.072906372609972792e+00,6.749286476366151977e-01
7.000000000000000000e+00,2.000000000000000000e+00,1.000000000000000000e+00,1.590000000000001135e-01,3.268153477018472808e-01,-3.192485750207348705e+00,4.079165095348644243e+00,7.009943403652213467e-01
7.000000000000000000e+00,2.000000000000000000e+00,1.000000000000000000e+00,1.630000000000001170e-01,3.315430324814017116e-01,-3.187122878225895128e+00,4.083438343445159546e+00,7.183591790690917467e-01
7.000000000000000000e+00,2.000000000000000000e+00,1.000000000000000000e+00,1.690000000000001223e-01,3.386701967609662134e-01,-3.178973009621387291e+00,4.089991439209543778e+00,7.443864232173432738e-01
7.000000000000000000e+00,2.000000000000000000e+00,1.000000000000000000e+00,1.750000000000001277e-01,3.458401782907797872e-01,-3.170683686114676991e+00,4.096706396146383433e+00,7.703874484278756540e-01
7.000000000000000000e+00,2.000000000000000000e+00,1.000000000000000000e+00,1.790000000000001312e-01,3.506441101923975512e-01,-3.165072922151314749e+00,4.101267135354355275e+00,7.877055167831537030e-01
7.000000000000000000e+00,2.000000000000000000e+00,1.000000000000000000e+00,1.850000000000001366e-01,3.578863297543895539e-01,-3.156519341210293650e+00,4.108225211679142674e+00,8.136563506741634200e-01
7.000000000000000000e+00,2.000000000000000000e+00,1.000000000000000000e+00,1.890000000000001401e-01,3.627390000041137430e-01,-3.150719114565404766e+00,4.112936299290019804e+00,8.309378750947367109e-01
7.000000000000000000e+00,2.000000000000000000e+00,1.000000000000000000e+00,1.950000000000001454e-01,3.700554211084945422e-01,-3.141861269305826543e+00,4.120101420758540911e+00,8.568287378625043527e-01
7.000000000000000000e+00,2.000000000000000000e+00,1.000000000000000000e+00,1.990000000000001490e-01,3.749583910161061184e-01,-3.135844690949167735e+00,4.124937682700404729e+00,8.740665181200391043e-01
7.000000000000000000e+00,2.000000000000000000e+00,1.000000000000000000e+00,2.050000000000001543e-01,3.823516449192969624e-01,-3.126641746362818886e+00,4.132270316203214833e+00,8.998855255414770493e-01
7.000000000000000000e+00,2.000000000000000000e+00,1.000000000000000000e+00,2.090000000000001579e-01,3.873068164038788175e-01,-3.120381153658857265e+00,4.137204161864168839e+00,9.170708730790468888e-01
7.000000000000000000e+00,2.000000000000000000e+00,1.000000000000000000e+00,2.150000000000001632e-01,3.947799088777911303e-01,-3.110790770271308237e+00,4.144660968480978980e+00,9.428037581153920765e-01
7.000000000000000000e+00,2.000000000000000000e+00,1.000000000000000000e+00,2.210000000000001685e-01,4.023024160119342274e-01,-3.100946704823707378e+00,4.152169741785455059e+00,9.684769958026080428e-01
7.000000000000000000e+00,2.000000000000000000e+00,1.000000000000000000e+00,2.250000000000001721e-01,4.073454352700236480e-01,-3.094234867978878700e+00,4.157195564531716236e+00,9.855560274279231425e-01
7.000000000000000000e+00,2.000000000000000000e+00,1.000000000000000000e+00,2.310000000000001774e-01,4.149528168966232777e-01,-3.083930652141815276e+00,4.164750199846288581e+00,1.011114404373360198e+00
7.000000000000000000e+00,2.000000000000000000e+00,1.000000000000000000e+00,2.350000000000001810e-01,4.200534444310987103e-01,-3.076895792724778644e+00,4.169788620107161670e+00,1.028109724289365534e+00
7.000000000000000000e+00,2.000000000000000000e+00,1.000000000000000000e+00,2.410000000000001863e-01,4.277487234882544342e-01,-3.066081589603252500e+00,4.177333759136179658e+00,1.053530793947913269e+00
7.000000000000000000e+00,2.000000000000000000e+00,1.000000000000000000e+00,2.450000000000001898e-01,4.329088996383939625e-01,-3.058689068473506634e+00,4.182346034283942693e+00,1.070426091386165179e+00
7.000000000000000000e+00,2.000000000000000000e+00,1.000000000000000000e+00,2.510000000000001674e-01,4.406948425876662245e-01,-3.047310521635124836e+00,4.189820614817534761e+00,1.095683165927006986e+00
7.000000000000000000e+00,2.000000000000000000e+00,1.000000000000000000e+00,2.570000000000001728e-01,4.485363650675524561e-01,-3.035564981596579059e+00,4.197220882774940875e+00,1.120826956448182088e+00
7.000000000000000000e+00,2.000000000000000000e+00,1.000000000000000000e+00,2.610000000000001763e-01,4.537953107815114739e-01,-3.027519435040214812e+00,4.202100402048560390e+00,1.137520335682042694e+00
7.000000000000000000e+00,2.000000000000000000e+00,1.000000000000000000e+00,2.670000000000001816e-01,4.617311375807069407e-01,-3.015110294046725148e+00,4.209318482835680442e+00,1.162446408811110832e+00
7.000000000000000000e+00,2.000000000000000000e+00,1.000000000000000000e+00,2.710000000000001852e-01,4.670535549807566800e-01,-3.006599151105004086e+00,4.214050624813304502e+00,1.178981239299022210e+00
7.000000000000000000e+00,2.000000000000000000e+00,1.000000000000000000e+00,2.770000000000001905e-01,4.750853614521105550e-01,-2.993454489080088710e+00,4.221006410040416768e+00,1.203647355237884353e+00
7.000000000000000000e+00,2.000000000000000000e+00,1.000000000000000000e+00,2.810000000000001941e-01,4.804722028900360598e-01,-2.984426740524623867e+00,4.225534718067120998e+00,1.219992818335978058e+00
7.000000000000000000e+00,2.000000000000000000e+00,1.000000000000000000e+00,2.870000000000001994e-01,4.886011714472098810e-01,-2.970464918407567545e+00,4.232138536766832715e+00,1.244348311437483146e+00
7.000000000000000000e+00,2.000000000000000000e+00,1.000000000000000000e+00,2.910000000000002029e-01,4.940530678386362839e-01,-2.960862375251255951e+00,4.236399637859915579e+00,1.260467377921647092e+00
7.000000000000000000e+00,2.000000000000000000e+00,1.000000000000000000e+00,2.970000000000002083e-01,5.022799357668785714e-01,-2.945989801027290245e+00,4.242550522854242168e+00,1.284451262394880278e+00
7.000000000000000000e+00,2.000000000000000000e+00,1.000000000000000000e+00,3.030000000000002136e-01,5.105657662261986474e-01,-2.930519855175147459e+00,4.248375677902728853e+00,1.308177743000281446e+00
7.000000000000000000e+00,2.000000000000000000e+00,1.000000000000000000e+00,3.070000000000002172e-01,5.161224800853692063e-01,-2.919853771283937416e+00,4.252056314773190238e+00,1.323837873122655884e+00
7.000000000000000000e+00,2.000000000000000000e+00,1.000000000000000000e+00,3.130000000000002225e-01,5.245069243174004248e-01,-2.903291241636512865e+00,4.257237774753213522e+00,1.347067550943708669e+00
7.000000000000000000e+00,2.000000000000000000e+00,1.000000000000000000e+00,3.170000000000002260e-01,5.301295892535320409e-01,-2.891852293018723596e+00,4.260443666410242081e+00,1.362364737435540096e+00
7.000000000000000000e+00,2.000000000000000000e+00,1.000000000000000000e+00,3.230000000000002314e-01,5.386134789969933001e-01,-2.874057585418078986e+00,4.264839162175735332e+00,1.384997114417382713e+00
7.000000000000000000e+00,2.000000000000000000e+00,1.000000000000000000e+00,3.270000000000002349e-01,5.443029873728465473e-01,-2.861744580521682568e+00,4.267468328358631879e+00,1.399857419068455400e+00
7.000000000000000000e+00,2.000000000000000000e+00,1.000000000000000000e+00,3.330000000000002403e-01,5.528884925696240238e-01,-2.842552181094658348e+00,4.270912876745822651e+00,1.421769912330127283e+00
7.000000000000000000e+00,2.000000000000000000e+00,1.000000000000000000e+00,3.370000000000002438e-01,5.586470947758066519e-01,-2.829244615360174908e+00,4.272846438990218765e+00,1.436103005476306205e+00
7.000000000000000000e+00,2.000000000000000000e+00,1.000000000000000000e+00,3.430000000000002491e-01,5.673393489279309199e-01,-2.808456569381024170e+00,4.275146647596343108e+00,1.457145634832266667e+00
7.000000000000000000e+00,2.000000000000000000e+00,1.000000000000000000e+00,3.490000000000002545e-01,5.761003210317444667e-01,-2.786599597071343748e+00,4.276652844934220710e+00,1.477580549661698717e+00
7.000000000000000000e+00,2.000000000000000000e+00,1.000000000000000000e+00,3.530000000000002580e-01,5.819818722471316041e-01,-2.771387406869024517e+00,4.277170966939340069e+00,1.490829704194092331e+00
7.000000000000000000e+00,2.000000000000000000e+00,1.000000000000000000e+00,3.590000000000002633e-01,5.908713637286534537e-01,-2.747529276832334055e+00,4.277144531497986790e+00,1.510080962732354815e+00
7.000000000000000000e+00,2.000000000000000000e+00,1.000000000000000000e+00,3.630000000000002669e-01,5.968470471604309102e-01,-2.730880071715130253e+00,4.276543253756952545e+00,1.522460551241805682e+00
7.000000000000000000e+00,2.000000000000000000e+00,1.000000000000000000e+00,3.690000000000002722e-01,6.058950911890247371e-01,-2.704694836460394658e+00,4.274675148884925058e+00,1.540272861926164971e+00
7.000000000000000000e+00,2.000000000000000000e+00,1.000000000000000000e+00,3.730000000000002758e-01,6.119915013650889524e-01,-2.686368691970093980e+00,4.272727067340763796e+00,1.551594481745708354e+00
7.000000000000000000e+00,2.000000000000000000e+00,1.000000000000000000e+00,3.790000000000002811e-01,6.212505697465788845e-01,-2.657458621234589646e+00,4.268639584340332860e+00,1.567654983650827560e+00
7.000000000000000000e+00,2.000000000000000000e+00,1.000000000000000000e+00,3.850000000000002864e-01,6.306750840975364758e-01,-2.626687166194098033e+00,4.263003726725431264e+00,1.582485864990760938e+00
7.000000000000000000e+00,2.000000000000000000e+00,1.000000000000000000e+00,3.890000000000002900e-01,6.370696227925298771e-01,-2.605042989018746979e+00,4.258293754741126591e+00,1.591614322391587955e+00
7.000000000000000000e+00,2.000000000000000000e+00,1.000000000000000000e+00,3.950000000000002953e-01,6.468657746180564994e-01,-2.570722238326165421e+00,4.249644073667676381e+00,1.604042118669798178e+00
7.000000000000000000e+00,2.000000000000000000e+00,1.000000000000000000e+00,3.990000000000002989e-01,6.535588609014281181e-01,-2.546503001789202525e+00,4.242720619404791726e+00,1.611402232457834760e+00
7.000000000000000000e+00,2.000000000000000000e+00,1.000000000000000000e+00,4.050000000000003042e-01,6.638947056892776644e-01,-2.507972937246412126e+00,4.230409688004269420e+00,1.620898678444580909e+00
7.000000000000000000e+00,2.000000000000000000e+00,1.000000000000000000e+00,4.090000000000003078e-01,6.710180438601464070e-01,-2.480694637936972757e+00,4.220796545621372076e+00,1.626098424079633453e+00
7.000000000000000000e+00,2.000000000000000000e+00,1.000000000000000000e+00,4.150000000000003131e-01,6.821194345157821637e-01,-2.437153807662769456e+00,4.204038914838580610e+00,1.632002396291289514e+00
7.000000000000000000e+00,2.000000000000000000e+00,1.000000000000000000e+00,4.190000000000003166e-01,6.898400530040164069e-01,-2.406223380287693558e+00,4.191162544036445503e+00,1.634540735174232484e+00
7.000000000000000000e+00,2.000000000000000000e+00,1.000000000000000000e+00,4.250000000000003220e-01,7.019752313202278771e-01,-2.356670825419671544e+00,4.169017296745931134e+00,1.635980778999856167e+00
7.000000000000000000e+00,2.000000000000000000e+00,1.000000000000000000e+00,4.310000000000003273e-01,7.148658381213033319e-01,-2.302898824998052874e+00,4.143109577480254657e+00,1.634179467497161031e+00
7.000000000000000000e+00,2.000000000000000000e+00,1.000000000000000000e+00,4.350000000000003308e-01,7.239297405873604818e-01,-2.264418578858130360e+00,4.123519940235052417e+00,1.630903626847530763e+00
7.000000000000000000e+00,2.000000000000000000e+00,1.000000000000000000e+00,4.410000000000003362e-01,7.383119152540466024e-01,-2.202205482282692639e+00,4.090261055389732725e+00,1.622351131513458444e+00
7.000000000000000000e+00,2.000000000000000000e+00,1.000000000000000000e+00,4.450000000000003397e-01,7.484807496310381669e-01,-2.157335966643750158e+00,4.065230941048536550e+00,1.613836289485076847e+00
7.000000000000000000e+00,2.000000000000000000e+00,1.000000000000000000e+00,4.510000000000003451e-01,7.647365207809023735e-01,-2.084069449647147465e+00,4.022826142511812364e+00,1.596000202395322809e+00
7.000000000000000000e+00,2.000000000000000000e+00,1.000000000000000000e+00,4.550000000000003486e-01,7.763517872375671480e-01,-2.030600387914318627e+00,3.990903000096318820e+00,1.580105286686496857e+00
7.000000000000000000e+00,2.000000000000000000e+00,1.000000000000000000e+00,4.610000000000003539e-01,7.952082546032858135e-01,-1.942014438014465938e+00,3.936653863265503261e+00,1.548854441505654433e+00
7.000000000000000000e+00,2.000000000000000000e+00,1.000000000000000000e+00,4.650000000000003575e-01,8.089421064093105240e-01,-1.876249372852213382e+00,3.895599199272941959e+00,1.521983449708562031e+00
7.000000000000000000e+00,2.000000000000000000e+00,1.000000000000000000e+00,4.710000000000003628e-01,8.317392488652314286e-01,-1.764832158179357346e+00,3.825260191945555110e+00,1.469927826255883474e+00
7.000000000000000000e+00,2.000000000000000000e+00,1.000000000000000000e+00,4.768523708101959913e-01,8.572407234239108886e-01,-1.636463813704650772e+00,3.744202977503938268e+00,1.400638281343663749e+00
7.000000000000000000e+00,2.000000000000000000e+00,1.000000000000000000e+00,4.802597756560420539e-01,8.740793782831399739e-01,-1.549290540032964403e+00,3.689831424958518014e+00,1.348405974520177963e+00
7.000000000000000000e+00,2.000000000000000000e+00,1.000000000000000000e+00,4.846084169776638806e-01,8.984923853470737631e-01,-1.419017902429093869e+00,3.610531604296827624e+00,1.263287428161376624e+00
7.000000000000000000e+00,2.000000000000000000e+00,1.000000000000000000e+00,4.870594398400004965e-01,9.140586009611754159e-01,-1.332592310658946788e+00,3.559783109811330615e+00,1.202508935283982616e+00
7.000000000000000000e+00,2.000000000000000000e+00,1.000000000000000000e+00,4.901472687683803287e-01,9.358490847911871136e-01,-1.204055512332157685e+00,3.488089899237475588e+00,1.106254596856865113e+00
7.000000000000000000e+00,2.000000000000000000e+00,1.000000000000000000e+00,4.918584658368514440e-01,9.491112674322069731e-01,-1.119377856898142509e+00,3.443838381624975575e+00,1.039314621370987624e+00
7.000000000000000000e+00,2.000000000000000000e+00,1.000000000000000000e+00,4.939891248436346083e-01,9.670401226454213850e-01,-9.937496912706649255e-01,3.383132093876238145e+00,9.354131664954248304e-01
0.000000000000000000e+00,2.000000000000000000e+00,2.000000000000000000e+00,0.000000000000000000e+00,7.473433688360835436e-01,-1.779246313778709288e-01,4.000000000000000000e+00,0.000000000000000000e+00
0.000000000000000000e+00,2.000000000000000000e+00,2.000000000000000000e+00,1.899999999999999996e-03,7.483012687894763371e-01,-1.779093116182844936e-01,3.996207204133840118e+00,9.021142090964509586e-04
0.000000000000000000e+00,2.000000000000000000e+00,2.000000000000000000e+00,7.900000000000000772e-03,7.513537812474825328e-01,-1.778589218964362617e-01,3.984147010376058784e+00,3.759170720703509071e-03
0.000000000000000000e+00,2.000000000000000000e+00,2.000000000000000000e+00,1.390000000000000090e-02,7.544489613843855524e-01,-1.778054028595580927e-01,3.971958647472623838e+00,6.628823644297522286e-03
0.000000000000000000e+00,2.000000000000000000e+00,2.000000000000000000e+00,1.789999999999999925e-02,7.565366421313305390e-01,-1.777679361622594711e-01,3.963760438145627507e+00,8.548940032247867235e-03
0.000000000000000000e+00,2.000000000000000000e+00,2.000000000000000000e+00,2.390000000000000457e-02,7.597053151404189464e-01,-1.777089787313059221e-01,3.951351961392933099e+00,1.143965912925707686e-02
0.000000000000000000e+00,2.000000000000000000e+00,2.000000000000000000e+00,2.990000000000000990e-02,7.629195765314071842e-01,-1.776466168291785386e-01,3.938807349848501005e+00,1.434305671274259397e-02
0.000000000000000000e+00,2.000000000000000000e+00,2.000000000000000000e+00,3.390000000000001346e-02,7.650883206864259600e-01,-1.776030956386919213e-01,3.930367078162504413e+00,1.628571133434648238e-02
0.000000000000000000e+00,2.000000000000000000e+00,2.000000000000000000e+00,3.990000000000001878e-02,7.683811862305792717e-01,-1.775348075031260298e-01,3.917588447046911782e+00,1.921029422896769825e-02
0.000000000000000000e+00,2.000000000000000000e+00,2.000000000000000000e+00,4.590000000000002411e-02,7.717228619459859384e-01,-1.774628033746274147e-01,3.904664937536297842e+00,2.214761515471862924e-02
0.000000000000000000e+00,2.000000000000000000e+00,2.000000000000000000e+00,4.990000000000002767e-02,7.739783995861896360e-01,-1.774126735230434349e-01,3.895967053188596818e+00,2.411291348660812850e-02
0.000000000000000000e+00,2.000000000000000000e+00,2.000000000000000000e+00,5.590000000000003300e-02,7.774043266081631653e-01,-1.773341898506519132e-01,3.882794236721227588e+00,2.707149609604093954e-02
0.000000000000000000e+00,2.000000000000000000e+00,2.000000000000000000e+00,6.190000000000003832e-02,7.808826291462749314e-01,-1.772516362057709183e-01,3.869466914304283911e+00,3.004284714762787273e-02
0.000000000000000000e+00,2.000000000000000000e+00,2.000000000000000000e+00,6.590000000000004188e-02,7.832313015585675720e-01,-1.771942679720180380e-01,3.860494294434547946e+00,3.203084277491988208e-02
0.000000000000000000e+00,2.000000000000000000e+00,2.000000000000000000e+00,7.190000000000004721e-02,7.868001153393826552e-01,-1.771046048508163329e-01,3.846900804334393520e+00,3.502347676716579400e-02
0.000000000000000000e+00,2.000000000000000000e+00,2.000000000000000000e+00,7.790000000000005254e-02,7.904252637129923764e-01,-1.770104679676001991e-01,3.833142171906533502e+00,3.802887216616125665e-02
0.000000000000000000e+00,2.000000000000000000e+00,2.000000000000000000e+00,8.190000000000005609e-02,7.928741126964581332e-01,-1.769451429888326266e-01,3.823875898859681932e+00,4.003955197637273228e-02
0.000000000000000000e+00,2.000000000000000000e+00,2.000000000000000000e+00,8.790000000000006142e-02,7.965967361580679196e-01,-1.768431765770729913e-01,3.809832438226806950e+00,4.306618088143555900e-02
0.000000000000000000e+00,2.000000000000000000e+00,2.000000000000000000e+00,9.390000000000006675e-02,8.003801066440897616e-01,-1.767362738769530928e-01,3.795612042110874995e+00,4.610551620655673616e-02
0.000000000000000000e+00,2.000000000000000000e+00,2.000000000000000000e+00,9.790000000000007030e-02,8.029369806343535920e-01,-1.766621692551715861e-01,3.786031140100651449e+00,4.813878167762777882e-02
0.000000000000000000e+00,2.000000000000000000e+00,2.000000000000000000e+00,1.039000000000000756e-01,8.068256025771074480e-01,-1.765466104130332947e-01,3.771505186335484705e+00,5.119921065581212183e-02
0.000000000000000000e+00,2.000000000000000000e+00,2.000000000000000000e+00,1.099000000000000810e-01,8.107799086174788394e-01,-1.764255831104656336e-01,3.756789170776975606e+00,5.427222978108638130e-02
0.000000000000000000e+00,2.000000000000000000e+00,2.000000000000000000e+00,1.139000000000000845e-01,8.134535895824136498e-01,-1.763417519882888307e-01,3.746870291931608588e+00,5.632787322590265822e-02
0.000000000000000000e+00,2.000000000000000000e+00,2.000000000000000000e+00,1.199000000000000898e-01,8.175218662601774211e-01,-1.762111152083156163e-01,3.731825598478899941e+00,5.942173062806971329e-02
0.000000000000000000e+00,2.000000000000000000e+00,2.000000000000000000e+00,1.259000000000000952e-01,8.216613745491733178e-01,-1.760743947271473653e-01,3.716576172115681587e+00,6.252798360323152949e-02
0.000000000000000000e+00,2.000000000000000000e+00,2.000000000000000000e+00,1.299000000000000987e-01,8.244617307327064548e-01,-1.759797423845028408e-01,3.706293219697430086e+00,6.460565785545886730e-02
0.000000000000000000e+00,2.000000000000000000e+00,2.000000000000000000e+00,1.359000000000001041e-01,8.287250290205078196e-01,-1.758323074712389300e-01,3.690689216780196791e+00,6.773234608431051573e-02
0.000000000000000000e+00,2.000000000000000000e+00,2.000000000000000000e+00,1.419000000000001094e-01,8.330658208810833854e-01,-1.756780739093392607e-01,3.674864009234033446e+00,7.087113517477001967e-02
0.000000000000000000e+00,2.000000000000000000e+00,2.000000000000000000e+00,1.459000000000001129e-01,8.360039919840552836e-01,-1.755713281311793994e-01,3.664187682227209031e+00,7.297031468013805144e-02
0.000000000000000000e+00,2.000000000000000000e+00,2.000000000000000000e+00,1.519000000000001183e-01,8.404796848858260283e-01,-1.754050925814893136e-01,3.647978750808398285e+00,7.612894699590112835e-02
0.000000000000000000e+00,2.000000000000000000e+00,2.000000000000000000e+00,1.579000000000001236e-01,8.450399748325849725e-01,-1.752312229427503143e-01,3.631530030907092588e+00,7.929925711899414587e-02
0.000000000000000000e+00,2.000000000000000000e+00,2.000000000000000000e+00,1.619000000000001271e-01,8.481285982712141180e-01,-1.751108969935702420e-01,3.620427269298648110e+00,8.141918767032317594e-02
0.000000000000000000e+00,2.000000000000000000e+00,2.000000000000000000e+00,1.679000000000001325e-01,8.528364269104783402e-01,-1.749235163407258098e-01,3.603561854456616587e+00,8.460850637297225030e-02
0.000000000000000000e+00,2.000000000000000000e+00,2.000000000000000000e+00,1.739000000000001378e-01,8.576369541216303238e-01,-1.747275194750471383e-01,3.586435572532333804e+00,8.780891478935926031e-02
0.000000000000000000e+00,2.000000000000000000e+00,2.000000000000000000e+00,1.779000000000001414e-01,8.608904438231685941e-01,-1.745918654400478165e-01,3.574868875935619972e+00,8.994854811993360788e-02
0.000000000000000000e+00,2.000000000000000000e+00,2.000000000000000000e+00,1.839000000000001467e-01,8.658529647440861288e-01,-1.743805778644406668e-01,3.557288394757161853e+00,9.316681782526260724e-02
0.000000000000000000e+00,2.000000000000000000e+00,2.000000000000000000e+00,1.899000000000001520e-01,8.709174784693159976e-01,-1.741595119643368494e-01,3.539422998931176068e+00,9.639537598415430508e-02
0.000000000000000000e+00,2.000000000000000000e+00,2.000000000000000000e+00,1.939000000000001556e-01,8.743523715911353245e-01,-1.740064614062294124e-01,3.527349581931554123e+00,9.855328397184237588e-02
0.000000000000000000e+00,2.000000000000000000e+00,2.000000000000000000e+00,1.999000000000001609e-01,8.795955147526044460e-01,-1.737679915571281319e-01,3.508987065561841145e+00,1.017981512387295395e-01
0.000000000000000000e+00,2.000000000000000000e+00,2.000000000000000000e+00,2.059000000000001662e-01,8.849513821483568909e-01,-1.735183585068414136e-01,3.490312024335073815e+00,1.050522288490406964e-01
0.000000000000000000e+00,2.000000000000000000e+00,2.000000000000000000e+00,2.099000000000001698e-01,8.885867746589671823e-01,-1.733454462285601572e-01,3.477682758863249735e+00,1.072264899655653581e-01
0.000000000000000000e+00,2.000000000000000000e+00,2.000000000000000000e+00,2.159000000000001751e-01,8.941405468201804041e-01,-1.730758812515606482e-01,3.458461146438684963e+00,1.104947969521059004e-01
0.000000000000000000e+00,2.000000000000000000e+00,2.000000000000000000e+00,2.219000000000001804e-01,8.998195223773847173e-01,-1.727934898824418086e-01,3.438895084827533033e+00,1.137708742147306162e-01
0.000000000000000000e+00,2.000000000000000000e+00,2.000000000000000000e+00,2.259000000000001840e-01,9.036776224189634332e-01,-1.725977549047189863e-01,3.425653161131530844e+00,1.159589217394958183e-01
0.000000000000000000e+00,2.000000000000000000e+00,2.000000000000000000e+00,2.319000000000001893e-01,9.095770040798181189e-01,-1.722923828244943834e-01,3.405483131743348491e+00,1.192464562734420475e-01
0.000000000000000000e+00,2.000000000000000000e+00,2.000000000000000000e+00,2.379000000000001946e-01,9.156162153422764405e-01,-1.719721698377036090e-01,3.384931451815813119e+00,1.225398440550166668e-01
0.000000000000000000e+00,2.000000000000000000e+00,2.000000000000000000e+00,2.419000000000001982e-01,9.197230549769596086e-01,-1.717500252174810060e-01,3.371010662264154689e+00,1.247382609132619280e-01
0.000000000000000000e+00,2.000000000000000000e+00,2.000000000000000000e+00,2.479000000000002035e-01,9.260091588679181251e-01,-1.714031215997822155e-01,3.349787844742761145e+00,1.280394174005920205e-01
0.000000000000000000e+00,2.000000000000000000e+00,2.000000000000000000e+00,2.539000000000001811e-01,9.324523861901659050e-01,-1.710389139907362022e-01,3.328139647593161499e+00,1.313438758039901511e-01
0.000000000000000000e+00,2.000000000000000000e+00,2.000000000000000000e+00,2.579000000000001847e-01,9.368387495814239907e-01,-1.707859733678173952e-01,3.313462156845690565e+00,1.335481137862266354e-01
0.000000000000000000e+00,2.000000000000000000e+00,2.000000000000000000e+00,2.639000000000001900e-01,9.435603385198958470e-01,-1.703905157799206482e-01,3.291063487677571509e+00,1.368554271675465617e-01
0.000000000000000000e+00,2.000000000000000000e+00,2.000000000000000000e+00,2.699000000000001953e-01,9.504597015705824603e-01,-1.699747110713834830e-01,3.268187532544792884e+00,1.401626385352271464e-01
0.000000000000000000e+00,2.000000000000000000e+00,2.000000000000000000e+00,2.739000000000001989e-01,9.551623543054542642e-01,-1.696855540789598549e-01,3.252660935681872090e+00,1.423666285975721535e-01
0.000000000000000000e+00,2.000000000000000000e+00,2.000000000000000000e+00,2.799000000000002042e-01,9.623778621405980616e-01,-1.692328339412291216e-01,3.228939828807973811e+00,1.456701244104260662e-01
0.000000000000000000e+00,2.000000000000000000e+00,2.000000000000000000e+00,2.859000000000002095e-01,9.697960801778597872e-01,-1.687559627570999754e-01,3.204679139120020892e+00,1.489689539845678312e-01
0.000000000000000000e+00,2.000000000000000000e+00,2.000000000000000000e+00,2.899000000000002131e-01,9.748594261922409743e-01,-1.684238123632352258e-01,3.188192512635807052e+00,1.511645567010141689e-01
0.000000000000000000e+00,2.000000000000000000e+00,2.000000000000000000e+00,2.959000000000002184e-01,9.826396980976308537e-01,-1.679028980017892858e-01,3.162972337128790112e+00,1.544508295223478156e-01
0.000000000000000000e+00,2.000000000000000000e+00,2.000000000000000000e+00,3.019000000000002237e-01,9.906531778016716139e-01,-1.673530145975527239e-01,3.137136862910401280e+00,1.577262699446085881e-01
0.000000000000000000e+00,2.000000000000000000e+00,2.000000000000000000e+00,3.059000000000002273e-01,9.961315376802183374e-01,-1.669692847448946138e-01,3.119555358234707754e+00,1.599024863063507884e-01
0.000000000000000000e+00,2.000000000000000000e+00,2.000000000000000000e+00,3.119000000000002326e-01,1.004563624133812505e+00,-1.663662636260003769e-01,3.092620447861280208e+00,1.631533679507608803e-01
0.000000000000000000e+00,2.000000000000000000e+00,2.000000000000000000e+00,3.179000000000002379e-01,1.013266771745483075e+00,-1.657280786618846036e-01,3.064976865138322459e+00,1.663850018213154369e-01
0.000000000000000000e+00,2.000000000000000000e+00,2.000000000000000000e+00,3.219000000000002415e-01,1.019227588255553707e+00,-1.652817259737485445e-01,3.046134136892396871e+00,1.685268157844256875e-01
0.000000000000000000e+00,2.000000000000000000e+00,2.000000000000000000e+00,3.279000000000002468e-01,1.028420125908779514e+00,-1.645786103961939251e-01,3.017217099401116709e+00,1.717174076905970126e-01
0.000000000000000000e+00,2.000000000000000000e+00,2.000000000000000000e+00,3.339000000000002522e-01,1.037931524597178745e+00,-1.638322264896162339e-01,2.987474268031666824e+00,1.748771151207157704e-01
0.000000000000000000e+00,2.000000000000000000e+00,2.000000000000000000e+00,3.379000000000002557e-01,1.044459995095599947e+00,-1.633087970999027860e-01,2.967161586026878961e+00,1.769637538228801543e-01
0.000000000000000000e+00,2.000000000000000000e+00,2.000000000000000000e+00,3.439000000000002610e-01,1.054551056053246061e+00,-1.624819007510161784e-01,2.935924884462669304e+00,1.800594438036783596e-01
0.000000000000000000e+00,2.000000000000000000e+00,2.000000000000000000e+00,3.499000000000002664e-01,1.065022584167519826e+00,-1.616009152636615209e-01,2.903712494582222803e+00,1.831078884994956635e-01
0.000000000000000000e+00,2.000000000000000000e+00,2.000000000000000000e+00,3.539000000000002699e-01,1.072228569454775071e+00,-1.609811003960992803e-01,2.881662591784677652e+00,1.851101298299217823e-01
0.000000000000000000e+00,2.000000000000000000e+00,2.000000000000000000e+00,3.599000000000002752e-01,1.083397499231900651e+00,-1.599985516693791243e-01,2.847670917837658244e+00,1.880619271508653101e-01
0.000000000000000000e+00,2.000000000000000000e+00,2.000000000000000000e+00,3.659000000000002806e-01,1.095028277811292972e+00,-1.589471108777851527e-01,2.812507010440501443e+00,1.909429888807647469e-01
0.000000000000000000e+00,2.000000000000000000e+00,2.000000000000000000e+00,3.699000000000002841e-01,1.103057002277909371e+00,-1.582044770325091998e-01,2.788369211289596361e+00,1.928188457438398673e-01
0.000000000000000000e+00,2.000000000000000000e+00,2.000000000000000000e+00,3.759000000000002895e-01,1.115543003477269313e+00,-1.570222599573943834e-01,2.751046371689866987e+00,1.955558082467326597e-01
0.000000000000000000e+00,2.000000000000000000e+00,2.000000000000000000e+00,3.819000000000002948e-01,1.128601671805215645e+00,-1.557502900782606614e-01,2.712285780736430674e+00,1.981873971590810968e-01
0.000000000000000000e+00,2.000000000000000000e+00,2.000000000000000000e+00,3.859000000000002983e-01,1.137651074883967661e+00,-1.548475496982202049e-01,2.685585919738755045e+00,1.998748940465722712e-01
0.000000000000000000e+00,2.000000000000000000e+00,2.000000000000000000e+00,3.919000000000003037e-01,1.151783850698046674e+00,-1.534028922940240403e-01,2.644144197183665668e+00,2.022912505324475363e-01
0.000000000000000000e+00,2.000000000000000000e+00,2.000000000000000000e+00,3.979000000000003090e-01,1.166646093676402929e+00,-1.518379666450585253e-01,2.600892260101482112e+00,2.045493648399599740e-01
0.000000000000000000e+00,2.000000000000000000e+00,2.000000000000000000e+00,4.019000000000003125e-01,1.176996625599054713e+00,-1.507204980155955054e-01,2.570964316097804847e+00,2.059537701075794813e-01
0.000000000000000000e+00,2.000000000000000000e+00,2.000000000000000000e+00,4.079000000000003179e-01,1.193250129431625339e+00,-1.489201414545523183e-01,2.524281417389940607e+00,2.078856894190722338e-01
0.000000000000000000e+00,2.000000000000000000e+00,2.000000000000000000e+00,4.139000000000003232e-01,1.210466335798935145e+00,-1.469526538749826305e-01,2.475239501704221023e+00,2.095748826190310110e-01
0.000000000000000000e+00,2.000000000000000000e+00,2.000000000000000000e+00,4.179000000000003268e-01,1.222536021317178534e+00,-1.455363947974218919e-01,2.441100166448205044e+00,2.105444826853194173e-01
0.000000000000000000e+00,2.000000000000000000e+00,2.000000000000000000e+00,4.239000000000003321e-01,1.241630598666746632e+00,-1.432340612407413116e-01,2.387487108216603815e+00,2.117247785665145043e-01
0.000000000000000000e+00,2.000000000000000000e+00,2.000000000000000000e+00,4.299000000000003374e-01,1.262059225730737255e+00,-1.406876895138467476e-01,2.330650423673397142e+00,2.125184746224244581e-01
0.000000000000000000e+00,2.000000000000000000e+00,2.000000000000000000e+00,4.339000000000003410e-01,1.276515886048169790e+00,-1.388342014890682208e-01,2.290745438924330912e+00,2.127939795964996772e-01
0.000000000000000000e+00,2.000000000000000000e+00,2.000000000000000000e+00,4.399000000000003463e-01,1.299634612329001015e+00,-1.357823560724024936e-01,2.227458796925700923e+00,2.127538392794234290e-01
0.000000000000000000e+00,2.000000000000000000e+00,2.000000000000000000e+00,4.459000000000003516e-01,1.324739567954796193e+00,-1.323474687302223229e-01,2.159447993936469246e+00,2.120580442280695088e-01
0.000000000000000000e+00,2.000000000000000000e+00,2.000000000000000000e+00,4.499000000000003552e-01,1.342763329491422741e+00,-1.298049357866459808e-01,2.111063650357852595e+00,2.111514022302541371e-01
0.000000000000000000e+00,2.000000000000000000e+00,2.000000000000000000e+00,4.559000000000003605e-01,1.372087811284694814e+00,-1.255338644044247942e-01,2.033107662385342351e+00,2.089711221320394163e-01
0.000000000000000000e+00,2.000000000000000000e+00,2.000000000000000000e+00,4.619000000000003658e-01,1.404735350178167863e+00,-1.205867226388174090e-01,1.947393055720547661e+00,2.055502056026401736e-01
0.000000000000000000e+00,2.000000000000000000e+00,2.000000000000000000e+00,4.659000000000003694e-01,1.428777554053345611e+00,-1.168169577228950207e-01,1.884969690431901768e+00,2.023853778769392209e-01
0.000000000000000000e+00,2.000000000000000000e+00,2.000000000000000000e+00,4.719000000000003747e-01,1.469193128673208948e+00,-1.102439060051977893e-01,1.781318049206481291e+00,1.958800101189651366e-01
0.000000000000000000e+00,2.000000000000000000e+00,2.000000000000000000e+00,4.779000000000003801e-01,1.516572631216243749e+00,-1.021722215606841733e-01,1.661771317592090513e+00,1.864459956108198979e-01
0.000000000000000000e+00,2.000000000000000000e+00,2.000000000000000000e+00,4.818683022231403656e-01,1.553262214892343840e+00,-9.565866314430158945e-02,1.570590637318906246e+00,1.778657999481362550e-01
0.000000000000000000e+00,2.000000000000000000e+00,2.000000000000000000e+00,4.869442632313173425e-01,1.609460897834503523e+00,-8.525094325140883389e-02,1.433175719470304532e+00,1.626814186424084818e-01
0.000000000000000000e+00,2.000000000000000000e+00,2.000000000000000000e+00,4.908871702960418415e-01,1.664415667412795896e+00,-7.458531687703538748e-02,1.301313726486516220e+00,1.455738940487754096e-01
0.000000000000000000e+00,2.000000000000000000e+00,2.000000000000000000e+00,4.929778612144179450e-01,1.700132089961752246e+00,-6.740201538115803137e-02,1.216886563808905031e+00,1.333205350523528065e-01
0.000000000000000000e+00,2.000000000000000000e+00,2.000000000000000000e+00,4.954327425401572893e-01,1.752000884904279854e+00,-5.662712223430007435e-02,1.095991723045307342e+00,1.140137970016763258e-01
0.000000000000000000e+00,2.000000000000000000e+00,2.000000000000000000e+00,4.972045677437751943e-01,1.801407048002588551e+00,-4.599751429010926623e-02,9.826542996313267775e-01,9.404092396643956575e-02
0.000000000000000000e+00,2.000000000000000000e+00,2.000000000000000000e+00,4.980734792728606641e-01,1.832734605997436317e+00,-3.907922493898070143e-02,9.116764433848902893e-01,8.061765494126886533e-02
0.000000000000000000e+00,2.000000000000000000e+00,2.000000000000000000e+00,4.989981769895218133e-01,1.876940978895768053e+00,-2.909222315110131241e-02,8.126553542772505523e-01,6.072811146796583404e-02
0.000000000000000000e+00,2.000000000000000000e+00,2.000000000000000000e+00,4.995644986724557812e-01,1.917393538236905615e+00,-1.973373790918447543e-02,7.231761969830243775e-01,4.160646784896485095e-02
1.000000000000000000e+00,2.000000000000000000e+00,2.000000000000000000e+00,0.000000000000000000e+00,6.934219937583256943e-01,-5.478297505824700764e-01,4.000000000000000000e+00,0.000000000000000000e+00
1.000000000000000000e+00,2.000000000000000000e+00,2.000000000000000000e+00,1.899999999999999996e-03,6.945176764942445624e-01,-5.477322102971948770e-01,3.996480626436950789e+00,2.777196740894250903e-03
1.000000000000000000e+00,2.000000000000000000e+00,2.000000000000000000e+00,7.900000000000000772e-03,6.980068455864054666e-01,-5.474176011135515330e-01,3.985286722455130271e+00,1.156735901213581420e-02
1.000000000000000000e+00,2.000000000000000000e+00,2.000000000000000000e+00,1.390000000000000090e-02,7.015410503902906880e-01,-5.470927599245272166e-01,3.973968853442229943e+00,2.038808197268635741e-02
1.000000000000000000e+00,2.000000000000000000e+00,2.000000000000000000e+00,1.789999999999999925e-02,7.039227357503181626e-01,-5.468703654131847891e-01,3.966353226376354790e+00,2.628558984592715975e-02
1.000000000000000000e+00,2.000000000000000000e+00,2.000000000000000000e+00,2.390000000000000457e-02,7.075344073228763131e-01,-5.465277901352904033e-01,3.954821875162897626e+00,3.515745692973418213e-02
1.000000000000000000e+00,2.000000000000000000e+00,2.000000000000000000e+00,2.990000000000000990e-02,7.111940691738993792e-01,-5.461741437338494265e-01,3.943158134597184006e+00,4.406012324028306393e-02
1.000000000000000000e+00,2.000000000000000000e+00,2.000000000000000000e+00,3.390000000000001346e-02,7.136610883388584403e-01,-5.459320611932937384e-01,3.935307101451721135e+00,5.001238155639721461e-02
1.000000000000000000e+00,2.000000000000000000e+00,2.000000000000000000e+00,3.990000000000001878e-02,7.174033895683192830e-01,-5.455591980586604883e-01,3.923415176671138038e+00,5.896653863968291664e-02
1.000000000000000000e+00,2.000000000000000000e+00,2.000000000000000000e+00,4.590000000000002411e-02,7.211969429503310991e-01,-5.451743202366723384e-01,3.911381620779244450e+00,6.795166861944919312e-02
1.000000000000000000e+00,2.000000000000000000e+00,2.000000000000000000e+00,5.190000000000002944e-02,7.250430596939029249e-01,-5.447770436318210008e-01,3.899202735075953719e+00,7.696781627410882731e-02
1.000000000000000000e+00,2.000000000000000000e+00,2.000000000000000000e+00,5.590000000000003300e-02,7.276370103373952514e-01,-5.445051065449250105e-01,3.891000850770470532e+00,8.299582977843385223e-02
1.000000000000000000e+00,2.000000000000000000e+00,2.000000000000000000e+00,6.190000000000003832e-02,7.315737888474432848e-01,-5.440862623121377473e-01,3.878571153750108635e+00,9.206373777942651604e-02
1.000000000000000000e+00,2.000000000000000000e+00,2.000000000000000000e+00,6.790000000000004365e-02,7.355668889127451315e-01,-5.436539039464652889e-01,3.865985573969809241e+00,1.011627169721364128e-01
1.000000000000000000e+00,2.000000000000000000e+00,2.000000000000000000e+00,7.190000000000004721e-02,7.382609913659718970e-01,-5.433579330561704168e-01,3.857506500179139319e+00,1.072459614479389922e-01
1.000000000000000000e+00,2.000000000000000000e+00,2.000000000000000000e+00,7.790000000000005254e-02,7.423513601762887770e-01,-5.429020274689411174e-01,3.844651618526292669e+00,1.163966985862493753e-01
1.000000000000000000e+00,2.000000000000000000e+00,2.000000000000000000e+00,8.390000000000005786e-02,7.465022346608077841e-01,-5.424313420687957299e-01,3.831629183176621378e+00,1.255784441152414388e-01
1.000000000000000000e+00,2.000000000000000000e+00,2.000000000000000000e+00,8.790000000000006142e-02,7.493039312031234411e-01,-5.421090857381767325e-01,3.822852161863270037e+00,1.317168061028063109e-01
1.000000000000000000e+00,2.000000000000000000e+00,2.000000000000000000e+00,9.390000000000006675e-02,7.535594445401037067e-01,-5.416126017584679264e-01,3.809539936306913344e+00,1.409500884768803142e-01
1.000000000000000000e+00,2.000000000000000000e+00,2.000000000000000000e+00,9.990000000000007208e-02,7.578801402477174376e-01,-5.410998952607591894e-01,3.796047199929683647e+00,1.502141686389385500e-01
1.000000000000000000e+00,2.000000000000000000e+00,2.000000000000000000e+00,1.059000000000000774e-01,7.622679149259564690e-01,-5.405703731233175713e-01,3.782368722305722741e+00,1.595089216863538328e-01
1.000000000000000000e+00,2.000000000000000000e+00,2.000000000000000000e+00,1.099000000000000810e-01,7.652313391225163963e-01,-5.402077092834390859e-01,3.773143865135728525e+00,1.657223895945862946e-01
1.000000000000000000e+00,2.000000000000000000e+00,2.000000000000000000e+00,1.159000000000000863e-01,7.697353603264931454e-01,-5.396487567158169130e-01,3.759143590001438273e+00,1.750679072499747024e-01
1.000000000000000000e+00,2.000000000000000000e+00,2.000000000000000000e+00,1.219000000000000916e-01,7.743119485098768351e-01,-5.390712472817793532e-01,3.744942510694891258e+00,1.844436166886204709e-01
1.000000000000000000e+00,2.000000000000000000e+00,2.000000000000000000e+00,1.259000000000000952e-01,7.774044217092300757e-01,-5.386755779856627901e-01,3.735360562392505024e+00,1.907107438343938755e-01
1.000000000000000000e+00,2.000000000000000000e+00,2.000000000000000000e+00,1.319000000000001005e-01,7.821069736417599616e-01,-5.380655219683552204e-01,3.720811106458090656e+00,2.001362104355596250e-01
1.000000000000000000e+00,2.000000000000000000e+00,2.000000000000000000e+00,1.379000000000001058e-01,7.868882914919711480e-01,-5.374348996539128898e-01,3.706043948437413249e+00,2.095911265222574205e-01
1.000000000000000000e+00,2.000000000000000000e+00,2.000000000000000000e+00,1.419000000000001094e-01,7.901208413631177763e-01,-5.370026493931014944e-01,3.696074849891689329e+00,2.159105891176407721e-01
1.000000000000000000e+00,2.000000000000000000e+00,2.000000000000000000e+00,1.479000000000001147e-01,7.950391261391370756e-01,-5.363358736507682911e-01,3.680929424495117175e+00,2.254137630797008462e-01
1.000000000000000000e+00,2.000000000000000000e+00,2.000000000000000000e+00,1.539000000000001200e-01,8.000432139229929351e-01,-5.356461986369857042e-01,3.665547245386020503e+00,2.349453109438943144e-01
1.000000000000000000e+00,2.000000000000000000e+00,2.000000000000000000e+00,1.599000000000001254e-01,8.051359905740090861e-01,-5.349326523448669768e-01,3.649920535735589944e+00,2.445047251345067174e-01
1.000000000000000000e+00,2.000000000000000000e+00,2.000000000000000000e+00,1.639000000000001289e-01,8.085819388742463421e-01,-5.344431862067912098e-01,3.639362866975344613e+00,2.508928690278516282e-01
1.000000000000000000e+00,2.000000000000000000e+00,2.000000000000000000e+00,1.699000000000001342e-01,8.138293527589237630e-01,-5.336875307430529736e-01,3.623310278675057727e+00,2.604974178165923582e-01
1.000000000000000000e+00,2.000000000000000000e+00,2.000000000000000000e+00,1.759000000000001396e-01,8.191739082207927236e-01,-5.329051080611190150e-01,3.606990488789428628e+00,2.701281401721185582e-01
1.000000000000000000e+00,2.000000000000000000e+00,2.000000000000000000e+00,1.799000000000001431e-01,8.227926261564582067e-01,-5.323680256295710844e-01,3.595957607899966657e+00,2.765627799627656813e-01
1.000000000000000000e+00,2.000000000000000000e+00,2.000000000000000000e+00,1.859000000000001485e-01,8.283069234854149032e-01,-5.315382527648330191e-01,3.579171564037319619e+00,2.862353403519433681e-01
1.000000000000000000e+00,2.000000000000000000e+00,2.000000000000000000e+00,1.919000000000001538e-01,8.339280893251326265e-01,-5.306782939081099437e-01,3.562092404281866020e+00,2.959317752063385099e-01
1.000000000000000000e+00,2.000000000000000000e+00,2.000000000000000000e+00,1.959000000000001573e-01,8.377368845415333887e-01,-5.300875100313369170e-01,3.550538203173233320e+00,3.024088131149302860e-01
1.000000000000000000e+00,2.000000000000000000e+00,2.000000000000000000e+00,2.019000000000001627e-01,8.435452303935093710e-01,-5.291739887955666521e-01,3.532946485257847158e+00,3.121426369088473596e-01
1.000000000000000000e+00,2.000000000000000000e+00,2.000000000000000000e+00,2.079000000000001680e-01,8.494717119666770344e-01,-5.282262124619405697e-01,3.515031830261707846e+00,3.218972471269270774e-01
1.000000000000000000e+00,2.000000000000000000e+00,2.000000000000000000e+00,2.139000000000001733e-01,8.555210178271718258e-01,-5.272424548705287872e-01,3.496781882814431253e+00,3.316712346205112349e-01
1.000000000000000000e+00,2.000000000000000000e+00,2.000000000000000000e+00,2.179000000000001769e-01,8.596245674324086705e-01,-5.265657182112924994e-01,3.484422552887082247e+00,3.381972233972200259e-01
1.000000000000000000e+00,2.000000000000000000e+00,2.000000000000000000e+00,2.239000000000001822e-01,8.658897818159980719e-01,-5.255178110364500110e-01,3.465584352432022008e+00,3.479999307538158004e-01
1.000000000000000000e+00,2.000000000000000000e+00,2.000000000000000000e+00,2.299000000000001875e-01,8.722917766922887450e-01,-5.244286755235382236e-01,3.446374242790119169e+00,3.578174230336217954e-01
1.000000000000000000e+00,2.000000000000000000e+00,2.000000000000000000e+00,2.339000000000001911e-01,8.766386361307459962e-01,-5.236785783549586792e-01,3.433353376871029816e+00,3.643696083019354326e-01
1.000000000000000000e+00,2.000000000000000000e+00,2.000000000000000000e+00,2.399000000000001964e-01,8.832817861692529027e-01,-5.225156513880389042e-01,3.413488979174640114e+00,3.742069773212206574e-01
1.000000000000000000e+00,2.000000000000000000e+00,2.000000000000000000e+00,2.459000000000002017e-01,8.900781814004318226e-01,-5.213051072565976218e-01,3.393209735647101599e+00,3.840530101376689598e-01
1.000000000000000000e+00,2.000000000000000000e+00,2.000000000000000000e+00,2.499000000000002053e-01,8.946976573554602519e-01,-5.204702723698381162e-01,3.379450911952607495e+00,3.906204795932972651e-01
1.000000000000000000e+00,2.000000000000000000e+00,2.000000000000000000e+00,2.559000000000001829e-01,9.017651256565095697e-01,-5.191741316775567716e-01,3.358439590019008048e+00,4.004745914541325558e-01
1.000000000000000000e+00,2.000000000000000000e+00,2.000000000000000000e+00,2.619000000000001882e-01,9.090054406746056470e-01,-5.178225069230967259e-01,3.336962599943603891e+00,4.103291882840525151e-01
1.000000000000000000e+00,2.000000000000000000e+00,2.000000000000000000e+00,2.679000000000001935e-01,9.164269239431271918e-01,-5.164119776156672614e-01,3.314998445973678542e+00,4.201805287889136542e-01
1.000000000000000000e+00,2.000000000000000000e+00,2.000000000000000000e+00,2.719000000000001971e-01,9.214796118735678609e-01,-5.154370754307201485e-01,3.300073727680471691e+00,4.267442344499517981e-01
1.000000000000000000e+00,2.000000000000000000e+00,2.000000000000000000e+00,2.779000000000002024e-01,9.292232159900594146e-01,-5.139199367041948907e-01,3.277245648904771436e+00,4.365806097572924038e-01
1.000000000000000000e+00,2.000000000000000000e+00,2.000000000000000000e+00,2.839000000000002077e-01,9.371733236081043472e-01,-5.123332029267446686e-01,3.253865200500225541e+00,4.464014356061183353e-01
1.000000000000000000e+00,2.000000000000000000e+00,2.000000000000000000e+00,2.879000000000002113e-01,9.425934523602115256e-01,-5.112344099332331027e-01,3.237957681581060676e+00,4.529372453477111815e-01
1.000000000000000000e+00,2.000000000000000000e+00,2.000000000000000000e+00,2.939000000000002166e-01,9.509123123238271136e-01,-5.095210018794863460e-01,3.213593594067702064e+00,4.627192298827854655e-01
1.000000000000000000e+00,2.000000000000000000e+00,2.000000000000000000e+00,2.999000000000002220e-01,9.594686384024380121e-01,-5.077244106078457886e-01,3.188597837897046094e+00,4.724689648712077084e-01
1.000000000000000000e+00,2.000000000000000000e+00,2.000000000000000000e+00,3.039000000000002255e-01,9.653113538935343962e-01,-5.064775092548231550e-01,3.171566289936476490e+00,4.789470847080509186e-01
1.000000000000000000e+00,2.000000000000000000e+00,2.000000000000000000e+00,3.099000000000002308e-01,9.742938019832223517e-01,-5.045285385896871588e-01,3.145440304149310862e+00,4.886253655474850355e-01
1.000000000000000000e+00,2.000000000000000000e+00,2.000000000000000000e+00,3.159000000000002362e-01,9.835520751979035525e-01,-5.024788347759909790e-01,3.118584849384488766e+00,4.982484504026580829e-01
1.000000000000000000e+00,2.000000000000000000e+00,2.000000000000000000e+00,3.219000000000002415e-01,9.931029479816922967e-01,-5.003204968079186798e-01,3.090957278220091808e+00,5.078055963186349775e-01
1.000000000000000000e+00,2.000000000000000000e+00,2.000000000000000000e+00,3.259000000000002450e-01,9.996417325500486228e-01,-4.988169574948545515e-01,3.072087142714885921e+00,5.141344397768833341e-01
1.000000000000000000e+00,2.000000000000000000e+00,2.000000000000000000e+00,3.319000000000002504e-01,1.009721852256262986e+00,-4.964575669542850012e-01,3.043067191172180053e+00,5.235537763268173217e-01
1.000000000000000000e+00,2.000000000000000000e+00,2.000000000000000000e+00,3.379000000000002557e-01,1.020147440210024570e+00,-4.939638350305246006e-01,3.013141085451908285e+00,5.328708004013498201e-01
1.000000000000000000e+00,2.000000000000000000e+00,2.000000000000000000e+00,3.419000000000002593e-01,1.027301274680312293e+00,-4.922209472588581769e-01,2.992657805344339561e+00,5.390168666896067995e-01
1.000000000000000000e+00,2.000000000000000000e+00,2.000000000000000000e+00,3.479000000000002646e-01,1.038356095898903764e+00,-4.894763964713970683e-01,2.961086319379005349e+00,5.481236979450890834e-01
1.000000000000000000e+00,2.000000000000000000e+00,2.000000000000000000e+00,3.539000000000002699e-01,1.049824706110678685e+00,-4.865627023418857555e-01,2.928436132162344219e+00,5.570762544707399400e-01
1.000000000000000000e+00,2.000000000000000000e+00,2.000000000000000000e+00,3.579000000000002735e-01,1.057715428062775409e+00,-4.845183452684596048e-01,2.906032022580780527e+00,5.629466917560944639e-01
1.000000000000000000e+00,2.000000000000000000e+00,2.000000000000000000e+00,3.639000000000002788e-01,1.069943990342880458e+00,-4.812856245622623153e-01,2.871406967691193302e+00,5.715845055077706238e-01
1.000000000000000000e+00,2.000000000000000000e+00,2.000000000000000000e+00,3.699000000000002841e-01,1.082676784532174086e+00,-4.778354407321814823e-01,2.835475696001343415e+00,5.799921065432231959e-01
1.000000000000000000e+00,2.000000000000000000e+00,2.000000000000000000e+00,3.759000000000002895e-01,1.095955445089178193e+00,-4.741448315412916670e-01,2.798133774201521984e+00,5.881322107111534025e-01
1.000000000000000000e+00,2.000000000000000000e+00,2.000000000000000000e+00,3.799000000000002930e-01,1.105134099307821582e+00,-4.715379884939658872e-01,2.772397981209806517e+00,5.933890984865871632e-01
1.000000000000000000e+00,2.000000000000000000e+00,2.000000000000000000e+00,3.859000000000002983e-01,1.119430029611001132e+00,-4.673860628370087866e-01,2.732435964034033660e+00,6.009827392356488218e-01
1.000000000000000000e+00,2.000000000000000000e+00,2.000000000000000000e+00,3.919000000000003037e-01,1.134411780201361575e+00,-4.629138798253182863e-01,2.690713525114910354e+00,6.081747547749790650e-01
1.000000000000000000e+00,2.000000000000000000e+00,2.000000000000000000e+00,3.959000000000003072e-01,1.144813177490405787e+00,-4.597353900084371059e-01,2.661839507454978992e+00,6.127132497968597047e-01
1.000000000000000000e+00,2.000000000000000000e+00,2.000000000000000000e+00,4.019000000000003125e-01,1.161091283779684735e+00,-4.546389158882327974e-01,2.616801644001372829e+00,6.190784268387886646e-01
1.000000000000000000e+00,2.000000000000000000e+00,2.000000000000000000e+00,4.079000000000003179e-01,1.178257307655747210e+00,-4.491015378523308677e-01,2.569501605408230915e+00,6.248297438382617308e-01
1.000000000000000000e+00,2.000000000000000000e+00,2.000000000000000000e+00,4.119000000000003214e-01,1.190243241269663743e+00,-4.451351937690503635e-01,2.536591387390163099e+00,6.282690291835598684e-01
1.000000000000000000e+00,2.000000000000000000e+00,2.000000000000000000e+00,4.179000000000003268e-01,1.209120039448112305e+00,-4.387207030470233748e-01,2.484951549661504888e+00,6.327386569943611594e-01
1.000000000000000000e+00,2.000000000000000000e+00,2.000000000000000000e+00,4.239000000000003321e-01,1.229194464590224189e+00,-4.316726019687529559e-01,2.430287827045824578e+00,6.362404016094894699e-01
1.000000000000000000e+00,2.000000000000000000e+00,2.000000000000000000e+00,4.299000000000003374e-01,1.250627607372960970e+00,-4.238882309819009264e-01,2.372207226775567168e+00,6.385806119829291472e-01
1.000000000000000000e+00,2.000000000000000000e+00,2.000000000000000000e+00,4.339000000000003410e-01,1.265766998830612389e+00,-4.182278862655921525e-01,2.331356065051653381e+00,6.393774870934119114e-01
1.000000000000000000e+00,2.000000000000000000e+00,2.000000000000000000e+00,4.399000000000003463e-01,1.289927754643438673e+00,-4.089168169324398638e-01,2.266459092029757372e+00,6.392064711142879663e-01
1.000000000000000000e+00,2.000000000000000000e+00,2.000000000000000000e+00,4.459000000000003516e-01,1.316093237512118819e+00,-3.984484214573149607e-01,2.196587852022768850e+00,6.370576009554375085e-01
1.000000000000000000e+00,2.000000000000000000e+00,2.000000000000000000e+00,4.499000000000003552e-01,1.334831951008171202e+00,-3.907064427998915845e-01,2.146811512573159497e+00,6.342884954339040871e-01
1.000000000000000000e+00,2.000000000000000000e+00,2.000000000000000000e+00,4.559000000000003605e-01,1.365235876197965492e+00,-3.777131190924113424e-01,2.066518382178960334e+00,6.276582916125205136e-01
1.000000000000000000e+00,2.000000000000000000e+00,2.000000000000000000e+00,4.619000000000003658e-01,1.398963343226671041e+00,-3.626812008966354695e-01,1.978137707602698026e+00,6.172838680426802060e-01
1.000000000000000000e+00,2.000000000000000000e+00,2.000000000000000000e+00,4.659000000000003694e-01,1.423720086020916265e+00,-3.512396901763018553e-01,1.913734650950652316e+00,6.077011613247529365e-01
1.000000000000000000e+00,2.000000000000000000e+00,2.000000000000000000e+00,4.719000000000003747e-01,1.465188340317576277e+00,-3.313169595414385826e-01,1.806772990914456312e+00,5.880323253595700628e-01
1.000000000000000000e+00,2.000000000000000000e+00,2.000000000000000000e+00,4.779000000000003801e-01,1.513581076076102150e+00,-3.068988707326594234e-01,1.683446700007389829e+00,5.595593860859067181e-01
1.000000000000000000e+00,2.000000000000000000e+00,2.000000000000000000e+00,4.833941398447519355e-01,1.566758407244450924e+00,-2.786662813841797592e-01,1.549859315500254464e+00,5.217370174771356339e-01
1.000000000000000000e+00,2.000000000000000000e+00,2.000000000000000000e+00,4.864364516828735274e-01,1.601569151139116354e+00,-2.594178080071701253e-01,1.463543975906784311e+00,4.934426500940590765e-01
1.000000000000000000e+00,2.000000000000000000e+00,2.000000000000000000e+00,4.901869317846412333e-01,1.652519553182893342e+00,-2.301863170867393116e-01,1.338872139059249289e+00,4.472228614762426835e-01
1.000000000000000000e+00,2.000000000000000000e+00,2.000000000000000000e+00,4.931027111596634760e-01,1.701729195054847210e+00,-2.007914952553072896e-01,1.220374668118473505e+00,3.974006427113898621e-01
1.000000000000000000e+00,2.000000000000000000e+00,2.000000000000000000e+00,4.946530460686127117e-01,1.733440041186298242e+00,-1.812573800220642350e-01,1.145026304115705162e+00,3.627102661217845858e-01
1.000000000000000000e+00,2.000000000000000000e+00,2.000000000000000000e+00,4.964812883542323307e-01,1.779156732200617652e+00,-1.522927895269508003e-01,1.037808059104141201e+00,3.092701255957024387e-01
1.000000000000000000e+00,2.000000000000000000e+00,2.000000000000000000e+00,4.978111722812962880e-01,1.822386956353298837e+00,-1.240466692416601763e-01,9.379633007891838847e-01,2.551512160788126926e-01
1.000000000000000000e+00,2.000000000000000000e+00,2.000000000000000000e+00,4.984695630667537181e-01,1.849667273243712939e+00,-1.058038588272771502e-01,8.757327769442446730e-01,2.192769966110879876e-01
1.000000000000000000e+00,2.000000000000000000e+00,2.000000000000000000e+00,4.991792371337036571e-01,1.888028441951931313e+00,-7.962507592392878419e-02,7.892475565482039990e-01,1.666784402844938562e-01
1.000000000000000000e+00,2.000000000000000000e+00,2.000000000000000000e+00,4.996238652838043137e-01,1.923028920359971528e+00,-5.523292035371678982e-02,7.113872714921509743e-01,1.166074643886938350e-01
2.000000000000000000e+00,2.000000000000000000e+00,2.000000000000000000e+00,0.000000000000000000e+00,6.021069092250085353e-01,-9.565539664461408798e-01,4.000000000000000000e+00,0.000000000000000000e+00
2.000000000000000000e+00,2.000000000000000000e+00,2.000000000000000000e+00,1.899999999999999996e-03,6.034170772071578703e-01,-9.562120992478113646e-01,3.996944148232140837e+00,4.847871849586771718e-03
2.000000000000000000e+00,2.000000000000000000e+00,2.000000000000000000e+00,7.900000000000000772e-03,6.075866959869467010e-01,-9.551209087238686779e-01,3.987225143002666616e+00,2.017449181713330125e-02
2.000000000000000000e+00,2.000000000000000000e+00,2.000000000000000000e+00,1.390000000000000090e-02,6.118060980288456685e-01,-9.540116908732114709e-01,3.977398754420437221e+00,3.552794021677218445e-02
2.000000000000000000e+00,2.000000000000000000e+00,2.000000000000000000e+00,1.789999999999999925e-02,6.146472166917624769e-01,-9.532619387828036306e-01,3.970786434054815128e+00,4.577858116334213717e-02
2.000000000000000000e+00,2.000000000000000000e+00,2.000000000000000000e+00,2.390000000000000457e-02,6.189519872564407388e-01,-9.521214982177046426e-01,3.960773178793565830e+00,6.117720375035563818e-02
2.000000000000000000e+00,2.000000000000000000e+00,2.000000000000000000e+00,2.990000000000000990e-02,6.233094824352277685e-01,-9.509615817870316068e-01,3.950642878187172524e+00,7.660318713885139186e-02
2.000000000000000000e+00,2.000000000000000000e+00,2.000000000000000000e+00,3.590000000000001523e-02,6.277208820589035287e-01,-9.497816042685618410e-01,3.940391688753881461e+00,9.205670682823477446e-02
2.000000000000000000e+00,2.000000000000000000e+00,2.000000000000000000e+00,3.990000000000001878e-02,6.306923651320616164e-01,-9.489835073729928627e-01,3.933488445658393395e+00,1.023744310009687686e-01
2.000000000000000000e+00,2.000000000000000000e+00,2.000000000000000000e+00,4.590000000000002411e-02,6.351963515212379896e-01,-9.477687263828137310e-01,3.923026879750688867e+00,1.178741921630468703e-01
2.000000000000000000e+00,2.000000000000000000e+00,2.000000000000000000e+00,5.190000000000002944e-02,6.397576167394367630e-01,-9.465321991013586622e-01,3.912433526082836455e+00,1.334018783759787496e-01
2.000000000000000000e+00,2.000000000000000000e+00,2.000000000000000000e+00,5.790000000000003477e-02,6.443775189838862882e-01,-9.452732429254618873e-01,3.901704034648632025e+00,1.489576010080576607e-01
2.000000000000000000e+00,2.000000000000000000e+00,2.000000000000000000e+00,6.190000000000003832e-02,6.474907254389726807e-01,-9.444211276987050097e-01,3.894473190233842974e+00,1.593437038233932179e-01
2.000000000000000000e+00,2.000000000000000000e+00,2.000000000000000000e+00,6.790000000000004365e-02,6.522115249120155056e-01,-9.431231909364006238e-01,3.883506711459330241e+00,1.749463416808810234e-01
2.000000000000000000e+00,2.000000000000000000e+00,2.000000000000000000e+00,7.390000000000004898e-02,6.569948603429002221e-01,-9.418008538002565766e-01,3.872391715346541918e+00,1.905772016649298628e-01
2.000000000000000000e+00,2.000000000000000000e+00,2.000000000000000000e+00,7.990000000000005431e-02,6.618423069856038676e-01,-9.404533152094123327e-01,3.861123242812323664e+00,2.062363054906325432e-01
2.000000000000000000e+00,2.000000000000000000e+00,2.000000000000000000e+00,8.390000000000005786e-02,6.651103636655696372e-01,-9.395405431678892638e-01,3.853523129659043089e+00,2.166913963255470144e-01
2.000000000000000000e+00,2.000000000000000000e+00,2.000000000000000000e+00,8.990000000000006319e-02,6.700683474267221662e-01,-9.381491211330905688e-01,3.841987329269392237e+00,2.323975389982085304e-01
2.000000000000000000e+00,2.000000000000000000e+00,2.000000000000000000e+00,9.590000000000006852e-02,6.750949829002742542e-01,-9.367301756658398260e-01,3.830283883658691213e+00,2.481318296802249579e-01
2.000000000000000000e+00,2.000000000000000000e+00,2.000000000000000000e+00,1.019000000000000739e-01,6.801921121913682144e-01,-9.352827596989524706e-01,3.818407094026580850e+00,2.638941664795374509e-01
2.000000000000000000e+00,2.000000000000000000e+00,2.000000000000000000e+00,1.059000000000000774e-01,6.836303088504798176e-01,-9.343015104940712856e-01,3.810390014498008071e+00,2.744179033913006771e-01
2.000000000000000000e+00,2.000000000000000000e+00,2.000000000000000000e+00,1.119000000000000827e-01,6.888492499643654732e-01,-9.328044136999797953e-01,3.798211025839105304e+00,2.902266440988172103e-01
2.000000000000000000e+00,2.000000000000000000e+00,2.000000000000000000e+00,1.179000000000000881e-01,6.941440186260766643e-01,-9.312760895100453684e-01,3.785842339395300460e+00,3.060629482920035893e-01
2.000000000000000000e+00,2.000000000000000000e+00,2.000000000000000000e+00,1.239000000000000934e-01,6.995167887730172618e-01,-9.297154084147488673e-01,3.773277347980183549e+00,3.219265445775787993e-01
2.000000000000000000e+00,2.000000000000000000e+00,2.000000000000000000e+00,1.279000000000000969e-01,7.031430902880408951e-01,-9.286563945337780179e-01,3.764788238114526120e+00,3.325172783534350307e-01
2.000000000000000000e+00,2.000000000000000000e+00,2.000000000000000000e+00,1.339000000000001023e-01,7.086509804568125181e-01,-9.270391169047631497e-01,3.751880611260586917e+00,3.484256031703467094e-01
2.000000000000000000e+00,2.000000000000000000e+00,2.000000000000000000e+00,1.399000000000001076e-01,7.142431984755008845e-01,-9.253861776507255055e-01,3.738757625923668115e+00,3.643602070919501057e-01
2.000000000000000000e+00,2.000000000000000000e+00,2.000000000000000000e+00,1.439000000000001112e-01,7.180194671931021677e-01,-9.242637369428530203e-01,3.729885519239079184e+00,3.749976300732316137e-01
2.000000000000000000e+00,2.000000000000000000e+00,2.000000000000000000e+00,1.499000000000001165e-01,7.237580563713825743e-01,-9.225483005332454356e-01,3.716386235967875429e+00,3.909748743886664046e-01
2.000000000000000000e+00,2.000000000000000000e+00,2.000000000000000000e+00,1.559000000000001218e-01,7.295881841241881327e-01,-9.207934056602342654e-01,3.702650161731039002e+00,4.069768778889404359e-01
2.000000000000000000e+00,2.000000000000000000e+00,2.000000000000000000e+00,1.619000000000001271e-01,7.355128168498973329e-01,-9.189974814725380137e-01,3.688668558654214724e+00,4.230029134842689942e-01
2.000000000000000000e+00,2.000000000000000000e+00,2.000000000000000000e+00,1.659000000000001307e-01,7.395166113793361085e-01,-9.177765884563404697e-01,3.679206579440792435e+00,4.336998850692408425e-01
2.000000000000000000e+00,2.000000000000000000e+00,2.000000000000000000e+00,1.719000000000001360e-01,7.456057820949744119e-01,-9.159085442985287484e-01,3.664795182108992133e+00,4.497640870143049252e-01
2.000000000000000000e+00,2.000000000000000000e+00,2.000000000000000000e+00,1.779000000000001414e-01,7.517981788255096998e-01,-9.139948235564399059e-01,3.650112805862625986e+00,4.658498753159162620e-01
2.000000000000000000e+00,2.000000000000000000e+00,2.000000000000000000e+00,1.839000000000001467e-01,7.580974119364674024e-01,-9.120334898076862817e-01,3.635149010387669133e+00,4.819561135349944569e-01
2.000000000000000000e+00,2.000000000000000000e+00,2.000000000000000000e+00,1.879000000000001502e-01,7.623581306714706241e-01,-9.106984723162010464e-01,3.625011401499743879e+00,4.927043434302084135e-01
2.000000000000000000e+00,2.000000000000000000e+00,2.000000000000000000e+00,1.939000000000001556e-01,7.688440189920282553e-01,-9.086531516416498366e-01,3.609553874576695964e+00,5.088417580957822484e-01
2.000000000000000000e+00,2.000000000000000000e+00,2.000000000000000000e+00,1.999000000000001609e-01,7.754474319116203551e-01,-9.065544425017892927e-01,3.593784310211208144e+00,5.249958786547619383e-01
2.000000000000000000e+00,2.000000000000000000e+00,2.000000000000000000e+00,2.059000000000001662e-01,7.821728256325802819e-01,-9.043999179487840490e-01,3.577690058810693685e+00,5.411649900758627174e-01
2.000000000000000000e+00,2.000000000000000000e+00,2.000000000000000000e+00,2.099000000000001698e-01,7.867265133582177494e-01,-9.029312880190923929e-01,3.566773607226044085e+00,5.519517902417800936e-01
2.000000000000000000e+00,2.000000000000000000e+00,2.000000000000000000e+00,2.159000000000001751e-01,7.936658708548913754e-01,-9.006778960490983144e-01,3.550108130728326650e+00,5.681415294221031642e-01
2.000000000000000000e+00,2.000000000000000000e+00,2.000000000000000000e+00,2.219000000000001804e-01,8.007405052564078307e-01,-8.983613797590581651e-01,3.533080576012429752e+00,5.843406621247172472e-01
2.000000000000000000e+00,2.000000000000000000e+00,2.000000000000000000e+00,2.279000000000001858e-01,8.079560045034437366e-01,-8.959786367217463798e-01,3.515675369213340673e+00,6.005466386366338227e-01
2.000000000000000000e+00,2.000000000000000000e+00,2.000000000000000000e+00,2.319000000000001893e-01,8.128475232159723118e-01,-8.943517141825209071e-01,3.503853968424446297e+00,6.113530360488077520e-01
2.000000000000000000e+00,2.000000000000000000e+00,2.000000000000000000e+00,2.379000000000001946e-01,8.203112448991705108e-01,-8.918510694932154648e-01,3.485782087643059857e+00,6.275639525382948891e-01
2.000000000000000000e+00,2.000000000000000000e+00,2.000000000000000000e+00,2.439000000000002000e-01,8.279326526663061125e-01,-8.892747460189565079e-01,3.467286097965496250e+00,6.437734073807158675e-01
2.000000000000000000e+00,2.000000000000000000e+00,2.000000000000000000e+00,2.499000000000002053e-01,8.357188798189811862e-01,-8.866186831243045852e-01,3.448346467012229688e+00,6.599776148194249625e-01
2.000000000000000000e+00,2.000000000000000000e+00,2.000000000000000000e+00,2.539000000000001811e-01,8.410050194437153070e-01,-8.848015214008977392e-01,3.435463339912409708e+00,6.707754391621221224e-01
2.000000000000000000e+00,2.000000000000000000e+00,2.000000000000000000e+00,2.599000000000001864e-01,8.490832241946888459e-01,-8.820026234344032767e-01,3.415737261858333262e+00,6.869612787310885871e-01
2.000000000000000000e+00,2.000000000000000000e+00,2.000000000000000000e+00,2.659000000000001918e-01,8.573479370737877581e-01,-8.791114419472667585e-01,3.395508657318993428e+00,7.031294903915347172e-01
2.000000000000000000e+00,2.000000000000000000e+00,2.000000000000000000e+00,2.719000000000001971e-01,8.658084488408260837e-01,-8.761225102723191327e-01,3.374752497610769009e+00,7.192743977526268040e-01
2.000000000000000000e+00,2.000000000000000000e+00,2.000000000000000000e+00,2.759000000000002006e-01,8.715624844469049837e-01,-8.740726616952962935e-01,3.360608774170177337e+00,7.300216131788654916e-01
2.000000000000000000e+00,2.000000000000000000e+00,2.000000000000000000e+00,2.819000000000002060e-01,8.803719969933833100e-01,-8.709072931493037073e-01,3.338912589554531074e+00,7.461131703298524709e-01
2.000000000000000000e+00,2.000000000000000000e+00,2.000000000000000000e+00,2.879000000000002113e-01,8.894058754918479082e-01,-8.676270053326171627e-01,3.316612459599153073e+00,7.621626874429443532e-01
2.000000000000000000e+00,2.000000000000000000e+00,2.000000000000000000e+00,2.919000000000002149e-01,8.955591779476005376e-01,-8.653725754921191005e-01,3.301394051935895746e+00,7.728347661736355567e-01
2.000000000000000000e+00,2.000000000000000000e+00,2.000000000000000000e+00,2.979000000000002202e-01,9.049950220681363122e-01,-8.618834670078480142e-01,3.278012950493850219e+00,7.887943777643898757e-01
2.000000000000000000e+00,2.000000000000000000e+00,2.000000000000000000e+00,3.039000000000002255e-01,9.146906558324870984e-01,-8.582573758450260382e-01,3.253934043190656489e+00,8.046862369498006817e-01
2.000000000000000000e+00,2.000000000000000000e+00,2.000000000000000000e+00,3.099000000000002308e-01,9.246615636699847540e-01,-8.544843841904591342e-01,3.229116507474104836e+00,8.204982979766475282e-01
2.000000000000000000e+00,2.000000000000000000e+00,2.000000000000000000e+00,3.139000000000002344e-01,9.314700493621339561e-01,-8.518820542926257566e-01,3.212139340858438441e+00,8.309886567539934710e-01
2.000000000000000000e+00,2.000000000000000000e+00,2.000000000000000000e+00,3.199000000000002397e-01,9.419380846995372147e-01,-8.478391291115880968e-01,3.185989957622246571e+00,8.466363789734892009e-01
2.000000000000000000e+00,2.000000000000000000e+00,2.000000000000000000e+00,3.259000000000002450e-01,9.527300864442954653e-01,-8.436170235397261186e-01,3.158974057915390432e+00,8.621634104697588619e-01
2.000000000000000000e+00,2.000000000000000000e+00,2.000000000000000000e+00,3.319000000000002504e-01,9.638676262533754091e-01,-8.392009078161426494e-01,3.131035117165844817e+00,8.775502282756180161e-01
2.000000000000000000e+00,2.000000000000000000e+00,2.000000000000000000e+00,3.359000000000002539e-01,9.714962410514379476e-01,-8.361408916853146911e-01,3.111865917118421088e+00,8.877192629999643980e-01
2.000000000000000000e+00,2.000000000000000000e+00,2.000000000000000000e+00,3.419000000000002593e-01,9.832636067626460141e-01,-8.313632888368948093e-01,3.082247341364357851e+00,9.028208402260611276e-01
2.000000000000000000e+00,2.000000000000000000e+00,2.000000000000000000e+00,3.479000000000002646e-01,9.954453668675753431e-01,-8.263421960030105096e-01,3.051525375740413271e+00,9.177143775325522501e-01
2.000000000000000000e+00,2.000000000000000000e+00,2.000000000000000000e+00,3.539000000000002699e-01,1.008072483927602958e+00,-8.210543215989397625e-01,3.019618828071392258e+00,9.323667330651324026e-01
2.000000000000000000e+00,2.000000000000000000e+00,2.000000000000000000e+00,3.579000000000002735e-01,1.016754799299605994e+00,-8.173678836391327085e-01,2.997645535837135000e+00,9.419821572104429830e-01
2.000000000000000000e+00,2.000000000000000000e+00,2.000000000000000000e+00,3.639000000000002788e-01,1.030202440169175393e+00,-8.115744018034873886e-01,2.963559037095765181e+00,9.561434736872178597e-01
2.000000000000000000e+00,2.000000000000000000e+00,2.000000000000000000e+00,3.699000000000002841e-01,1.044195975056515291e+00,-8.054342602017824371e-01,2.928023373155673958e+00,9.699452524985963109e-01
2.000000000000000000e+00,2.000000000000000000e+00,2.000000000000000000e+00,3.759000000000002895e-01,1.058781413593154141e+00,-7.989088484073778584e-01,2.890916861356521039e+00,9.833280906346475447e-01
2.000000000000000000e+00,2.000000000000000000e+00,2.000000000000000000e+00,3.799000000000002930e-01,1.068859114109559805e+00,-7.943227181985921259e-01,2.865239529533181617e+00,9.919830052483340488e-01
2.000000000000000000e+00,2.000000000000000000e+00,2.000000000000000000e+00,3.859000000000002983e-01,1.084548975432418239e+00,-7.870521375224255323e-01,2.825201695671191615e+00,1.004504720803269580e+00
2.000000000000000000e+00,2.000000000000000000e+00,2.000000000000000000e+00,3.919000000000003037e-01,1.100983468148047484e+00,-7.792598198565127143e-01,2.783186252734424215e+00,1.016388589880280247e+00
2.000000000000000000e+00,2.000000000000000000e+00,2.000000000000000000e+00,3.979000000000003090e-01,1.118234229706502214e+00,-7.708778393635493664e-01,2.739001062639438988e+00,1.027521370445593218e+00
2.000000000000000000e+00,2.000000000000000000e+00,2.000000000000000000e+00,4.019000000000003125e-01,1.130228128992399883e+00,-7.649232521969445697e-01,2.708231448358515259e+00,1.034459593812006473e+00
2.000000000000000000e+00,2.000000000000000000e+00,2.000000000000000000e+00,4.079000000000003179e-01,1.149027005582658578e+00,-7.553730544196221031e-01,2.659924412077322664e+00,1.044022716145267538e+00
2.000000000000000000e+00,2.000000000000000000e+00,2.000000000000000000e+00,4.139000000000003232e-01,1.168888717094463736e+00,-7.449843009867529453e-01,2.608782139048714477e+00,1.052401698290470478e+00
2.000000000000000000e+00,2.000000000000000000e+00,2.000000000000000000e+00,4.179000000000003268e-01,1.182779199163066952e+00,-7.375300957716213190e-01,2.572952761283308298e+00,1.057217071992905488e+00
2.000000000000000000e+00,2.000000000000000000e+00,2.000000000000000000e+00,4.239000000000003321e-01,1.204691585586781688e+00,-7.254445832271134709e-01,2.516329133686857400e+00,1.063078821827735387e+00
2.000000000000000000e+00,2.000000000000000000e+00,2.000000000000000000e+00,4.299000000000003374e-01,1.228040933604725771e+00,-7.121129694362422491e-01,2.455858748858976703e+00,1.067005030708966018e+00
2.000000000000000000e+00,2.000000000000000000e+00,2.000000000000000000e+00,4.359000000000003427e-01,1.253022084528690794e+00,-6.973149351117672312e-01,2.391018274735536409e+00,1.068574995598988497e+00
2.000000000000000000e+00,2.000000000000000000e+00,2.000000000000000000e+00,4.399000000000003463e-01,1.270699318939206401e+00,-6.865012766965560287e-01,2.345052594489974052e+00,1.068053128646468730e+00
2.000000000000000000e+00,2.000000000000000000e+00,2.000000000000000000e+00,4.459000000000003516e-01,1.298966195123338663e+00,-6.686079838604305214e-01,2.271424879141620501e+00,1.064423768961911154e+00
2.000000000000000000e+00,2.000000000000000000e+00,2.000000000000000000e+00,4.519000000000003570e-01,1.329663585609174525e+00,-6.483240409293347106e-01,2.191323700229823146e+00,1.056611831700954518e+00
2.000000000000000000e+00,2.000000000000000000e+00,2.000000000000000000e+00,4.579000000000003623e-01,1.363275872697452318e+00,-6.250842826948787012e-01,2.103505368249008356e+00,1.043472705140777279e+00
2.000000000000000000e+00,2.000000000000000000e+00,2.000000000000000000e+00,4.619000000000003658e-01,1.387624993473585810e+00,-6.075738366985400374e-01,2.039860461923659329e+00,1.030986100005036876e+00
2.000000000000000000e+00,2.000000000000000000e+00,2.000000000000000000e+00,4.679000000000003712e-01,1.427737293932247686e+00,-5.774934002527443155e-01,1.935064488796892856e+00,1.005037334676944782e+00
2.000000000000000000e+00,2.000000000000000000e+00,2.000000000000000000e+00,4.739000000000003765e-01,1.473363696330029393e+00,-5.414313971874554765e-01,1.816135908541245403e+00,9.675081169905070944e-01
2.000000000000000000e+00,2.000000000000000000e+00,2.000000000000000000e+00,4.795607959046293001e-01,1.523411321584118738e+00,-4.996662683613414258e-01,1.686333097367213929e+00,9.167636564143855082e-01
2.000000000000000000e+00,2.000000000000000000e+00,2.000000000000000000e+00,4.827755517288688236e-01,1.556046447087170437e+00,-4.712233022536898575e-01,1.602229365502687575e+00,8.784228110781959753e-01
2.000000000000000000e+00,2.000000000000000000e+00,2.000000000000000000e+00,4.868476737123482168e-01,1.603676820187788232e+00,-4.280580218170835782e-01,1.480485744718493812e+00,8.152674280908850379e-01
2.000000000000000000e+00,2.000000000000000000e+00,2.000000000000000000e+00,4.901358681334425649e-01,1.649634836733804732e+00,-3.846137562038569047e-01,1.364392064387531800e+00,7.465182981929344708e-01
2.000000000000000000e+00,2.000000000000000000e+00,2.000000000000000000e+00,4.927577058710934099e-01,1.693821165336763857e+00,-3.412413935632026551e-01,1.254270122771507179e+00,6.734787027419536498e-01
2.000000000000000000e+00,2.000000000000000000e+00,2.000000000000000000e+00,4.941874335463166679e-01,1.722240454916519781e+00,-3.125352471902891338e-01,1.184304508308086312e+00,6.230299003713472006e-01
2.000000000000000000e+00,2.000000000000000000e+00,2.000000000000000000e+00,4.959244045853914984e-01,1.763220280946141028e+00,-2.700399683144973362e-01,1.084700832338018284e+00,5.456427294344081691e-01
2.000000000000000000e+00,2.000000000000000000e+00,2.000000000000000000e+00,4.972463255596394349e-01,1.802095146464677278e+00,-2.285293856545582147e-01,9.917034141050873330e-01,4.672912380405231381e-01
2.000000000000000000e+00,2.000000000000000000e+00,2.000000000000000000e+00,4.982267250383122792e-01,1.838702988190132226e+00,-1.883726519649049636e-01,9.055310569579639868e-01,3.892211240177918530e-01
2.000000000000000000e+00,2.000000000000000000e+00,2.000000000000000000e+00,4.987224972220692942e-01,1.861758572014959867e+00,-1.625535098480647145e-01,8.519878957879651882e-01,3.379681897189832918e-01
2.000000000000000000e+00,2.000000000000000000e+00,2.000000000000000000e+00,4.992715212277125669e-01,1.894169575699838903e+00,-1.255831577785457565e-01,7.777067220722959640e-01,2.632804662965936848e-01
2.000000000000000000e+00,2.000000000000000000e+00,2.000000000000000000e+00,4.996316887069129353e-01,1.923791351639312142e+00,-9.114235667618113268e-02,7.108635017490920749e-01,1.924517161543176924e-01
3.000000000000000000e+00,2.000000000000000000e+00,2.000000000000000000e+00,0.000000000000000000e+00,5.030099244528605240e-01,-1.410296404884206600e+00,4.000000000000000000e+00,0.000000000000000000e+00
3.000000000000000000e+00,2.000000000000000000e+00,2.000000000000000000e+00,2.500000000000000052e-03,5.049305038204191520e-01,-1.409277987516248887e+00,3.996641756437343762e+00,9.401726713134240035e-03
3.000000000000000000e+00,2.000000000000000000e+00,2.000000000000000000e+00,8.500000000000000611e-03,5.095828271459618142e-01,-1.406814245684052223e+00,3.988540925593055508e+00,3.196391420576962655e-02
3.000000000000000000e+00,2.000000000000000000e+00,2.000000000000000000e+00,1.450000000000000074e-02,5.142965310740806872e-01,-1.404322363721883127e+00,3.980378434997160930e+00,5.452352568385504528e-02
3.000000000000000000e+00,2.000000000000000000e+00,2.000000000000000000e+00,2.050000000000000433e-02,5.190725991814804097e-01,-1.401801624844861038e+00,3.972149577982349022e+00,7.708078906509915895e-02
3.000000000000000000e+00,2.000000000000000000e+00,2.000000000000000000e+00,2.450000000000000788e-02,5.222917927854748843e-01,-1.400104730727804725e+00,3.966624424590168729e+00,9.211777010629855489e-02
3.000000000000000000e+00,2.000000000000000000e+00,2.000000000000000000e+00,3.050000000000001321e-02,5.271740825051641766e-01,-1.397534207466613942e+00,3.958274168880867361e+00,1.146716093554118465e-01
3.000000000000000000e+00,2.000000000000000000e+00,2.000000000000000000e+00,3.650000000000001854e-02,5.321215353653194757e-01,-1.394932738866878630e+00,3.949844393080642835e+00,1.372236728068191858e-01
3.000000000000000000e+00,2.000000000000000000e+00,2.000000000000000000e+00,4.250000000000002387e-02,5.371352732919389972e-01,-1.392299470965717045e+00,3.941329921711053785e+00,1.597741545534773489e-01
3.000000000000000000e+00,2.000000000000000000e+00,2.000000000000000000e+00,4.850000000000002920e-02,5.422164612199245060e-01,-1.389633508752127877e+00,3.932725436727513291e+00,1.823232332584586168e-01
3.000000000000000000e+00,2.000000000000000000e+00,2.000000000000000000e+00,5.250000000000003275e-02,5.456419877914975292e-01,-1.387837575782106869e+00,3.926936412124348408e+00,1.973552529275877099e-01
3.000000000000000000e+00,2.000000000000000000e+00,2.000000000000000000e+00,5.850000000000003808e-02,5.508383054591590167e-01,-1.385115016785963604e+00,3.918169676674626789e+00,2.199023388991502292e-01
3.000000000000000000e+00,2.000000000000000000e+00,2.000000000000000000e+00,6.450000000000004341e-02,5.561054085932712887e-01,-1.382357161582694838e+00,3.909297993644884173e+00,2.424483997135887248e-01
3.000000000000000000e+00,2.000000000000000000e+00,2.000000000000000000e+00,7.050000000000004874e-02,5.614446420104333146e-01,-1.379562947858865352e+00,3.900315457683167342e+00,2.649935306778691824e-01
3.000000000000000000e+00,2.000000000000000000e+00,2.000000000000000000e+00,7.450000000000005229e-02,5.650448927857236736e-01,-1.377679392099609768e+00,3.894262517913423149e+00,2.800231346022988288e-01
3.000000000000000000e+00,2.000000000000000000e+00,2.000000000000000000e+00,8.050000000000005762e-02,5.705074858634817669e-01,-1.374822081790036288e+00,3.885081610328619650e+00,3.025668419780446761e-01
3.000000000000000000e+00,2.000000000000000000e+00,2.000000000000000000e+00,8.650000000000006295e-02,5.760460789500801981e-01,-1.371925326640219156e+00,3.875773194758975748e+00,3.251097120067605317e-01
3.000000000000000000e+00,2.000000000000000000e+00,2.000000000000000000e+00,9.250000000000006828e-02,5.816622393483652509e-01,-1.368987867047946949e+00,3.866330656056871540e+00,3.476517070269350418e-01
3.000000000000000000e+00,2.000000000000000000e+00,2.000000000000000000e+00,9.850000000000007361e-02,5.873576041182878571e-01,-1.366008383178502150e+00,3.856747159869279518e+00,3.701927428759575478e-01
3.000000000000000000e+00,2.000000000000000000e+00,2.000000000000000000e+00,1.025000000000000772e-01,5.911993581297575462e-01,-1.363998033587523029e+00,3.850276373253854967e+00,3.852195025796485428e-01
3.000000000000000000e+00,2.000000000000000000e+00,2.000000000000000000e+00,1.085000000000000825e-01,5.970305709330415711e-01,-1.360945403679109322e+00,3.840442125331601009e+00,4.077586109020976401e-01
3.000000000000000000e+00,2.000000000000000000e+00,2.000000000000000000e+00,1.145000000000000878e-01,6.029457278386073371e-01,-1.357846912881587320e+00,3.830447525776377482e+00,4.302962700551420383e-01
3.000000000000000000e+00,2.000000000000000000e+00,2.000000000000000000e+00,1.205000000000000931e-01,6.089467608646432772e-01,-1.354700993743183979e+00,3.820284822758580390e+00,4.528321808522381975e-01
3.000000000000000000e+00,2.000000000000000000e+00,2.000000000000000000e+00,1.245000000000000967e-01,6.129961545054406491e-01,-1.352576556873591240e+00,3.813412339680302132e+00,4.678549697255095507e-01
3.000000000000000000e+00,2.000000000000000000e+00,2.000000000000000000e+00,1.305000000000000882e-01,6.191448631961341542e-01,-1.349347898759321485e+00,3.802951453807881244e+00,4.903871018908558810e-01
3.000000000000000000e+00,2.000000000000000000e+00,2.000000000000000000e+00,1.365000000000000935e-01,6.253850719458163843e-01,-1.346067249013811473e+00,3.792300347549923956e+00,5.129163151103002249e-01
3.000000000000000000e+00,2.000000000000000000e+00,2.000000000000000000e+00,1.425000000000000988e-01,6.317190857818304472e-01,-1.342732739950887488e+00,3.781450131827185146e+00,5.354420102556551875e-01
3.000000000000000000e+00,2.000000000000000000e+00,2.000000000000000000e+00,1.485000000000001041e-01,6.381493284023518342e-01,-1.339342410861990684e+00,3.770391560516145546e+00,5.579634885428874647e-01
3.000000000000000000e+00,2.000000000000000000e+00,2.000000000000000000e+00,1.525000000000001077e-01,6.424908714423182010e-01,-1.337050167668192291e+00,3.762898689145584008e+00,5.729750708246225122e-01
3.000000000000000000e+00,2.000000000000000000e+00,2.000000000000000000e+00,1.585000000000001130e-01,6.490872310306491366e-01,-1.333562177782408487e+00,3.751471267313015279e+00,5.954876694309867435e-01
3.000000000000000000e+00,2.000000000000000000e+00,2.000000000000000000e+00,1.645000000000001183e-01,6.557869301782879301e-01,-1.330012641206749446e+00,3.739808904829765357e+00,6.179936316957439502e-01
3.000000000000000000e+00,2.000000000000000000e+00,2.000000000000000000e+00,1.705000000000001237e-01,6.625929070565610424e-01,-1.326399205429469097e+00,3.727900831787329228e+00,6.404918130165604406e-01
3.000000000000000000e+00,2.000000000000000000e+00,2.000000000000000000e+00,1.745000000000001272e-01,6.671907939073737914e-01,-1.323953531513688553e+00,3.719820073952879724e+00,6.554856464294805951e-01
3.000000000000000000e+00,2.000000000000000000e+00,2.000000000000000000e+00,1.805000000000001326e-01,6.741808866826886071e-01,-1.320228031536932356e+00,3.707477219735425766e+00,6.779679111207560505e-01
3.000000000000000000e+00,2.000000000000000000e+00,2.000000000000000000e+00,1.865000000000001379e-01,6.812859408715651321e-01,-1.316431735301905492e+00,3.694857473160808592e+00,7.004385893844629063e-01
3.000000000000000000e+00,2.000000000000000000e+00,2.000000000000000000e+00,1.925000000000001432e-01,6.885095721499531196e-01,-1.312561797585664047e+00,3.681948111460754181e+00,7.228959331160444979e-01
3.000000000000000000e+00,2.000000000000000000e+00,2.000000000000000000e+00,1.985000000000001485e-01,6.958556180794307489e-01,-1.308615216511630264e+00,3.668735784194807614e+00,7.453379953793619617e-01
3.000000000000000000e+00,2.000000000000000000e+00,2.000000000000000000e+00,2.025000000000001521e-01,7.008229938163896833e-01,-1.305940024724593140e+00,3.659752354473583047e+00,7.602898218215221604e-01
3.000000000000000000e+00,2.000000000000000000e+00,2.000000000000000000e+00,2.085000000000001574e-01,7.083822568774812423e-01,-1.301858571910608831e+00,3.646003556189393091e+00,7.827014931547910948e-01
3.000000000000000000e+00,2.000000000000000000e+00,2.000000000000000000e+00,2.145000000000001628e-01,7.160754069761117169e-01,-1.297691614667744187e+00,3.631912737018517134e+00,8.050915829222429210e-01
3.000000000000000000e+00,2.000000000000000000e+00,2.000000000000000000e+00,2.205000000000001681e-01,7.239072785450435532e-01,-1.293435470017631816e+00,3.617463789079299552e+00,8.274572547953991108e-01
3.000000000000000000e+00,2.000000000000000000e+00,2.000000000000000000e+00,2.245000000000001716e-01,7.292081312316240904e-01,-1.290546573382922002e+00,3.607623835755983777e+00,8.423526039257800413e-01
3.000000000000000000e+00,2.000000000000000000e+00,2.000000000000000000e+00,2.305000000000001770e-01,7.372828697134822251e-01,-1.286132989731734177e+00,3.592539723337901059e+00,8.646704637584490261e-01
3.000000000000000000e+00,2.000000000000000000e+00,2.000000000000000000e+00,2.365000000000001823e-01,7.455109445377802180e-01,-1.281619264912068568e+00,3.577049894951315423e+00,8.869548269924818484e-01
3.000000000000000000e+00,2.000000000000000000e+00,2.000000000000000000e+00,2.425000000000001876e-01,7.538985868235760224e-01,-1.277000808046484748e+00,3.561134520228042000e+00,9.092016371964752874e-01
3.000000000000000000e+00,2.000000000000000000e+00,2.000000000000000000e+00,2.485000000000001930e-01,7.624525050002969317e-01,-1.272272726804375420e+00,3.544772526813758429e+00,9.314064291233443704e-01
3.000000000000000000e+00,2.000000000000000000e+00,2.000000000000000000e+00,2.525000000000001688e-01,7.682510433999625299e-01,-1.269057205580308656e+00,3.533605390616403774e+00,9.461838732816507669e-01
3.000000000000000000e+00,2.000000000000000000e+00,2.000000000000000000e+00,2.585000000000001741e-01,7.770984608277270445e-01,-1.264134632415368831e+00,3.516448441636716993e+00,9.683074721636213411e-01
3.000000000000000000e+00,2.000000000000000000e+00,2.000000000000000000e+00,2.645000000000001794e-01,7.861327984040943351e-01,-1.259087679740830357e+00,3.498781636225525293e+00,9.903748244275139001e-01
3.000000000000000000e+00,2.000000000000000000e+00,2.000000000000000000e+00,2.705000000000001847e-01,7.953630225027356060e-01,-1.253910065926647111e+00,3.480578180776290331e+00,1.012379579350516590e+00
3.000000000000000000e+00,2.000000000000000000e+00,2.000000000000000000e+00,2.765000000000001901e-01,8.047988946534210264e-01,-1.248595028766869897e+00,3.461809314071634613e+00,1.034314736986456928e+00
3.000000000000000000e+00,2.000000000000000000e+00,2.000000000000000000e+00,2.805000000000001936e-01,8.112089472146742919e-01,-1.244971743238029616e+00,3.448967431118287408e+00,1.048895728100421199e+00
3.000000000000000000e+00,2.000000000000000000e+00,2.000000000000000000e+00,2.865000000000001990e-01,8.210117404975469935e-01,-1.239411147017165371e+00,3.429186228771505807e+00,1.070697327749564165e+00
3.000000000000000000e+00,2.000000000000000000e+00,2.000000000000000000e+00,2.925000000000002043e-01,8.310509089882548439e-01,-1.233692270956973536e+00,3.408751479874868373e+00,1.092406875505282038e+00
3.000000000000000000e+00,2.000000000000000000e+00,2.000000000000000000e+00,2.985000000000002096e-01,8.413401112436735829e-01,-1.227806007374206088e+00,3.387625003437533255e+00,1.114014239288432240e+00
3.000000000000000000e+00,2.000000000000000000e+00,2.000000000000000000e+00,3.025000000000002132e-01,8.483458680448275890e-01,-1.223783954562480902e+00,3.373136027259472147e+00,1.128356866121925428e+00
3.000000000000000000e+00,2.000000000000000000e+00,2.000000000000000000e+00,3.085000000000002185e-01,8.590860871066060556e-01,-1.217596070670814656e+00,3.350762478233460850e+00,1.149768241807938907e+00
3.000000000000000000e+00,2.000000000000000000e+00,2.000000000000000000e+00,3.145000000000002238e-01,8.701202575976311193e-01,-1.211211917592635023e+00,3.327577657411051604e+00,1.171044371685056706e+00
3.000000000000000000e+00,2.000000000000000000e+00,2.000000000000000000e+00,3.205000000000002292e-01,8.814683176063677905e-01,-1.204618481381243722e+00,3.303528592971349376e+00,1.192170004729343091e+00
3.000000000000000000e+00,2.000000000000000000e+00,2.000000000000000000e+00,3.265000000000002345e-01,8.931525451403882210e-01,-1.197801219376059434e+00,3.278556841790071896e+00,1.213127898714379871e+00
3.000000000000000000e+00,2.000000000000000000e+00,2.000000000000000000e+00,3.305000000000002380e-01,9.011410004087515579e-01,-1.193124034061755490e+00,3.261364715778499068e+00,1.226997062976259656e+00
3.000000000000000000e+00,2.000000000000000000e+00,2.000000000000000000e+00,3.365000000000002434e-01,9.134425279519394758e-01,-1.185896295146401602e+00,3.234707696615007233e+00,1.247630399899023246e+00
3.000000000000000000e+00,2.000000000000000000e+00,2.000000000000000000e+00,3.425000000000002487e-01,9.261539842891587382e-01,-1.178395986690281116e+00,3.206938502661248691e+00,1.268036991164132044e+00
3.000000000000000000e+00,2.000000000000000000e+00,2.000000000000000000e+00,3.485000000000002540e-01,9.393097680069655286e-01,-1.170599790562744547e+00,3.177970149738199801e+00,1.288188048789459472e+00
3.000000000000000000e+00,2.000000000000000000e+00,2.000000000000000000e+00,3.525000000000002576e-01,9.483461789532375841e-01,-1.165224760502645784e+00,3.157943837956348254e+00,1.301463665056883601e+00
3.000000000000000000e+00,2.000000000000000000e+00,2.000000000000000000e+00,3.585000000000002629e-01,9.623317041437763342e-01,-1.156873037477943456e+00,3.126752887817098703e+00,1.321110598792553992e+00
3.000000000000000000e+00,2.000000000000000000e+00,2.000000000000000000e+00,3.645000000000002682e-01,9.768776142588440070e-01,-1.148142411499371462e+00,3.094071812808175004e+00,1.340396855694026890e+00
3.000000000000000000e+00,2.000000000000000000e+00,2.000000000000000000e+00,3.705000000000002736e-01,9.920387360231390783e-01,-1.138990774437648401e+00,3.059763183114567298e+00,1.359267552216884445e+00
3.000000000000000000e+00,2.000000000000000000e+00,2.000000000000000000e+00,3.765000000000002789e-01,1.007877403713398179e+00,-1.129367611145550176e+00,3.023669917415903186e+00,1.377655491231752682e+00
3.000000000000000000e+00,2.000000000000000000e+00,2.000000000000000000e+00,3.805000000000002824e-01,1.018847495014933102e+00,-1.122660564540587824e+00,2.998528431271759054e+00,1.389605643377371580e+00
3.000000000000000000e+00,2.000000000000000000e+00,2.000000000000000000e+00,3.865000000000002878e-01,1.035977182751993908e+00,-1.112109419392829590e+00,2.959047751064678877e+00,1.406994174324922131e+00
3.000000000000000000e+00,2.000000000000000000e+00,2.000000000000000000e+00,3.925000000000002931e-01,1.053994111539396705e+00,-1.100892935568812181e+00,2.917241245892408852e+00,1.423629091117575962e+00
3.000000000000000000e+00,2.000000000000000000e+00,2.000000000000000000e+00,3.985000000000002984e-01,1.072995411194394011e+00,-1.088907207442965763e+00,2.872848789404264025e+00,1.439357328306457129e+00
3.000000000000000000e+00,2.000000000000000000e+00,2.000000000000000000e+00,4.025000000000003020e-01,1.086262699372344986e+00,-1.080427615987677115e+00,2.841671678792242250e+00,1.449245212857956489e+00
3.000000000000000000e+00,2.000000000000000000e+00,2.000000000000000000e+00,4.085000000000003073e-01,1.107150093446903627e+00,-1.066863176892201004e+00,2.792286083204547964e+00,1.463005317139302264e+00
3.000000000000000000e+00,2.000000000000000000e+00,2.000000000000000000e+00,4.145000000000003126e-01,1.129334526785209736e+00,-1.052124315344422190e+00,2.739422655492575132e+00,1.475217549978794285e+00
3.000000000000000000e+00,2.000000000000000000e+00,2.000000000000000000e+00,4.205000000000003180e-01,1.152953999058508483e+00,-1.035995429140672774e+00,2.682658384530347551e+00,1.485516135783331082e+00
3.000000000000000000e+00,2.000000000000000000e+00,2.000000000000000000e+00,4.265000000000003233e-01,1.178159316101353049e+00,-1.018216128997034176e+00,2.621511685363953958e+00,1.493440271640530614e+00
3.000000000000000000e+00,2.000000000000000000e+00,2.000000000000000000e+00,4.305000000000003268e-01,1.195925574555644300e+00,-1.005294028843596310e+00,2.578043583774409786e+00,1.497123894832016910e+00
3.000000000000000000e+00,2.000000000000000000e+00,2.000000000000000000e+00,4.365000000000003322e-01,1.224156817636907979e+00,-9.840358398005125684e-01,2.508324614978123979e+00,1.499733787260651985e+00
3.000000000000000000e+00,2.000000000000000000e+00,2.000000000000000000e+00,4.425000000000003375e-01,1.254479558258984273e+00,-9.601381510221241866e-01,2.432540094212632731e+00,1.498078144153663915e+00
3.000000000000000000e+00,2.000000000000000000e+00,2.000000000000000000e+00,4.485000000000003428e-01,1.287160606850557887e+00,-9.330674834833821985e-01,2.349820140500554544e+00,1.491077538154757409e+00
3.000000000000000000e+00,2.000000000000000000e+00,2.000000000000000000e+00,4.525000000000003464e-01,1.310426936888852367e+00,-9.129298954096453089e-01,2.290290941345825004e+00,1.482764407013887009e+00
3.000000000000000000e+00,2.000000000000000000e+00,2.000000000000000000e+00,4.585000000000003517e-01,1.347884908610686550e+00,-8.789544533775492940e-01,2.193405988505202853e+00,1.463500285281299718e+00
3.000000000000000000e+00,2.000000000000000000e+00,2.000000000000000000e+00,4.645000000000003570e-01,1.388986154164683073e+00,-8.394322837939063309e-01,2.085778917924812959e+00,1.433924373144589204e+00
3.000000000000000000e+00,2.000000000000000000e+00,2.000000000000000000e+00,4.705000000000003624e-01,1.434680366087252468e+00,-7.927241236383730794e-01,1.964825109722944330e+00,1.390569788670619644e+00
3.000000000000000000e+00,2.000000000000000000e+00,2.000000000000000000e+00,4.761315558020088878e-01,1.483100949638322064e+00,-7.400690952225640329e-01,1.835644263535911591e+00,1.332521061672319096e+00
3.000000000000000000e+00,2.000000000000000000e+00,2.000000000000000000e+00,4.793969295067482816e-01,1.514444515404175240e+00,-7.042784531377993540e-01,1.751743252218383118e+00,1.288307206262859772e+00
3.000000000000000000e+00,2.000000000000000000e+00,2.000000000000000000e+00,4.836312143683094700e-01,1.559970695695070297e+00,-6.499636786980969028e-01,1.629894247444631628e+00,1.214873420403057569e+00
3.000000000000000000e+00,2.000000000000000000e+00,2.000000000000000000e+00,4.871566455819413277e-01,1.603713016270804204e+00,-5.952603062877509510e-01,1.513284629603024012e+00,1.134202640647897553e+00
3.000000000000000000e+00,2.000000000000000000e+00,2.000000000000000000e+00,4.900645239812964626e-01,1.645681950920926173e+00,-5.405524378778016059e-01,1.402271007338424802e+00,1.047727525816874117e+00
3.000000000000000000e+00,2.000000000000000000e+00,2.000000000000000000e+00,4.917014760300981169e-01,1.672679023914396046e+00,-5.042561524421722563e-01,1.331495649338950038e+00,9.875385795335476224e-01
3.000000000000000000e+00,2.000000000000000000e+00,2.000000000000000000e+00,4.937613325216914095e-01,1.711696708339204287e+00,-4.503267101947864282e-01,1.230313537128380652e+00,8.944327689181721386e-01
3.000000000000000000e+00,2.000000000000000000e+00,2.000000000000000000e+00,4.954086283785589795e-01,1.748920132966474084e+00,-3.973004785906372738e-01,1.135217374228551179e+00,7.990652346163378272e-01
3.000000000000000000e+00,2.000000000000000000e+00,2.000000000000000000e+00,4.967065826174182908e-01,1.784306263734953157e+00,-3.454851314455960054e-01,1.046296553328462497e+00,7.026400677394151195e-01
3.000000000000000000e+00,2.000000000000000000e+00,2.000000000000000000e+00,4.977113501099377779e-01,1.817789581609890126e+00,-2.951861539693557690e-01,9.636237800239213502e-01,6.063151721006490025e-01
3.000000000000000000e+00,2.000000000000000000e+00,2.000000000000000000e+00,4.982429694086531469e-01,1.839012261846923568e+00,-2.626540484852981083e-01,9.120150522190775266e-01,5.427221829172768075e-01
3.000000000000000000e+00,2.000000000000000000e+00,2.000000000000000000e+00,4.988657329196227730e-01,1.869119458245838583e+00,-2.156187560610575982e-01,8.399194200580017977e-01,4.491454705984401774e-01
3.000000000000000000e+00,2.000000000000000000e+00,2.000000000000000000e+00,4.993134782219502688e-01,1.897048001259303618e+00,-1.710551115734788019e-01,7.742783032127957821e-01,3.588568760500124855e-01
3.000000000000000000e+00,2.000000000000000000e+00,2.000000000000000000e+00,4.996206556566647472e-01,1.922669779223943110e+00,-1.294091083549672450e-01,7.151665926570363041e-01,2.731770196076682700e-01
4.000000000000000000e+00,2.000000000000000000e+00,2.000000000000000000e+00,0.000000000000000000e+00,4.150291596573655872e-01,-1.893689781814337447e+00,4.000000000000000000e+00,0.000000000000000000e+00
4.000000000000000000e+00,2.000000000000000000e+00,2.000000000000000000e+00,2.500000000000000052e-03,4.169784076793668914e-01,-1.891953456116953758e+00,3.997235802121693382e+00,1.262027021587663889e-02
4.000000000000000000e+00,2.000000000000000000e+00,2.000000000000000000e+00,8.500000000000000611e-03,4.217165633913670941e-01,-1.887754698906543904e+00,3.990621158699289239e+00,4.287350342139682052e-02
4.000000000000000000e+00,2.000000000000000000e+00,2.000000000000000000e+00,1.450000000000000074e-02,4.265399918036764104e-01,-1.883511003329601641e+00,3.984028350246688444e+00,7.307653481139994578e-02
4.000000000000000000e+00,2.000000000000000000e+00,2.000000000000000000e+00,2.050000000000000433e-02,4.314494659418210976e-01,-1.879221857586543809e+00,3.977450324308120511e+00,1.032291568884675381e-01
4.000000000000000000e+00,2.000000000000000000e+00,2.000000000000000000e+00,2.650000000000000966e-02,4.364457628725305072e-01,-1.874886674326338598e+00,3.970879904938680927e+00,1.333312100014937551e-01
4.000000000000000000e+00,2.000000000000000000e+00,2.000000000000000000e+00,3.050000000000001321e-02,4.398252487643268260e-01,-1.871970649648593277e+00,3.966500250406479910e+00,1.533710916354559251e-01
4.000000000000000000e+00,2.000000000000000000e+00,2.000000000000000000e+00,3.650000000000001854e-02,4.449679970263383244e-01,-1.867557212603526473e+00,3.959926216775596419e+00,1.833886175572541355e-01
4.000000000000000000e+00,2.000000000000000000e+00,2.000000000000000000e+00,4.250000000000002387e-02,4.501996861458775201e-01,-1.863095770835136555e+00,3.953340024456722723e+00,2.133553320627556982e-01
4.000000000000000000e+00,2.000000000000000000e+00,2.000000000000000000e+00,4.850000000000002920e-02,4.555211397557847874e-01,-1.858585426918105243e+00,3.946734012753524201e+00,2.432711924208682541e-01
4.000000000000000000e+00,2.000000000000000000e+00,2.000000000000000000e+00,5.450000000000003453e-02,4.609332054040339854e-01,-1.854025190534246192e+00,3.940100376508790525e+00,2.731361700518620816e-01
4.000000000000000000e+00,2.000000000000000000e+00,2.000000000000000000e+00,6.050000000000003986e-02,4.664367581970891852e-01,-1.849413976902549273e+00,3.933431159453886217e+00,3.029502424894555124e-01
4.000000000000000000e+00,2.000000000000000000e+00,2.000000000000000000e+00,6.450000000000004341e-02,4.701570657519936192e-01,-1.846310933212744310e+00,3.928961247086537600e+00,3.227979980609019250e-01
4.000000000000000000e+00,2.000000000000000000e+00,2.000000000000000000e+00,7.050000000000004874e-02,4.758151301886591189e-01,-1.841612075866732923e+00,3.922214613413611772e+00,3.525271671947806107e-01
4.000000000000000000e+00,2.000000000000000000e+00,2.000000000000000000e+00,7.650000000000005407e-02,4.815671845345991242e-01,-1.836858856457663336e+00,3.915410383070953237e+00,3.822053338402863210e-01
4.000000000000000000e+00,2.000000000000000000e+00,2.000000000000000000e+00,8.250000000000005940e-02,4.874142435714626798e-01,-1.832049812567201341e+00,3.908539974266067141e+00,4.118324212464112843e-01
4.000000000000000000e+00,2.000000000000000000e+00,2.000000000000000000e+00,8.850000000000006473e-02,4.933573721185571803e-01,-1.827183371261289491e+00,3.901594610879418390e+00,4.414083155598863550e-01
4.000000000000000000e+00,2.000000000000000000e+00,2.000000000000000000e+00,9.450000000000007006e-02,4.993976884513336434e-01,-1.822257846827934902e+00,3.894565310889181120e+00,4.709328558411344234e-01
4.000000000000000000e+00,2.000000000000000000e+00,2.000000000000000000e+00,9.850000000000007361e-02,5.034791375471523445e-01,-1.818940454131886320e+00,3.889827945300291745e+00,4.905872472167512877e-01
4.000000000000000000e+00,2.000000000000000000e+00,2.000000000000000000e+00,1.045000000000000789e-01,5.096840793896306732e-01,-1.813912390057152102e+00,3.882638190401268119e+00,5.200256770673077344e-01
4.000000000000000000e+00,2.000000000000000000e+00,2.000000000000000000e+00,1.105000000000000843e-01,5.159894906369690837e-01,-1.808820163325282504e+00,3.875339438774958900e+00,5.494120100563966158e-01
4.000000000000000000e+00,2.000000000000000000e+00,2.000000000000000000e+00,1.165000000000000896e-01,5.223967275929985998e-01,-1.803661639511093151e+00,3.867921835393103080e+00,5.787458174845031555e-01
4.000000000000000000e+00,2.000000000000000000e+00,2.000000000000000000e+00,1.225000000000000949e-01,5.289072239992125279e-01,-1.798434552205218084e+00,3.860375249926438102e+00,6.080265698161039234e-01
4.000000000000000000e+00,2.000000000000000000e+00,2.000000000000000000e+00,1.285000000000000864e-01,5.355224951732519001e-01,-1.793136499521250427e+00,3.852689259062278104e+00,6.372536240737936009e-01
4.000000000000000000e+00,2.000000000000000000e+00,2.000000000000000000e+00,1.325000000000000899e-01,5.399916713588162054e-01,-1.789563788991216153e+00,3.847482529736108159e+00,6.567081198208312154e-01
4.000000000000000000e+00,2.000000000000000000e+00,2.000000000000000000e+00,1.385000000000000953e-01,5.467851724575920613e-01,-1.784141735402413831e+00,3.839540176318779530e+00,6.858438956299102163e-01
4.000000000000000000e+00,2.000000000000000000e+00,2.000000000000000000e+00,1.445000000000001006e-01,5.536879294367176296e-01,-1.778641604437682266e+00,3.831429038474472915e+00,7.149235965819479288e-01
4.000000000000000000e+00,2.000000000000000000e+00,2.000000000000000000e+00,1.505000000000001059e-01,5.607018035644255605e-01,-1.773060448507268072e+00,3.823137443248499689e+00,7.439460405688739231e-01
4.000000000000000000e+00,2.000000000000000000e+00,2.000000000000000000e+00,1.565000000000001112e-01,5.678287648819444478e-01,-1.767395156232024034e+00,3.814653322374470079e+00,7.729098612877232100e-01
4.000000000000000000e+00,2.000000000000000000e+00,2.000000000000000000e+00,1.625000000000001166e-01,5.750708985249644023e-01,-1.761642446699422937e+00,3.805964186076847611e+00,8.018134911369065865e-01
4.000000000000000000e+00,2.000000000000000000e+00,2.000000000000000000e+00,1.665000000000001201e-01,5.799640563665205972e-01,-1.757757041447972179e+00,3.800051160890203672e+00,8.210482650434736129e-01
4.000000000000000000e+00,2.000000000000000000e+00,2.000000000000000000e+00,1.725000000000001255e-01,5.874031093088684097e-01,-1.751850858323273696e+00,3.790991343471978414e+00,8.498474853096953385e-01
4.000000000000000000e+00,2.000000000000000000e+00,2.000000000000000000e+00,1.785000000000001308e-01,5.949635079700837936e-01,-1.745847615248065088e+00,3.781690924833094325e+00,8.785812012347233857e-01
4.000000000000000000e+00,2.000000000000000000e+00,2.000000000000000000e+00,1.845000000000001361e-01,6.026478198937300634e-01,-1.739743336604510970e+00,3.772135614191931996e+00,9.072469351319638609e-01
4.000000000000000000e+00,2.000000000000000000e+00,2.000000000000000000e+00,1.905000000000001414e-01,6.104587630444240354e-01,-1.733533834374566540e+00,3.762310550201353632e+00,9.358419078124722290e-01
4.000000000000000000e+00,2.000000000000000000e+00,2.000000000000000000e+00,1.965000000000001468e-01,6.183992167082357216e-01,-1.727214697441130875e+00,3.752200261348579424e+00,9.643630129828906217e-01
4.000000000000000000e+00,2.000000000000000000e+00,2.000000000000000000e+00,2.005000000000001503e-01,6.237663017278569644e-01,-1.722938747532074544e+00,3.745293676644274150e+00,9.833343521273898435e-01
4.000000000000000000e+00,2.000000000000000000e+00,2.000000000000000000e+00,2.065000000000001557e-01,6.319294737971048459e-01,-1.716426442315046375e+00,3.734671842036427769e+00,1.011724465861687960e+00
4.000000000000000000e+00,2.000000000000000000e+00,2.000000000000000000e+00,2.125000000000001610e-01,6.402307011166081807e-01,-1.709791558911864184e+00,3.723720215767349018e+00,1.040030613064927945e+00
4.000000000000000000e+00,2.000000000000000000e+00,2.000000000000000000e+00,2.185000000000001663e-01,6.486735494323655482e-01,-1.703028762040847743e+00,3.712420706082062871e+00,1.068248235242360122e+00
4.000000000000000000e+00,2.000000000000000000e+00,2.000000000000000000e+00,2.245000000000001716e-01,6.572618033009266503e-01,-1.696132431757419345e+00,3.700754385549827052e+00,1.096372299101038505e+00
4.000000000000000000e+00,2.000000000000000000e+00,2.000000000000000000e+00,2.305000000000001770e-01,6.659994828883911699e-01,-1.689096646318472228e+00,3.688701430421557514e+00,1.124397257183831211e+00
4.000000000000000000e+00,2.000000000000000000e+00,2.000000000000000000e+00,2.345000000000001805e-01,6.719097172631515180e-01,-1.684325579808413131e+00,3.680441106725222067e+00,1.143022514370755305e+00
4.000000000000000000e+00,2.000000000000000000e+00,2.000000000000000000e+00,2.405000000000001859e-01,6.809060769466809271e-01,-1.677043338376374981e+00,3.667697060302493206e+00,1.170868441445243269e+00
4.000000000000000000e+00,2.000000000000000000e+00,2.000000000000000000e+00,2.465000000000001912e-01,6.900638896801489786e-01,-1.669604249280129959e+00,3.654508611088878478e+00,1.198597636162810343e+00
4.000000000000000000e+00,2.000000000000000000e+00,2.000000000000000000e+00,2.525000000000001688e-01,6.993882228798129486e-01,-1.662001137745032109e+00,3.640852034992416275e+00,1.226202293437639090e+00
4.000000000000000000e+00,2.000000000000000000e+00,2.000000000000000000e+00,2.585000000000001741e-01,7.088844937737476259e-01,-1.654226444368918525e+00,3.626702344398136546e+00,1.253673878931544250e+00
4.000000000000000000e+00,2.000000000000000000e+00,2.000000000000000000e+00,2.645000000000001794e-01,7.185585037702435507e-01,-1.646272206240518399e+00,3.612033186177147304e+00,1.281003075641662381e+00
4.000000000000000000e+00,2.000000000000000000e+00,2.000000000000000000e+00,2.685000000000001830e-01,7.251096440748776573e-01,-1.640865510744482725e+00,3.601951473976799711e+00,1.299138456655473783e+00
4.000000000000000000e+00,2.000000000000000000e+00,2.000000000000000000e+00,2.745000000000001883e-01,7.350939570923328281e-01,-1.632593180709151381e+00,3.586353895465755226e+00,1.326207333434509694e+00
4.000000000000000000e+00,2.000000000000000000e+00,2.000000000000000000e+00,2.805000000000001936e-01,7.452736997349593828e-01,-1.624117959581264925e+00,3.570158981045142177e+00,1.353104728787486222e+00
4.000000000000000000e+00,2.000000000000000000e+00,2.000000000000000000e+00,2.865000000000001990e-01,7.556565013529992214e-01,-1.615430255258080816e+00,3.553334275864967751e+00,1.379817983196212738e+00
4.000000000000000000e+00,2.000000000000000000e+00,2.000000000000000000e+00,2.925000000000002043e-01,7.662506495599499257e-01,-1.606520000639460877e+00,3.535845283643342718e+00,1.406333402512594422e+00
4.000000000000000000e+00,2.000000000000000000e+00,2.000000000000000000e+00,2.965000000000002078e-01,7.734352611787218557e-01,-1.600451003182023157e+00,3.523798860415770395e+00,1.423893191134565139e+00
4.000000000000000000e+00,2.000000000000000000e+00,2.000000000000000000e+00,3.025000000000002132e-01,7.844021776699142690e-01,-1.591146157613025025e+00,3.505119843701105076e+00,1.450045513219830884e+00
4.000000000000000000e+00,2.000000000000000000e+00,2.000000000000000000e+00,3.085000000000002185e-01,7.956065789008514022e-01,-1.581589582009552908e+00,3.485672864960815076e+00,1.475958139691402993e+00
4.000000000000000000e+00,2.000000000000000000e+00,2.000000000000000000e+00,3.145000000000002238e-01,8.070602034130115454e-01,-1.571769492781713184e+00,3.465413853033212810e+00,1.501613328990023311e+00
4.000000000000000000e+00,2.000000000000000000e+00,2.000000000000000000e+00,3.205000000000002292e-01,8.187761683123924161e-01,-1.561673697286407592e+00,3.444295328719698901e+00,1.526992263850130538e+00
4.000000000000000000e+00,2.000000000000000000e+00,2.000000000000000000e+00,3.265000000000002345e-01,8.307692634445087432e-01,-1.551289654358815717e+00,3.422265910700514890e+00,1.552075139294342598e+00
4.000000000000000000e+00,2.000000000000000000e+00,2.000000000000000000e+00,3.305000000000002380e-01,8.389268425798409590e-01,-1.544200507117458709e+00,3.407046180288781478e+00,1.568622415442746387e+00
4.000000000000000000e+00,2.000000000000000000e+00,2.000000000000000000e+00,3.365000000000002434e-01,8.514205066869678928e-01,-1.533307529062492902e+00,3.383371774313215230e+00,1.593165699015721248e+00
4.000000000000000000e+00,2.000000000000000000e+00,2.000000000000000000e+00,3.425000000000002487e-01,8.642422770981917912e-01,-1.522091935270969865e+00,3.358625030733017880e+00,1.617356780340137412e+00
4.000000000000000000e+00,2.000000000000000000e+00,2.000000000000000000e+00,3.485000000000002540e-01,8.774175139350084418e-01,-1.510540932015080884e+00,3.332733296621901431e+00,1.641174388866362577e+00
4.000000000000000000e+00,2.000000000000000000e+00,2.000000000000000000e+00,3.545000000000002593e-01,8.909765962165294706e-01,-1.498642105306493777e+00,3.305614872124662540e+00,1.664598068048725121e+00
4.000000000000000000e+00,2.000000000000000000e+00,2.000000000000000000e+00,3.605000000000002647e-01,9.049565378323672915e-01,-1.486383670576335136e+00,3.277176567283980102e+00,1.687609098549080588e+00
4.000000000000000000e+00,2.000000000000000000e+00,2.000000000000000000e+00,3.645000000000002682e-01,9.145325293656820786e-01,-1.478006161335275515e+00,3.257431778344348494e+00,1.702712581120476187e+00
4.000000000000000000e+00,2.000000000000000000e+00,2.000000000000000000e+00,3.705000000000002736e-01,9.293217537817186624e-01,-1.465124562888242110e+00,3.226543762454522124e+00,1.725002924524224657e+00
4.000000000000000000e+00,2.000000000000000000e+00,2.000000000000000000e+00,3.765000000000002789e-01,9.446833941434684689e-01,-1.451856202564880460e+00,3.193999632225802188e+00,1.746849209531135205e+00
4.000000000000000000e+00,2.000000000000000000e+00,2.000000000000000000e+00,3.825000000000002842e-01,9.607067921687445500e-01,-1.438191673534192638e+00,3.159620034173364900e+00,1.768251069558948618e+00
4.000000000000000000e+00,2.000000000000000000e+00,2.000000000000000000e+00,3.885000000000002895e-01,9.775103755404916939e-01,-1.424119452778158212e+00,3.123177336469964427e+00,1.789216052701537496e+00
4.000000000000000000e+00,2.000000000000000000e+00,2.000000000000000000e+00,3.945000000000002949e-01,9.952533341466834882e-01,-1.409620792838285119e+00,3.084374373967905925e+00,1.809757887329922266e+00
4.000000000000000000e+00,2.000000000000000000e+00,2.000000000000000000e+00,3.985000000000002984e-01,1.007707513827633239e+00,-1.399701171258934229e+00,3.057003290903343107e+00,1.823223742047670459e+00
4.000000000000000000e+00,2.000000000000000000e+00,2.000000000000000000e+00,4.045000000000003038e-01,1.027532506684148750e+00,-1.384391105071118178e+00,3.013312378385329282e+00,1.843075458849277037e+00
4.000000000000000000e+00,2.000000000000000000e+00,2.000000000000000000e+00,4.105000000000003091e-01,1.049051548957789404e+00,-1.368446100587051850e+00,2.965848954962137185e+00,1.862453736275370364e+00
4.000000000000000000e+00,2.000000000000000000e+00,2.000000000000000000e+00,4.165000000000003144e-01,1.072717891414820324e+00,-1.351611189443174821e+00,2.913703427255439848e+00,1.881153238170699016e+00
4.000000000000000000e+00,2.000000000000000000e+00,2.000000000000000000e+00,4.225000000000003197e-01,1.099052570349243085e+00,-1.333408597455373101e+00,2.855711322693666787e+00,1.898656635373430213e+00
4.000000000000000000e+00,2.000000000000000000e+00,2.000000000000000000e+00,4.285000000000003251e-01,1.128521254802687501e+00,-1.313048929444605717e+00,2.790571481599821269e+00,1.913917042939037305e+00
4.000000000000000000e+00,2.000000000000000000e+00,2.000000000000000000e+00,4.325000000000003286e-01,1.150022087870974596e+00,-1.297756164124444389e+00,2.742604349699260258e+00,1.922037028444597340e+00
4.000000000000000000e+00,2.000000000000000000e+00,2.000000000000000000e+00,4.385000000000003340e-01,1.184955223589079676e+00,-1.271408678928048985e+00,2.663328952537793892e+00,1.929625616560154189e+00
4.000000000000000000e+00,2.000000000000000000e+00,2.000000000000000000e+00,4.445000000000003393e-01,1.222766252679752919e+00,-1.240150361310508043e+00,2.575049862084143548e+00,1.929894736682705947e+00
4.000000000000000000e+00,2.000000000000000000e+00,2.000000000000000000e+00,4.505000000000003446e-01,1.263130300277643503e+00,-1.203289126489442751e+00,2.477577619748042359e+00,1.921007721911263122e+00
4.000000000000000000e+00,2.000000000000000000e+00,2.000000000000000000e+00,4.565000000000003499e-01,1.306025391396745228e+00,-1.160157158174663694e+00,2.370310186960973731e+00,1.901105800123342959e+00
4.000000000000000000e+00,2.000000000000000000e+00,2.000000000000000000e+00,4.625000000000003553e-01,1.351807174051043559e+00,-1.109795341152967296e+00,2.251942672369581899e+00,1.867795955912556760e+00
4.000000000000000000e+00,2.000000000000000000e+00,2.000000000000000000e+00,4.665000000000003588e-01,1.384287490205639459e+00,-1.071468378686566858e+00,2.165814575881668702e+00,1.836454032147193161e+00
4.000000000000000000e+00,2.000000000000000000e+00,2.000000000000000000e+00,4.721485799809337358e-01,1.433589293648629637e+00,-1.009324469494935483e+00,2.032228576216934979e+00,1.776356070300817436e+00
4.000000000000000000e+00,2.000000000000000000e+00,2.000000000000000000e+00,4.770446064578425238e-01,1.480624870331601839e+00,-9.457080187411075478e-01,1.902280915145180273e+00,1.704622299149024967e+00
4.000000000000000000e+00,2.000000000000000000e+00,2.000000000000000000e+00,4.812467710525943354e-01,1.525419535719603203e+00,-8.812967137637934822e-01,1.777003384930483598e+00,1.622976407015664480e+00
4.000000000000000000e+00,2.000000000000000000e+00,2.000000000000000000e+00,4.848257468124708702e-01,1.568094344344010960e+00,-8.165499992321524347e-01,1.656961353481777532e+00,1.532975058544408853e+00
4.000000000000000000e+00,2.000000000000000000e+00,2.000000000000000000e+00,4.878509161595849242e-01,1.608775309513414742e+00,-7.518459368081239491e-01,1.542515908384364920e+00,1.436088445881044340e+00
4.000000000000000000e+00,2.000000000000000000e+00,2.000000000000000000e+00,4.895923960955309018e-01,1.634844605500123782e+00,-7.089020739649513070e-01,1.469445581865110206e+00,1.368369155053902553e+00
4.000000000000000000e+00,2.000000000000000000e+00,2.000000000000000000e+00,4.918368112434938211e-01,1.672442269237031098e+00,-6.450127943234923444e-01,1.364790492556184009e+00,1.263105278325087788e+00
4.000000000000000000e+00,2.000000000000000000e+00,2.000000000000000000e+00,4.936899043089089667e-01,1.708297716751015827e+00,-5.820293179864052258e-01,1.266149800870564057e+00,1.154580777793231761e+00
4.000000000000000000e+00,2.000000000000000000e+00,2.000000000000000000e+00,4.952035370887790111e-01,1.742460316589047764e+00,-5.202464497569116997e-01,1.173558387217241705e+00,1.044040197025685401e+00
4.000000000000000000e+00,2.000000000000000000e+00,2.000000000000000000e+00,4.964249807880392606e-01,1.774952012136135737e+00,-4.599421736809872208e-01,1.087015076451434137e+00,9.326506857278528129e-01
4.000000000000000000e+00,2.000000000000000000e+00,2.000000000000000000e+00,4.973970819650035957e-01,1.805767609204582902e+00,-4.013785891257996008e-01,1.006498671238048814e+00,8.215007886821636962e-01
4.000000000000000000e+00,2.000000000000000000e+00,2.000000000000000000e+00,4.979258030945790670e-01,1.825366082929114286e+00,-3.634293780360484116e-01,9.561558394464833022e-01,7.480436701530145394e-01
4.000000000000000000e+00,2.000000000000000000e+00,2.000000000000000000e+00,4.985656761868036413e-01,1.853309406668103509e+00,-3.083418782579057105e-01,8.856259253453220293e-01,6.395717692955050770e-01
4.000000000000000000e+00,2.000000000000000000e+00,2.000000000000000000e+00,4.990492399812695989e-01,1.879448395755210166e+00,-2.557217782021424801e-01,8.210624104345638496e-01,5.340813712208500874e-01
4.000000000000000000e+00,2.000000000000000000e+00,2.000000000000000000e+00,4.994039306664124767e-01,1.903704197997292180e+00,-2.059148810601327539e-01,7.624522190433391522e-01,4.326841080467624390e-01
4.000000000000000000e+00,2.000000000000000000e+00,2.000000000000000000e+00,4.996538248195213638e-01,1.925991328379054845e+00,-1.593247071317771268e-01,7.097730753288666872e-01,3.365840409636268182e-01
5.000000000000000000e+00,2.000000000000000000e+00,2.000000000000000000e+00,0.000000000000000000e+00,3.385988061397964266e-01,-2.391216108181499767e+00,4.000000000000000000e+00,0.000000000000000000e+00
5.000000000000000000e+00,2.000000000000000000e+00,2.000000000000000000e+00,1.899999999999999996e-03,3.399971195328945206e-01,-2.389223029723933411e+00,3.998292198966741928e+00,1.210970494297135616e-02
5.000000000000000000e+00,2.000000000000000000e+00,2.000000000000000000e+00,7.900000000000000772e-03,3.445086436991912082e-01,-2.382880391420356680e+00,3.992997695228633681e+00,5.027433931184178972e-02
5.000000000000000000e+00,2.000000000000000000e+00,2.000000000000000000e+00,1.190000000000000085e-02,3.475974771585408352e-01,-2.378611941264330731e+00,3.989546814603015079e+00,7.565225634399415366e-02
5.000000000000000000e+00,2.000000000000000000e+00,2.000000000000000000e+00,1.789999999999999925e-02,3.523528673222780516e-01,-2.372151301232061194e+00,3.984479767926367710e+00,1.136204127913039430e-01
5.000000000000000000e+00,2.000000000000000000e+00,2.000000000000000000e+00,2.190000000000000280e-02,3.556046687399016526e-01,-2.367806695338919631e+00,3.981169347098245659e+00,1.388662791439790045e-01
5.000000000000000000e+00,2.000000000000000000e+00,2.000000000000000000e+00,2.790000000000000813e-02,3.606046764870450283e-01,-2.361235294694433495e+00,3.976296093786037211e+00,1.766352114825543440e-01
5.000000000000000000e+00,2.000000000000000000e+00,2.000000000000000000e+00,3.190000000000001168e-02,3.640194405321566795e-01,-2.356818965905953966e+00,3.973103546996906044e+00,2.017477435888644921e-01
5.000000000000000000e+00,2.000000000000000000e+00,2.000000000000000000e+00,3.790000000000001701e-02,3.692633707803040788e-01,-2.350142779017141414e+00,3.968390050323379548e+00,2.393162905464401580e-01
5.000000000000000000e+00,2.000000000000000000e+00,2.000000000000000000e+00,4.190000000000002056e-02,3.728402225507725376e-01,-2.345658217335849116e+00,3.965292609070551588e+00,2.642951860388339513e-01
5.000000000000000000e+00,2.000000000000000000e+00,2.000000000000000000e+00,4.790000000000002589e-02,3.783262298516438804e-01,-2.338881678882132054e+00,3.960704638797457378e+00,3.016635314018776270e-01
5.000000000000000000e+00,2.000000000000000000e+00,2.000000000000000000e+00,5.190000000000002944e-02,3.820636353719680245e-01,-2.334331277852916831e+00,3.957679447933812877e+00,3.265092937773090287e-01
5.000000000000000000e+00,2.000000000000000000e+00,2.000000000000000000e+00,5.790000000000003477e-02,3.877890517420515271e-01,-2.327457094910557522e+00,3.953182687546576979e+00,3.636786856859779427e-01
5.000000000000000000e+00,2.000000000000000000e+00,2.000000000000000000e+00,6.190000000000003832e-02,3.916850398837716796e-01,-2.322842054339086193e+00,3.950206851863577562e+00,3.883924285621005446e-01
5.000000000000000000e+00,2.000000000000000000e+00,2.000000000000000000e+00,6.790000000000004365e-02,3.976467068267816596e-01,-2.315871100617295397e+00,3.945766931291827095e+00,4.253648780209062785e-01
5.000000000000000000e+00,2.000000000000000000e+00,2.000000000000000000e+00,7.190000000000004721e-02,4.016990864465427302e-01,-2.311191380784646920e+00,3.942817513231636539e+00,4.499481215768565967e-01
5.000000000000000000e+00,2.000000000000000000e+00,2.000000000000000000e+00,7.790000000000005254e-02,4.078936690469324722e-01,-2.304122661991714782e+00,3.938399970954097107e+00,4.867260974031076826e-01
5.000000000000000000e+00,2.000000000000000000e+00,2.000000000000000000e+00,8.390000000000005786e-02,4.142264335613184412e-01,-2.296994036459806932e+00,3.933979240032821512e+00,5.233886533564287014e-01
5.000000000000000000e+00,2.000000000000000000e+00,2.000000000000000000e+00,8.790000000000006142e-02,4.185244960043144058e-01,-2.292207655276800260e+00,3.931024126205748814e+00,5.477667002713999533e-01
5.000000000000000000e+00,2.000000000000000000e+00,2.000000000000000000e+00,9.390000000000006675e-02,4.250851583242784559e-01,-2.284975855510532394e+00,3.926570174147141046e+00,5.842389532319318679e-01
5.000000000000000000e+00,2.000000000000000000e+00,2.000000000000000000e+00,9.790000000000007030e-02,4.295342412157459044e-01,-2.280118954414140031e+00,3.923581197026176692e+00,6.084909403005567263e-01
5.000000000000000000e+00,2.000000000000000000e+00,2.000000000000000000e+00,1.039000000000000756e-01,4.363202150382083921e-01,-2.272778316288734057e+00,3.919058727092858518e+00,6.447752101926953472e-01
5.000000000000000000e+00,2.000000000000000000e+00,2.000000000000000000e+00,1.079000000000000792e-01,4.409187916555905584e-01,-2.267846559825299924e+00,3.916012151584993717e+00,6.689025321508131894e-01
5.000000000000000000e+00,2.000000000000000000e+00,2.000000000000000000e+00,1.139000000000000845e-01,4.479281219318740903e-01,-2.260389764486462560e+00,3.911385193560755535e+00,7.050006205655203750e-01
5.000000000000000000e+00,2.000000000000000000e+00,2.000000000000000000e+00,1.179000000000000881e-01,4.526751316840345041e-01,-2.255377743086043107e+00,3.908256756472210824e+00,7.290042496411432982e-01
5.000000000000000000e+00,2.000000000000000000e+00,2.000000000000000000e+00,1.239000000000000934e-01,4.599066203302875078e-01,-2.247795902312786698e+00,3.903488422735120977e+00,7.649172134040387316e-01
5.000000000000000000e+00,2.000000000000000000e+00,2.000000000000000000e+00,1.279000000000000969e-01,4.648015402187680167e-01,-2.242697186213873817e+00,3.900253162410987517e+00,7.887975534651021636e-01
5.000000000000000000e+00,2.000000000000000000e+00,2.000000000000000000e+00,1.339000000000001023e-01,4.722548362251625109e-01,-2.234979916442448644e+00,3.895305382227777447e+00,8.245254919625684131e-01
5.000000000000000000e+00,2.000000000000000000e+00,2.000000000000000000e+00,1.379000000000001058e-01,4.772977306107452633e-01,-2.229787099228492941e+00,3.891937455254707690e+00,8.482822397669027570e-01
5.000000000000000000e+00,2.000000000000000000e+00,2.000000000000000000e+00,1.439000000000001112e-01,4.849733912566936422e-01,-2.221922576302055141e+00,3.886770691313862436e+00,8.838240894345257281e-01
5.000000000000000000e+00,2.000000000000000000e+00,2.000000000000000000e+00,1.479000000000001147e-01,4.901649447034219231e-01,-2.216627303568168728e+00,3.883243178182135935e+00,9.074560981819916883e-01
5.000000000000000000e+00,2.000000000000000000e+00,2.000000000000000000e+00,1.539000000000001200e-01,4.980644744834750726e-01,-2.208602292711178805e+00,3.877816127343672647e+00,9.428094264851050177e-01
5.000000000000000000e+00,2.000000000000000000e+00,2.000000000000000000e+00,1.579000000000001236e-01,5.034060119075486339e-01,-2.203195272772102253e+00,3.874100827747886555e+00,9.663145662703307437e-01
5.000000000000000000e+00,2.000000000000000000e+00,2.000000000000000000e+00,1.639000000000001289e-01,5.115318856381139145e-01,-2.194995129758559038e+00,3.868370105964066941e+00,1.001475356687649976e+00
5.000000000000000000e+00,2.000000000000000000e+00,2.000000000000000000e+00,1.699000000000001342e-01,5.197951618858613898e-01,-2.186682281336411293e+00,3.862435367872469882e+00,1.036517950888610651e+00
5.000000000000000000e+00,2.000000000000000000e+00,2.000000000000000000e+00,1.739000000000001378e-01,5.253810592527757839e-01,-2.181074764861155035e+00,3.858357133014981510e+00,1.059812784914184736e+00
5.000000000000000000e+00,2.000000000000000000e+00,2.000000000000000000e+00,1.799000000000001431e-01,5.338766867494360024e-01,-2.172560333587679970e+00,3.852044143887088712e+00,1.094652528342926923e+00
5.000000000000000000e+00,2.000000000000000000e+00,2.000000000000000000e+00,1.839000000000001467e-01,5.396190779590146480e-01,-2.166812392922764730e+00,3.847697223373884867e+00,1.117809242636893963e+00
5.000000000000000000e+00,2.000000000000000000e+00,2.000000000000000000e+00,1.899000000000001520e-01,5.483521012176910681e-01,-2.158077842116377987e+00,3.840955580037078043e+00,1.152436836241148344e+00
5.000000000000000000e+00,2.000000000000000000e+00,2.000000000000000000e+00,1.939000000000001556e-01,5.542546813993746158e-01,-2.152176571003859173e+00,3.836305280105912985e+00,1.175448402831204220e+00
5.000000000000000000e+00,2.000000000000000000e+00,2.000000000000000000e+00,1.999000000000001609e-01,5.632311435232977281e-01,-2.143201680213797644e+00,3.829081194621198225e+00,1.209851967243852133e+00
5.000000000000000000e+00,2.000000000000000000e+00,2.000000000000000000e+00,2.039000000000001644e-01,5.692982758250377806e-01,-2.137132999116417409e+00,3.824090425413938288e+00,1.232709515139976064e+00
5.000000000000000000e+00,2.000000000000000000e+00,2.000000000000000000e+00,2.099000000000001698e-01,5.785252259334600078e-01,-2.127895700013046287e+00,3.816326296544586771e+00,1.266874204597124409e+00
5.000000000000000000e+00,2.000000000000000000e+00,2.000000000000000000e+00,2.139000000000001733e-01,5.847619478563373940e-01,-2.121644232199737079e+00,3.810955273470034044e+00,1.289566739561910369e+00
5.000000000000000000e+00,2.000000000000000000e+00,2.000000000000000000e+00,2.199000000000001787e-01,5.942474523235851125e-01,-2.112120400230835582e+00,3.802589217864456472e+00,1.323474283151683695e+00
5.000000000000000000e+00,2.000000000000000000e+00,2.000000000000000000e+00,2.239000000000001822e-01,6.006594845351076462e-01,-2.105669316486975973e+00,3.796795133826294411e+00,1.345988353221882594e+00
5.000000000000000000e+00,2.000000000000000000e+00,2.000000000000000000e+00,2.299000000000001875e-01,6.104126426048803733e-01,-2.095832512861728336e+00,3.787760469498200777e+00,1.379616505750686395e+00
5.000000000000000000e+00,2.000000000000000000e+00,2.000000000000000000e+00,2.339000000000001911e-01,6.170064002737605247e-01,-2.089163341347387792e+00,3.781497132997442723e+00,1.401935799887726652e+00
5.000000000000000000e+00,2.000000000000000000e+00,2.000000000000000000e+00,2.399000000000001964e-01,6.270373634152404119e-01,-2.078984498567749029e+00,3.771721807291320339e+00,1.435257680976800954e+00
5.000000000000000000e+00,2.000000000000000000e+00,2.000000000000000000e+00,2.439000000000002000e-01,6.338199694997168621e-01,-2.072076894815547021e+00,3.764939241025874850e+00,1.457362545221254413e+00
5.000000000000000000e+00,2.000000000000000000e+00,2.000000000000000000e+00,2.499000000000002053e-01,6.441399618686522999e-01,-2.061523936797777345e+00,3.754345195520425449e+00,1.490345839942258221e+00
5.000000000000000000e+00,2.000000000000000000e+00,2.000000000000000000e+00,2.559000000000001829e-01,6.546392120406446802e-01,-2.050729693411513122e+00,3.743219690113154918e+00,1.523107853449863880e+00
5.000000000000000000e+00,2.000000000000000000e+00,2.000000000000000000e+00,2.599000000000001864e-01,6.617405968673445438e-01,-2.043392793731048762e+00,3.735491655211434114e+00,1.544818680046720294e+00
5.000000000000000000e+00,2.000000000000000000e+00,2.000000000000000000e+00,2.659000000000001918e-01,6.725491069171518621e-01,-2.032165687046603608e+00,3.723408255939030465e+00,1.577176600546120078e+00
5.000000000000000000e+00,2.000000000000000000e+00,2.000000000000000000e+00,2.699000000000001953e-01,6.798612581815520750e-01,-2.024526544920592031e+00,3.715009986442441292e+00,1.598601668773421025e+00
5.000000000000000000e+00,2.000000000000000000e+00,2.000000000000000000e+00,2.759000000000002006e-01,6.909930981569798458e-01,-2.012824315045910861e+00,3.701871526645695187e+00,1.630503960806299890e+00
5.000000000000000000e+00,2.000000000000000000e+00,2.000000000000000000e+00,2.799000000000002042e-01,6.985257545443553928e-01,-2.004853123683564498e+00,3.692735360515259302e+00,1.651605721315577036e+00
5.000000000000000000e+00,2.000000000000000000e+00,2.000000000000000000e+00,2.859000000000002095e-01,7.099960557293396590e-01,-1.992628396260798018e+00,3.678435769452362614e+00,1.682990786072346090e+00
5.000000000000000000e+00,2.000000000000000000e+00,2.000000000000000000e+00,2.899000000000002131e-01,7.177596406850149657e-01,-1.984291662288903746e+00,3.668487789946220268e+00,1.703724342924814117e+00
5.000000000000000000e+00,2.000000000000000000e+00,2.000000000000000000e+00,2.959000000000002184e-01,7.295845050668695597e-01,-1.971491077990483287e+00,3.652911126065053971e+00,1.734518490444910910e+00
5.000000000000000000e+00,2.000000000000000000e+00,2.000000000000000000e+00,2.999000000000002220e-01,7.375900361871379207e-01,-1.962750986155546107e+00,3.642070505097462885e+00,1.754830095071150176e+00
5.000000000000000000e+00,2.000000000000000000e+00,2.000000000000000000e+00,3.059000000000002273e-01,7.497863455301115865e-01,-1.949314157759186150e+00,3.625089962754111550e+00,1.784945023751737025e+00
5.000000000000000000e+00,2.000000000000000000e+00,2.000000000000000000e+00,3.099000000000002308e-01,7.580452574136732347e-01,-1.940127813914904520e+00,3.613268307384184030e+00,1.804770200969054272e+00
5.000000000000000000e+00,2.000000000000000000e+00,2.000000000000000000e+00,3.159000000000002362e-01,7.706303069366389202e-01,-1.925986085753680577e+00,3.594745277622751978e+00,1.834099850791509390e+00
5.000000000000000000e+00,2.000000000000000000e+00,2.000000000000000000e+00,3.199000000000002397e-01,7.791541247624129696e-01,-1.916304617910974173e+00,3.581846052214228582e+00,1.853361052949578092e+00
5.000000000000000000e+00,2.000000000000000000e+00,2.000000000000000000e+00,3.259000000000002450e-01,7.921449627334803401e-01,-1.901379610054735991e+00,3.561629390841551945e+00,1.881777665976968716e+00
5.000000000000000000e+00,2.000000000000000000e+00,2.000000000000000000e+00,3.299000000000002486e-01,8.009447159469272881e-01,-1.891147122650736367e+00,3.547547563564054318e+00,1.900381330424877113e+00
5.000000000000000000e+00,2.000000000000000000e+00,2.000000000000000000e+00,3.359000000000002539e-01,8.143569773439692794e-01,-1.875349061641454318e+00,3.525473368761380843e+00,1.927730509486409893e+00
5.000000000000000000e+00,2.000000000000000000e+00,2.000000000000000000e+00,3.419000000000002593e-01,8.280282802895080341e-01,-1.858978663343527460e+00,3.502200950112303701e+00,1.954351769016249740e+00
5.000000000000000000e+00,2.000000000000000000e+00,2.000000000000000000e+00,3.459000000000002628e-01,8.372880219298183269e-01,-1.847727391111918971e+00,3.485988061399786453e+00,1.971657926373179492e+00
5.000000000000000000e+00,2.000000000000000000e+00,2.000000000000000000e+00,3.519000000000002681e-01,8.513971431360838338e-01,-1.830312161565485152e+00,3.460572338046204344e+00,1.996893422382070682e+00
5.000000000000000000e+00,2.000000000000000000e+00,2.000000000000000000e+00,3.559000000000002717e-01,8.609493459981650831e-01,-1.818323345751367004e+00,3.442868468470597243e+00,2.013194897459610111e+00
5.000000000000000000e+00,2.000000000000000000e+00,2.000000000000000000e+00,3.619000000000002770e-01,8.754942798264109260e-01,-1.799736138707192401e+00,3.415123010040582052e+00,2.036788813097355710e+00
5.000000000000000000e+00,2.000000000000000000e+00,2.000000000000000000e+00,3.659000000000002806e-01,8.853321193537792011e-01,-1.786919888251401467e+00,3.395804871530336833e+00,2.051897746264763178e+00
5.000000000000000000e+00,2.000000000000000000e+00,2.000000000000000000e+00,3.719000000000002859e-01,9.002911686032253336e-01,-1.767018857009978960e+00,3.365551024525514912e+00,2.073540082224038628e+00
5.000000000000000000e+00,2.000000000000000000e+00,2.000000000000000000e+00,3.759000000000002895e-01,9.103899979965696110e-01,-1.753276855692613712e+00,3.344507765489483031e+00,2.087229983206272621e+00
5.000000000000000000e+00,2.000000000000000000e+00,2.000000000000000000e+00,3.819000000000002948e-01,9.257050031171778492e-01,-1.731912020941863695e+00,3.311601803400927135e+00,2.106550702355535876e+00
5.000000000000000000e+00,2.000000000000000000e+00,2.000000000000000000e+00,3.859000000000002983e-01,9.360072585677400303e-01,-1.717145909809311810e+00,3.288761235425720741e+00,2.118555708259309167e+00
5.000000000000000000e+00,2.000000000000000000e+00,2.000000000000000000e+00,3.919000000000003037e-01,9.515529178215597073e-01,-1.694182171752059096e+00,3.253151708118712460e+00,2.135133650727475185e+00
5.000000000000000000e+00,2.000000000000000000e+00,2.000000000000000000e+00,3.959000000000003072e-01,9.619408033754345277e-01,-1.678320201000183642e+00,3.228535325901881858e+00,2.145166757167927596e+00
5.000000000000000000e+00,2.000000000000000000e+00,2.000000000000000000e+00,4.019000000000003125e-01,9.774710009589664406e-01,-1.653707047304320943e+00,3.190381798829209359e+00,2.158593131727855940e+00
5.000000000000000000e+00,2.000000000000000000e+00,2.000000000000000000e+00,4.059000000000003161e-01,9.877219505244385633e-01,-1.636782921569003291e+00,3.164215830180174827e+00,2.166431333670366666e+00
5.000000000000000000e+00,2.000000000000000000e+00,2.000000000000000000e+00,4.119000000000003214e-01,1.002796343739675411e+00,-1.610757088765922163e+00,3.124114474469330105e+00,2.176559646491809108e+00
5.000000000000000000e+00,2.000000000000000000e+00,2.000000000000000000e+00,4.159000000000003250e-01,1.012543960656998365e+00,-1.593133966250977807e+00,3.097017399459439879e+00,2.182350092628114524e+00
5.000000000000000000e+00,2.000000000000000000e+00,2.000000000000000000e+00,4.219000000000003303e-01,1.026549377120986151e+00,-1.566765123605502241e+00,3.056285414954166058e+00,2.190121223747496959e+00
5.000000000000000000e+00,2.000000000000000000e+00,2.000000000000000000e+00,4.279000000000003356e-01,1.039738270918350693e+00,-1.541455892065059619e+00,3.016056446525531953e+00,2.198115128707501587e+00
5.000000000000000000e+00,2.000000000000000000e+00,2.000000000000000000e+00,4.319000000000003392e-01,1.048166943709831100e+00,-1.525991511486665342e+00,2.989808395012945041e+00,2.204805739766013239e+00
5.000000000000000000e+00,2.000000000000000000e+00,2.000000000000000000e+00,4.379000000000003445e-01,1.060606572698637118e+00,-1.506760016102781430e+00,2.951741984758754267e+00,2.219875411404092169e+00
5.000000000000000000e+00,2.000000000000000000e+00,2.000000000000000000e+00,4.419000000000003481e-01,1.068713190090846643e+00,-1.498290226529273461e+00,2.928180797265518276e+00,2.235935425329722559e+00
5.000000000000000000e+00,2.000000000000000000e+00,2.000000000000000000e+00,4.477459373340003101e-01,1.075935128607913294e+00,-1.496268593628364840e+00,2.905084386303184107e+00,2.272516298220895514e+00
5.000000000000000000e+00,2.000000000000000000e+00,2.000000000000000000e+00,4.508850660745093442e-01,1.072228353879546736e+00,-1.497446938121322013e+00,2.905141257057245241e+00,2.291903865501386139e+00
5.000000000000000000e+00,2.000000000000000000e+00,2.000000000000000000e+00,4.560774008991673734e-01,1.061444382629737282e+00,-1.491234366823485535e+00,2.908463867131940717e+00,2.309176084391453720e+00
5.000000000000000000e+00,2.000000000000000000e+00,2.000000000000000000e+00,4.600774008991673769e-01,1.054986211193751355e+00,-1.483330490487475339e+00,2.906798729958758543e+00,2.318401930895942264e+00
5.000000000000000000e+00,2.000000000000000000e+00,2.000000000000000000e+00,4.660774008991673822e-01,1.047549438469724592e+00,-1.471711359225423843e+00,2.901112827158045082e+00,2.333302915456907378e+00
5.000000000000000000e+00,2.000000000000000000e+00,2.000000000000000000e+00,4.700774008991673858e-01,1.042837894225087103e+00,-1.464614110914460809e+00,2.897363335114841121e+00,2.344093837609841025e+00
5.000000000000000000e+00,2.000000000000000000e+00,2.000000000000000000e+00,4.760774008991673911e-01,1.035569060968649424e+00,-1.454231533107514629e+00,2.892332748573358536e+00,2.360184556725043681e+00
5.000000000000000000e+00,2.000000000000000000e+00,2.000000000000000000e+00,4.800774008991673947e-01,1.030740382344762729e+00,-1.447399523740935390e+00,2.889093298898607998e+00,2.370796938468136883e+00
5.000000000000000000e+00,2.000000000000000000e+00,2.000000000000000000e+00,4.860774008991674000e-01,1.023527864485295646e+00,-1.437338470684516256e+00,2.884428147946288767e+00,2.386637985428709197e+00
5.000000000000000000e+00,2.000000000000000000e+00,2.000000000000000000e+00,4.900774008991674036e-01,1.018738018028245707e+00,-1.430748954083755908e+00,2.881447857572220883e+00,2.397140282336748029e+00
5.000000000000000000e+00,2.000000000000000000e+00,2.000000000000000000e+00,4.960774008991674089e-01,1.011581038284483425e+00,-1.421037278347856425e+00,2.877171771051546756e+00,2.412808021103059364e+00
6.000000000000000000e+00,2.000000000000000000e+00,2.000000000000000000e+00,0.000000000000000000e+00,2.665046803970260170e-01,-2.895821252419512604e+00,4.000000000000000000e+00,0.000000000000000000e+00
6.000000000000000000e+00,2.000000000000000000e+00,2.000000000000000000e+00,2.500000000000000052e-03,2.680742779063774450e-01,-2.891865127605292241e+00,3.998250954494097620e+00,1.928620603786660587e-02
6.000000000000000000e+00,2.000000000000000000e+00,2.000000000000000000e+00,8.500000000000000611e-03,2.721013108890260601e-01,-2.882267996524118026e+00,3.994270108993072554e+00,6.541391316800211631e-02
6.000000000000000000e+00,2.000000000000000000e+00,2.000000000000000000e+00,1.450000000000000074e-02,2.764987061211719443e-01,-2.872553085181233978e+00,3.990574052025174900e+00,1.113135552057123168e-01
6.000000000000000000e+00,2.000000000000000000e+00,2.000000000000000000e+00,2.050000000000000433e-02,2.812650908538718020e-01,-2.862752998217610312e+00,3.987136211831413757e+00,1.569833649296085154e-01
6.000000000000000000e+00,2.000000000000000000e+00,2.000000000000000000e+00,2.650000000000000966e-02,2.863931967320862970e-01,-2.852898212621689300e+00,3.983930469695732945e+00,2.024241719263314421e-01
6.000000000000000000e+00,2.000000000000000000e+00,2.000000000000000000e+00,3.250000000000001499e-02,2.918707713712926366e-01,-2.843015877821015724e+00,3.980931633646452195e+00,2.476390807392045423e-01
6.000000000000000000e+00,2.000000000000000000e+00,2.000000000000000000e+00,3.850000000000002032e-02,2.976817171537834428e-01,-2.833128998279698330e+00,3.978115780443836069e+00,2.926330566859002280e-01
6.000000000000000000e+00,2.000000000000000000e+00,2.000000000000000000e+00,4.450000000000002565e-02,3.038072995333585546e-01,-2.823256013313560686e+00,3.975460457134309511e+00,3.374124720189775606e-01
6.000000000000000000e+00,2.000000000000000000e+00,2.000000000000000000e+00,5.050000000000003098e-02,3.102272961557979158e-01,-2.813410724755915027e+00,3.972944752680581004e+00,3.819846575353600393e-01
6.000000000000000000e+00,2.000000000000000000e+00,2.000000000000000000e+00,5.450000000000003453e-02,3.146606279303460485e-01,-2.806867383047392472e+00,3.971335540599886471e+00,4.115881999633662636e-01
6.000000000000000000e+00,2.000000000000000000e+00,2.000000000000000000e+00,6.050000000000003986e-02,3.215254467562220220e-01,-2.797087054589782795e+00,3.969010104190573429e+00,4.558326243180813586e-01
6.000000000000000000e+00,2.000000000000000000e+00,2.000000000000000000e+00,6.650000000000004519e-02,3.286305254586472380e-01,-2.787350659928261365e+00,3.966775546804297559e+00,4.998911318161389783e-01
6.000000000000000000e+00,2.000000000000000000e+00,2.000000000000000000e+00,7.250000000000005052e-02,3.359573180964962602e-01,-2.777657910691050613e+00,3.964615783032667817e+00,5.437715361867707653e-01
6.000000000000000000e+00,2.000000000000000000e+00,2.000000000000000000e+00,7.850000000000005584e-02,3.434888398149099076e-01,-2.768005863472383421e+00,3.962515617190598860e+00,5.874812376826542559e-01
6.000000000000000000e+00,2.000000000000000000e+00,2.000000000000000000e+00,8.450000000000006117e-02,3.512098394015927827e-01,-2.758389425881328183e+00,3.960460538385819351e+00,6.310270999547541448e-01
6.000000000000000000e+00,2.000000000000000000e+00,2.000000000000000000e+00,9.050000000000006650e-02,3.591068619011286156e-01,-2.748801809947283292e+00,3.958436525003066642e+00,6.744153704755487810e-01
6.000000000000000000e+00,2.000000000000000000e+00,2.000000000000000000e+00,9.650000000000007183e-02,3.671682331640401808e-01,-2.739234922609898426e+00,3.956429863818889725e+00,7.176516346051646789e-01
6.000000000000000000e+00,2.000000000000000000e+00,2.000000000000000000e+00,1.025000000000000772e-01,3.753839910703720140e-01,-2.729679692961890947e+00,3.954426986401248456e+00,7.607407948365112471e-01
6.000000000000000000e+00,2.000000000000000000e+00,2.000000000000000000e+00,1.065000000000000807e-01,3.809427456933794365e-01,-2.723311208034551623e+00,3.953087140054448945e+00,7.893872874698051323e-01
6.000000000000000000e+00,2.000000000000000000e+00,2.000000000000000000e+00,1.125000000000000860e-01,3.893979912915954134e-01,-2.713753415768082267e+00,3.951060356213424996e+00,8.322403093221384385e-01
6.000000000000000000e+00,2.000000000000000000e+00,2.000000000000000000e+00,1.185000000000000914e-01,3.979885873114227812e-01,-2.704180166597122348e+00,3.949000828559033227e+00,8.749559724739444100e-01
6.000000000000000000e+00,2.000000000000000000e+00,2.000000000000000000e+00,1.245000000000000967e-01,4.067098554918911479e-01,-2.694580686294816285e+00,3.946894399802740594e+00,9.175367209248721512e-01
6.000000000000000000e+00,2.000000000000000000e+00,2.000000000000000000e+00,1.305000000000000882e-01,4.155582598031966612e-01,-2.684944046891478475e+00,3.944726511859896423e+00,9.599843659524744943e-01
6.000000000000000000e+00,2.000000000000000000e+00,2.000000000000000000e+00,1.365000000000000935e-01,4.245312864005952869e-01,-2.675259234529917762e+00,3.942482124517361353e+00,1.002300103173555446e+00
6.000000000000000000e+00,2.000000000000000000e+00,2.000000000000000000e+00,1.425000000000000988e-01,4.336273329777565744e-01,-2.665515192585894422e+00,3.940145642120290947e+00,1.044484526719886119e+00
6.000000000000000000e+00,2.000000000000000000e+00,2.000000000000000000e+00,1.485000000000001041e-01,4.428456086521125323e-01,-2.655700844680776385e+00,3.937700846380729036e+00,1.086537639302854075e+00
6.000000000000000000e+00,2.000000000000000000e+00,2.000000000000000000e+00,1.545000000000001095e-01,4.521860446485345686e-01,-2.645805101598516451e+00,3.935130833639060022e+00,1.128458857331983145e+00
6.000000000000000000e+00,2.000000000000000000e+00,2.000000000000000000e+00,1.585000000000001130e-01,4.584811281441716346e-01,-2.639157235763313292e+00,3.933339243813610775e+00,1.156332507608181626e+00
6.000000000000000000e+00,2.000000000000000000e+00,2.000000000000000000e+00,1.645000000000001183e-01,4.680267286036530749e-01,-2.629101132671602947e+00,3.930520921803196899e+00,1.198031007960048466e+00
6.000000000000000000e+00,2.000000000000000000e+00,2.000000000000000000e+00,1.705000000000001237e-01,4.776972710753137896e-01,-2.618933921285137689e+00,3.927528504547207255e+00,1.239593167713761046e+00
6.000000000000000000e+00,2.000000000000000000e+00,2.000000000000000000e+00,1.765000000000001290e-01,4.874947380757999604e-01,-2.608644339093738829e+00,3.924342070759774259e+00,1.281016201341803828e+00
6.000000000000000000e+00,2.000000000000000000e+00,2.000000000000000000e+00,1.825000000000001343e-01,4.974215501644582704e-01,-2.598221006150210677e+00,3.920940738246764479e+00,1.322296679414521448e+00
6.000000000000000000e+00,2.000000000000000000e+00,2.000000000000000000e+00,1.885000000000001397e-01,5.074805293551485352e-01,-2.587652383783010546e+00,3.917302601289272435e+00,1.363430496365241273e+00
6.000000000000000000e+00,2.000000000000000000e+00,2.000000000000000000e+00,1.945000000000001450e-01,5.176748697800033217e-01,-2.576926728482395568e+00,3.913404664416223255e+00,1.404412830301047466e+00
6.000000000000000000e+00,2.000000000000000000e+00,2.000000000000000000e+00,2.005000000000001503e-01,5.280081142587264020e-01,-2.566032041462178448e+00,3.909222772054966821e+00,1.445238094322579325e+00
6.000000000000000000e+00,2.000000000000000000e+00,2.000000000000000000e+00,2.065000000000001557e-01,5.384841367712419613e-01,-2.554956014530024522e+00,3.904731532994886400e+00,1.485899879097677845e+00
6.000000000000000000e+00,2.000000000000000000e+00,2.000000000000000000e+00,2.105000000000001592e-01,5.455495306086336482e-01,-2.547465009690389692e+00,3.901552381854950013e+00,1.512913348434673511e+00
6.000000000000000000e+00,2.000000000000000000e+00,2.000000000000000000e+00,2.165000000000001645e-01,5.562729897417597602e-01,-2.536058371837409009e+00,3.896485521657482298e+00,1.553285974755269194e+00
6.000000000000000000e+00,2.000000000000000000e+00,2.000000000000000000e+00,2.225000000000001699e-01,5.671511021207901182e-01,-2.524435602475020080e+00,3.891034918862942504e+00,1.593473466227820268e+00
6.000000000000000000e+00,2.000000000000000000e+00,2.000000000000000000e+00,2.285000000000001752e-01,5.781888903947477454e-01,-2.512582726375431896e+00,3.885169895407391216e+00,1.633465741583251862e+00
6.000000000000000000e+00,2.000000000000000000e+00,2.000000000000000000e+00,2.345000000000001805e-01,5.893916927073770129e-01,-2.500485146752601029e+00,3.878858088198527732e+00,1.673251486446565295e+00
6.000000000000000000e+00,2.000000000000000000e+00,2.000000000000000000e+00,2.405000000000001859e-01,6.007651699895225628e-01,-2.488127562696240691e+00,3.872065326693977294e+00,1.712818026998806697e+00
6.000000000000000000e+00,2.000000000000000000e+00,2.000000000000000000e+00,2.465000000000001912e-01,6.123153182969223174e-01,-2.475493881022062581e+00,3.864755497995865596e+00,1.752151187913968400e+00
6.000000000000000000e+00,2.000000000000000000e+00,2.000000000000000000e+00,2.525000000000001688e-01,6.240484856957568827e-01,-2.462567117925438698e+00,3.856890397462706677e+00,1.791235130004876108e+00
6.000000000000000000e+00,2.000000000000000000e+00,2.000000000000000000e+00,2.585000000000001741e-01,6.359713903895880538e-01,-2.449329291325700986e+00,3.848429565975827860e+00,1.830052165509653772e+00
6.000000000000000000e+00,2.000000000000000000e+00,2.000000000000000000e+00,2.625000000000001776e-01,6.440288981100520393e-01,-2.440321879899316482e+00,3.842436974088073498e+00,1.855772249259589390e+00
6.000000000000000000e+00,2.000000000000000000e+00,2.000000000000000000e+00,2.685000000000001830e-01,6.562840430561858174e-01,-2.426522566344811782e+00,3.832886645768898592e+00,1.894099441971976550e+00
6.000000000000000000e+00,2.000000000000000000e+00,2.000000000000000000e+00,2.745000000000001883e-01,6.687488410003257222e-01,-2.412358421492357685e+00,3.822620241551682341e+00,1.932101844676822555e+00
6.000000000000000000e+00,2.000000000000000000e+00,2.000000000000000000e+00,2.805000000000001936e-01,6.814315972934337218e-01,-2.397806689875523478e+00,3.811587342120595245e+00,1.969752972060832885e+00
6.000000000000000000e+00,2.000000000000000000e+00,2.000000000000000000e+00,2.865000000000001990e-01,6.943411281758202769e-01,-2.382842937907963865e+00,3.799734253726421596e+00,2.007023230555927018e+00
6.000000000000000000e+00,2.000000000000000000e+00,2.000000000000000000e+00,2.925000000000002043e-01,7.074868043539733753e-01,-2.367440854225427493e+00,3.787003717110356771e+00,2.043879529786365001e+00
6.000000000000000000e+00,2.000000000000000000e+00,2.000000000000000000e+00,2.985000000000002096e-01,7.208785969500663970e-01,-2.351572018428283783e+00,3.773334584221625931e+00,2.080284830608232216e+00
6.000000000000000000e+00,2.000000000000000000e+00,2.000000000000000000e+00,3.045000000000002149e-01,7.345271280347813736e-01,-2.335205641000333898e+00,3.758661459278459738e+00,2.116197625748704958e+00
6.000000000000000000e+00,2.000000000000000000e+00,2.000000000000000000e+00,3.105000000000002203e-01,7.484437287741296796e-01,-2.318308259217869427e+00,3.742914293821115734e+00,2.151571333052615387e+00
6.000000000000000000e+00,2.000000000000000000e+00,2.000000000000000000e+00,3.145000000000002238e-01,7.578763313339862417e-01,-2.306730454267483577e+00,3.731782608214525787e+00,2.174828714074917624e+00
6.000000000000000000e+00,2.000000000000000000e+00,2.000000000000000000e+00,3.205000000000002292e-01,7.722670129758392177e-01,-2.288865309381719282e+00,3.714075626488298365e+00,2.209184346900038509e+00
6.000000000000000000e+00,2.000000000000000000e+00,2.000000000000000000e+00,3.265000000000002345e-01,7.869599232818569323e-01,-2.270364002129013681e+00,3.695081456890814131e+00,2.242846074361363407e+00
6.000000000000000000e+00,2.000000000000000000e+00,2.000000000000000000e+00,3.325000000000002398e-01,8.019695542221715323e-01,-2.251179779870694286e+00,3.674708681678661382e+00,2.275741618182109960e+00
6.000000000000000000e+00,2.000000000000000000e+00,2.000000000000000000e+00,3.385000000000002451e-01,8.173114333857506297e-01,-2.231260964834700378e+00,3.652858579523042160e+00,2.307789027788957892e+00
6.000000000000000000e+00,2.000000000000000000e+00,2.000000000000000000e+00,3.445000000000002505e-01,8.330022078486205572e-01,-2.210550184517204197e+00,3.629424326201053930e+00,2.338895095956204262e+00
6.000000000000000000e+00,2.000000000000000000e+00,2.000000000000000000e+00,3.505000000000002558e-01,8.490597225594275210e-01,-2.188983434595682454e+00,3.604290087547078247e+00,2.368953428893355806e+00
6.000000000000000000e+00,2.000000000000000000e+00,2.000000000000000000e+00,3.565000000000002611e-01,8.655030978519457907e-01,-2.166488934710350200e+00,3.577329979167799934e+00,2.397842086423992658e+00
6.000000000000000000e+00,2.000000000000000000e+00,2.000000000000000000e+00,3.625000000000002665e-01,8.823527911280492075e-01,-2.142985701677560861e+00,3.548406872467218420e+00,2.425420647850677902e+00
6.000000000000000000e+00,2.000000000000000000e+00,2.000000000000000000e+00,3.665000000000002700e-01,8.938223772980669057e-01,-2.126711570144464769e+00,3.527960862013494570e+00,2.442999284529173920e+00
6.000000000000000000e+00,2.000000000000000000e+00,2.000000000000000000e+00,3.725000000000002753e-01,9.113984637675029976e-01,-2.101316276656967297e+00,3.495426363871724895e+00,2.468020041409119791e+00
6.000000000000000000e+00,2.000000000000000000e+00,2.000000000000000000e+00,3.785000000000002807e-01,9.294420967365218944e-01,-2.074636013028181125e+00,3.460497020097988319e+00,2.491234568938562877e+00
6.000000000000000000e+00,2.000000000000000000e+00,2.000000000000000000e+00,3.845000000000002860e-01,9.479785178804467360e-01,-2.046536244333778676e+00,3.422980838652894597e+00,2.512394243454665332e+00
6.000000000000000000e+00,2.000000000000000000e+00,2.000000000000000000e+00,3.905000000000002913e-01,9.670338036143001359e-01,-2.016858723714256563e+00,3.382665814809349136e+00,2.531202590959856558e+00
6.000000000000000000e+00,2.000000000000000000e+00,2.000000000000000000e+00,3.965000000000002967e-01,9.866342531640616142e-01,-1.985414610020620474e+00,3.339316878277077016e+00,2.547301696152089789e+00
6.000000000000000000e+00,2.000000000000000000e+00,2.000000000000000000e+00,4.025000000000003020e-01,1.006805342970448658e+00,-1.951974458694446746e+00,3.292671984024210907e+00,2.560252768736468454e+00
6.000000000000000000e+00,2.000000000000000000e+00,2.000000000000000000e+00,4.085000000000003073e-01,1.027570032395816568e+00,-1.916252925677380370e+00,3.242436680887550438e+00,2.569507105725948648e+00
6.000000000000000000e+00,2.000000000000000000e+00,2.000000000000000000e+00,4.145000000000003126e-01,1.048946236568464752e+00,-1.877883972162568194e+00,3.188275499127424251e+00,2.574360337423191147e+00
6.000000000000000000e+00,2.000000000000000000e+00,2.000000000000000000e+00,4.185000000000003162e-01,1.063542029462775984e+00,-1.850599019813257362e+00,3.149796177756915228e+00,2.574701090945311854e+00
6.000000000000000000e+00,2.000000000000000000e+00,2.000000000000000000e+00,4.245000000000003215e-01,1.085954906456921165e+00,-1.806631492109457060e+00,3.088173553858880815e+00,2.569960379974416398e+00
6.000000000000000000e+00,2.000000000000000000e+00,2.000000000000000000e+00,4.305000000000003268e-01,1.108995732768191411e+00,-1.758164535881539425e+00,3.021307964927845369e+00,2.557352262253915764e+00
6.000000000000000000e+00,2.000000000000000000e+00,2.000000000000000000e+00,4.365000000000003322e-01,1.132759998172615745e+00,-1.703619629737959329e+00,2.948126686276706820e+00,2.534116444781596478e+00
6.000000000000000000e+00,2.000000000000000000e+00,2.000000000000000000e+00,4.425000000000003375e-01,1.158100449088452111e+00,-1.639818318888994986e+00,2.865613734507545196e+00,2.495246668300947768e+00
6.000000000000000000e+00,2.000000000000000000e+00,2.000000000000000000e+00,4.476215969867844424e-01,1.185858626754377587e+00,-1.573755413597119013e+00,2.778075882439088762e+00,2.444871067703208389e+00
6.000000000000000000e+00,2.000000000000000000e+00,2.000000000000000000e+00,4.517824622772985133e-01,1.220624710623790410e+00,-1.516946174301322170e+00,2.684998497713142029e+00,2.402870426768093814e+00
6.000000000000000000e+00,2.000000000000000000e+00,2.000000000000000000e+00,4.573909482722129383e-01,1.273955791219555600e+00,-1.447788041489035393e+00,2.550032946445333959e+00,2.357231469950877845e+00
6.000000000000000000e+00,2.000000000000000000e+00,2.000000000000000000e+00,4.633909482722129436e-01,1.330595737048138272e+00,-1.373276931584155092e+00,2.401654704346849911e+00,2.302344177598972585e+00
6.000000000000000000e+00,2.000000000000000000e+00,2.000000000000000000e+00,4.673909482722129471e-01,1.368876321950516894e+00,-1.319686451776999947e+00,2.297436919079022033e+00,2.256360464761422158e+00
6.000000000000000000e+00,2.000000000000000000e+00,2.000000000000000000e+00,4.728165073622616621e-01,1.422893073337035963e+00,-1.238960612263647398e+00,2.145496820349306777e+00,2.176507699146887465e+00
6.000000000000000000e+00,2.000000000000000000e+00,2.000000000000000000e+00,4.773580355893510818e-01,1.471212648494723663e+00,-1.161492845301425270e+00,2.005569963892531948e+00,2.088644741115581294e+00
6.000000000000000000e+00,2.000000000000000000e+00,2.000000000000000000e+00,4.812341862675784676e-01,1.515852766563698717e+00,-1.085422067895898346e+00,1.873781089251414400e+00,1.992644801834558166e+00
6.000000000000000000e+00,2.000000000000000000e+00,2.000000000000000000e+00,4.845531900890017729e-01,1.557644765460066916e+00,-1.010241244009599137e+00,1.748966037042732680e+00,1.889239222003104679e+00
6.000000000000000000e+00,2.000000000000000000e+00,2.000000000000000000e+00,4.873889481913299959e-01,1.597035907523804754e+00,-9.358620300482473064e-01,1.630734200494407649e+00,1.779437367454467900e+00
6.000000000000000000e+00,2.000000000000000000e+00,2.000000000000000000e+00,4.898005655773515765e-01,1.634312753253154504e+00,-8.623615777130683169e-01,1.518941079527120763e+00,1.664352896027453621e+00
6.000000000000000000e+00,2.000000000000000000e+00,2.000000000000000000e+00,4.918386638115837539e-01,1.669678080042714674e+00,-7.898992477360994302e-01,1.413516907698320946e+00,1.545142500856825141e+00
6.000000000000000000e+00,2.000000000000000000e+00,2.000000000000000000e+00,4.935480318872914607e-01,1.703282195319794079e+00,-7.186806826320712993e-01,1.314402464946376803e+00,1.422974209123334610e+00
6.000000000000000000e+00,2.000000000000000000e+00,2.000000000000000000e+00,4.945250534535182707e-01,1.724762735531455426e+00,-6.720061892398317971e-01,1.251796978544215566e+00,1.340456898543115782e+00
6.000000000000000000e+00,2.000000000000000000e+00,2.000000000000000000e+00,4.957743310330612885e-01,1.755661179107846914e+00,-6.033791278586575491e-01,1.163031535731187560e+00,1.215906647267585905e+00
6.000000000000000000e+00,2.000000000000000000e+00,2.000000000000000000e+00,4.967945898428621776e-01,1.785019477226771789e+00,-5.366249043319072376e-01,1.080350034678184912e+00,1.091379274744419536e+00
6.000000000000000000e+00,2.000000000000000000e+00,2.000000000000000000e+00,4.976174521906080450e-01,1.812861912423971766e+00,-4.719697189611533061e-01,1.003647735711925559e+00,9.678757271409939023e-01
6.000000000000000000e+00,2.000000000000000000e+00,2.000000000000000000e+00,4.982717028398522263e-01,1.839184613180065986e+00,-4.096267465092014448e-01,9.328208887438564911e-01,8.463215590706459901e-01
6.000000000000000000e+00,2.000000000000000000e+00,2.000000000000000000e+00,4.987832415776470851e-01,1.863959906175712167e+00,-3.498097453101301491e-01,8.677741416318440759e-01,7.275983492982401879e-01
6.000000000000000000e+00,2.000000000000000000e+00,2.000000000000000000e+00,4.991750526748337524e-01,1.887141889268664885e+00,-2.927589121826129070e-01,8.084234705524584452e-01,6.126025148632684436e-01
6.000000000000000000e+00,2.000000000000000000e+00,2.000000000000000000e+00,4.994673440175295687e-01,1.908672945102751317e+00,-2.387667381050585513e-01,7.546909440030147298e-01,5.023059743592082071e-01
6.000000000000000000e+00,2.000000000000000000e+00,2.000000000000000000e+00,4.996778823585040774e-01,1.928491176150828768e+00,-1.881887045885184129e-01,7.064905012191355915e-01,3.977852400090509111e-01
7.000000000000000000e+00,2.000000000000000000e+00,2.000000000000000000e+00,0.000000000000000000e+00,1.856446707251582506e-01,-3.407682343622163934e+00,4.000000000000000000e+00,0.000000000000000000e+00
7.000000000000000000e+00,2.000000000000000000e+00,2.000000000000000000e+00,5.000000000000000104e-03,1.873876901822409680e-01,-3.393659221749176780e+00,3.997712652579858528e+00,4.527188981414415753e-02
7.000000000000000000e+00,2.000000000000000000e+00,2.000000000000000000e+00,1.100000000000000110e-02,1.911085447531747361e-01,-3.376524965200127237e+00,3.995405977351667914e+00,9.915659696144890622e-02
7.000000000000000000e+00,2.000000000000000000e+00,2.000000000000000000e+00,1.500000000000000118e-02,1.945475339964672645e-01,-3.365144227615957995e+00,3.994087050342868483e+00,1.348149560890353482e-01
7.000000000000000000e+00,2.000000000000000000e+00,2.000000000000000000e+00,2.100000000000000477e-02,2.009812912286199071e-01,-3.348428189006384947e+00,3.992372114790851967e+00,1.879283091866106314e-01
7.000000000000000000e+00,2.000000000000000000e+00,2.000000000000000000e+00,2.700000000000001010e-02,2.086794341860004343e-01,-3.332362257904402991e+00,3.990913643494193863e+00,2.406334703412939535e-01
7.000000000000000000e+00,2.000000000000000000e+00,2.000000000000000000e+00,3.100000000000001366e-02,2.143616452969804298e-01,-3.322077843492843297e+00,3.990059748932536010e+00,2.755683780937133731e-01
7.000000000000000000e+00,2.000000000000000000e+00,2.000000000000000000e+00,3.700000000000001898e-02,2.235047478070931737e-01,-3.307314029193579419e+00,3.988932786078684511e+00,3.277040407208346995e-01
7.000000000000000000e+00,2.000000000000000000e+00,2.000000000000000000e+00,4.300000000000002431e-02,2.331887458318340212e-01,-3.293317575841944844e+00,3.987972560048024473e+00,3.795581905114739918e-01
7.000000000000000000e+00,2.000000000000000000e+00,2.000000000000000000e+00,4.700000000000002787e-02,2.398551866212117745e-01,-3.284381147727019279e+00,3.987418671129496328e+00,4.139896738575414847e-01
7.000000000000000000e+00,2.000000000000000000e+00,2.000000000000000000e+00,5.300000000000003320e-02,2.500686323964568247e-01,-3.271507649850923460e+00,3.986711366518103539e+00,4.654527919300640582e-01
7.000000000000000000e+00,2.000000000000000000e+00,2.000000000000000000e+00,5.900000000000003852e-02,2.604488427964453123e-01,-3.259194212228529786e+00,3.986147647075001021e+00,5.167171149192987256e-01
7.000000000000000000e+00,2.000000000000000000e+00,2.000000000000000000e+00,6.300000000000004208e-02,2.674247654377185923e-01,-3.251254160159548157e+00,3.985849577852556003e+00,5.507928928981371541e-01
7.000000000000000000e+00,2.000000000000000000e+00,2.000000000000000000e+00,6.900000000000004741e-02,2.779336697928199151e-01,-3.239687872194709772e+00,3.985516268893102509e+00,6.017677262726012222e-01
7.000000000000000000e+00,2.000000000000000000e+00,2.000000000000000000e+00,7.500000000000005274e-02,2.884651435453148283e-01,-3.228468739374226626e+00,3.985315810044119722e+00,6.525870244442919521e-01
7.000000000000000000e+00,2.000000000000000000e+00,2.000000000000000000e+00,7.900000000000005629e-02,2.954868785667192355e-01,-3.221149142767508966e+00,3.985253590300827486e+00,6.863850007395047026e-01
7.000000000000000000e+00,2.000000000000000000e+00,2.000000000000000000e+00,8.500000000000006162e-02,3.060099738983104167e-01,-3.210365249892779715e+00,3.985263105533711325e+00,7.369651622200522612e-01
7.000000000000000000e+00,2.000000000000000000e+00,2.000000000000000000e+00,9.100000000000006695e-02,3.165150498054717931e-01,-3.199768813266248735e+00,3.985389929781675278e+00,7.874101087091962548e-01
7.000000000000000000e+00,2.000000000000000000e+00,2.000000000000000000e+00,9.500000000000007050e-02,3.235070440027077998e-01,-3.192785195733972792e+00,3.985535746865665363e+00,8.209670054917792559e-01
7.000000000000000000e+00,2.000000000000000000e+00,2.000000000000000000e+00,1.010000000000000758e-01,3.339786638443613676e-01,-3.182399579714117799e+00,3.985839656858907620e+00,8.711948807852907262e-01
7.000000000000000000e+00,2.000000000000000000e+00,2.000000000000000000e+00,1.070000000000000812e-01,3.444338585989605850e-01,-3.172088486161228182e+00,3.986236697544775609e+00,9.212954253659761950e-01
7.000000000000000000e+00,2.000000000000000000e+00,2.000000000000000000e+00,1.110000000000000847e-01,3.513975073203000621e-01,-3.165239197472097032e+00,3.986547566859783398e+00,9.546255668217700219e-01
7.000000000000000000e+00,2.000000000000000000e+00,2.000000000000000000e+00,1.170000000000000900e-01,3.618382196598324274e-01,-3.154980122099284134e+00,3.987073956233651018e+00,1.004515680758458096e+00
7.000000000000000000e+00,2.000000000000000000e+00,2.000000000000000000e+00,1.210000000000000936e-01,3.687987748345619154e-01,-3.148138838249866733e+00,3.987459152931959849e+00,1.037705581505368624e+00
7.000000000000000000e+00,2.000000000000000000e+00,2.000000000000000000e+00,1.270000000000000850e-01,3.792457155971673544e-01,-3.137855597323938817e+00,3.988077704961728642e+00,1.087384614389858672e+00
7.000000000000000000e+00,2.000000000000000000e+00,2.000000000000000000e+00,1.330000000000000904e-01,3.897075053216977891e-01,-3.127526618563008842e+00,3.988731439668175227e+00,1.136935566460466340e+00
7.000000000000000000e+00,2.000000000000000000e+00,2.000000000000000000e+00,1.370000000000000939e-01,3.966945528275147570e-01,-3.120604880523120350e+00,3.989178709767609465e+00,1.169897569365138557e+00
7.000000000000000000e+00,2.000000000000000000e+00,2.000000000000000000e+00,1.430000000000000993e-01,4.072003771742890299e-01,-3.110154326671552116e+00,3.989853860756761961e+00,1.219231105776929169e+00
7.000000000000000000e+00,2.000000000000000000e+00,2.000000000000000000e+00,1.490000000000001046e-01,4.177442670211103937e-01,-3.099606240051984596e+00,3.990517666520577045e+00,1.268431104559656353e+00
7.000000000000000000e+00,2.000000000000000000e+00,2.000000000000000000e+00,1.530000000000001081e-01,4.247989596867839390e-01,-3.092511607341127178e+00,3.990944294602600806e+00,1.301155532541684590e+00
7.000000000000000000e+00,2.000000000000000000e+00,2.000000000000000000e+00,1.590000000000001135e-01,4.354255024579089528e-01,-3.081763881609083100e+00,3.991545176153951768e+00,1.350126451388658166e+00
7.000000000000000000e+00,2.000000000000000000e+00,2.000000000000000000e+00,1.650000000000001188e-01,4.461129691753243920e-01,-3.070875563392922114e+00,3.992079986241050094e+00,1.398955303924668048e+00
7.000000000000000000e+00,2.000000000000000000e+00,2.000000000000000000e+00,1.690000000000001223e-01,4.532759125768531794e-01,-3.063531238788081534e+00,3.992388657569449162e+00,1.431426979693073198e+00
7.000000000000000000e+00,2.000000000000000000e+00,2.000000000000000000e+00,1.750000000000001277e-01,4.640833595559343827e-01,-3.052375883739026019e+00,3.992762276096192942e+00,1.480009872466694354e+00
7.000000000000000000e+00,2.000000000000000000e+00,2.000000000000000000e+00,1.810000000000001330e-01,4.749736355184611125e-01,-3.041041296612896794e+00,3.993006482076475905e+00,1.528438853242074291e+00
7.000000000000000000e+00,2.000000000000000000e+00,2.000000000000000000e+00,1.850000000000001366e-01,4.822837809767376860e-01,-3.033378410739492548e+00,3.993084540007953098e+00,1.560636674108095256e+00
7.000000000000000000e+00,2.000000000000000000e+00,2.000000000000000000e+00,1.910000000000001419e-01,4.933297903266642970e-01,-3.021714001557144869e+00,3.993054293688561796e+00,1.608796748622908002e+00
7.000000000000000000e+00,2.000000000000000000e+00,2.000000000000000000e+00,1.970000000000001472e-01,5.044797014166431115e-01,-3.009833045860480283e+00,3.992821810827315687e+00,1.656786995985172872e+00
7.000000000000000000e+00,2.000000000000000000e+00,2.000000000000000000e+00,2.010000000000001508e-01,5.119745377148943177e-01,-3.001785124796548576e+00,3.992539712608208280e+00,1.688682598583084449e+00
7.000000000000000000e+00,2.000000000000000000e+00,2.000000000000000000e+00,2.070000000000001561e-01,5.233148731571938272e-01,-2.989511675628838905e+00,3.991902683528804285e+00,1.736373290079396892e+00
7.000000000000000000e+00,2.000000000000000000e+00,2.000000000000000000e+00,2.130000000000001614e-01,5.347797891247406676e-01,-2.976983289503746022e+00,3.990979760872005677e+00,1.783872958812153353e+00
7.000000000000000000e+00,2.000000000000000000e+00,2.000000000000000000e+00,2.170000000000001650e-01,5.424961133214116771e-01,-2.968481964946934060e+00,3.990188673650908235e+00,1.815428563603571188e+00
7.000000000000000000e+00,2.000000000000000000e+00,2.000000000000000000e+00,2.230000000000001703e-01,5.541859617911638614e-01,-2.955494863016031815e+00,3.988711589918506384e+00,1.862587905990157999e+00
7.000000000000000000e+00,2.000000000000000000e+00,2.000000000000000000e+00,2.270000000000001739e-01,5.620595132559842444e-01,-2.946673110876806945e+00,3.987516910098159340e+00,1.893906449193431207e+00
7.000000000000000000e+00,2.000000000000000000e+00,2.000000000000000000e+00,2.330000000000001792e-01,5.739962427396636535e-01,-2.933182617510345924e+00,3.985380660269499664e+00,1.940693410676029185e+00
7.000000000000000000e+00,2.000000000000000000e+00,2.000000000000000000e+00,2.390000000000001845e-01,5.860918905905967424e-01,-2.919367222091986847e+00,3.982794336626873211e+00,1.987239001415744166e+00
7.000000000000000000e+00,2.000000000000000000e+00,2.000000000000000000e+00,2.430000000000001881e-01,5.942480432056068684e-01,-2.909967494425878876e+00,3.980798532078589247e+00,2.018127799609068074e+00
7.000000000000000000e+00,2.000000000000000000e+00,2.000000000000000000e+00,2.490000000000001934e-01,6.066271589514988793e-01,-2.895569580942939591e+00,3.977363370682913235e+00,2.064236188922619952e+00
7.000000000000000000e+00,2.000000000000000000e+00,2.000000000000000000e+00,2.550000000000001710e-01,6.191879290238921918e-01,-2.880795816678286769e+00,3.973355321131351481e+00,2.110058363167622630e+00
7.000000000000000000e+00,2.000000000000000000e+00,2.000000000000000000e+00,2.590000000000001745e-01,6.276671524238376376e-01,-2.870727401880241558e+00,3.970339828772446733e+00,2.140437474136037022e+00
7.000000000000000000e+00,2.000000000000000000e+00,2.000000000000000000e+00,2.650000000000001799e-01,6.405509823484429877e-01,-2.855279351237344887e+00,3.965261461812013000e+00,2.185736072955716036e+00
7.000000000000000000e+00,2.000000000000000000e+00,2.000000000000000000e+00,2.710000000000001852e-01,6.536414567561260602e-01,-2.839395678987821192e+00,3.959466218627945899e+00,2.230688633039217716e+00
7.000000000000000000e+00,2.000000000000000000e+00,2.000000000000000000e+00,2.750000000000001887e-01,6.624882375351764940e-01,-2.828552148071601824e+00,3.955174763064658094e+00,2.260451400857212967e+00
7.000000000000000000e+00,2.000000000000000000e+00,2.000000000000000000e+00,2.810000000000001941e-01,6.759459467916162367e-01,-2.811885394715491593e+00,3.948048403919027560e+00,2.304764979396509261e+00
7.000000000000000000e+00,2.000000000000000000e+00,2.000000000000000000e+00,2.870000000000001994e-01,6.896385818028458736e-01,-2.794711467566576069e+00,3.940034848775199272e+00,2.348652432769943399e+00
7.000000000000000000e+00,2.000000000000000000e+00,2.000000000000000000e+00,2.910000000000002029e-01,6.989032716837977333e-01,-2.782965392042809682e+00,3.934164247370065759e+00,2.377656054688660259e+00
7.000000000000000000e+00,2.000000000000000000e+00,2.000000000000000000e+00,2.970000000000002083e-01,7.130138146570487168e-01,-2.764876914110808048e+00,3.924509579023233830e+00,2.420749636928266835e+00
7.000000000000000000e+00,2.000000000000000000e+00,2.000000000000000000e+00,3.030000000000002136e-01,7.273921410413778377e-01,-2.746194005835647545e+00,3.913764241284598988e+00,2.463309282183760551e+00
7.000000000000000000e+00,2.000000000000000000e+00,2.000000000000000000e+00,3.070000000000002172e-01,7.371332491154564126e-01,-2.733389950722878048e+00,3.905952237611297839e+00,2.491361475840283557e+00
7.000000000000000000e+00,2.000000000000000000e+00,2.000000000000000000e+00,3.130000000000002225e-01,7.519890828141971850e-01,-2.713630662649521685e+00,3.893193426524254708e+00,2.532917936767702383e+00
7.000000000000000000e+00,2.000000000000000000e+00,2.000000000000000000e+00,3.190000000000002278e-01,7.671518004051629536e-01,-2.693168521225889567e+00,3.879098150444694859e+00,2.573794121896203713e+00
7.000000000000000000e+00,2.000000000000000000e+00,2.000000000000000000e+00,3.230000000000002314e-01,7.774389677407181898e-01,-2.679113281992048901e+00,3.868907053289524445e+00,2.600633812963379032e+00
7.000000000000000000e+00,2.000000000000000000e+00,2.000000000000000000e+00,3.290000000000002367e-01,7.931509403661933799e-01,-2.657371634758374235e+00,3.852345700746056867e+00,2.640221150855096344e+00
7.000000000000000000e+00,2.000000000000000000e+00,2.000000000000000000e+00,3.330000000000002403e-01,8.038212880182402653e-01,-2.642413985842135826e+00,3.840403077780844665e+00,2.666128704838277574e+00
7.000000000000000000e+00,2.000000000000000000e+00,2.000000000000000000e+00,3.390000000000002456e-01,8.201354444809734190e-01,-2.619238006965828092e+00,3.821041347930535181e+00,2.704195806557948334e+00
7.000000000000000000e+00,2.000000000000000000e+00,2.000000000000000000e+00,3.450000000000002509e-01,8.368395372898447260e-01,-2.595115812208494965e+00,3.799818974595094989e+00,2.741217882150634999e+00
7.000000000000000000e+00,2.000000000000000000e+00,2.000000000000000000e+00,3.490000000000002545e-01,8.482039338832642050e-01,-2.578473036823911713e+00,3.784563506721062787e+00,2.765261810730923475e+00
7.000000000000000000e+00,2.000000000000000000e+00,2.000000000000000000e+00,3.550000000000002598e-01,8.656121194059914759e-01,-2.552607897771656198e+00,3.759899984446692933e+00,2.800275247935499312e+00
7.000000000000000000e+00,2.000000000000000000e+00,2.000000000000000000e+00,3.610000000000002651e-01,8.834792098062775878e-01,-2.525583098671735804e+00,3.732944314790185736e+00,2.833894965701088786e+00
7.000000000000000000e+00,2.000000000000000000e+00,2.000000000000000000e+00,3.650000000000002687e-01,8.956606288788279135e-01,-2.506874261159830031e+00,3.713606947923532076e+00,2.855452293226496963e+00
7.000000000000000000e+00,2.000000000000000000e+00,2.000000000000000000e+00,3.710000000000002740e-01,9.143626485121402192e-01,-2.477692018328270240e+00,3.682397363961514625e+00,2.886365282556330403e+00
7.000000000000000000e+00,2.000000000000000000e+00,2.000000000000000000e+00,3.770000000000002793e-01,9.336134530380241214e-01,-2.447058452155857378e+00,3.648342167828335203e+00,2.915379506990082525e+00
7.000000000000000000e+00,2.000000000000000000e+00,2.000000000000000000e+00,3.810000000000002829e-01,9.467722857681545312e-01,-2.425762468369205394e+00,3.623935874973502891e+00,2.933547031424904361e+00
7.000000000000000000e+00,2.000000000000000000e+00,2.000000000000000000e+00,3.870000000000002882e-01,9.670315370509230402e-01,-2.392393489017107022e+00,3.584570367898417764e+00,2.958827049294349365e+00
7.000000000000000000e+00,2.000000000000000000e+00,2.000000000000000000e+00,3.930000000000002935e-01,9.879611352962358595e-01,-2.357157360757994535e+00,3.541629038397464235e+00,2.981451522419418687e+00
7.000000000000000000e+00,2.000000000000000000e+00,2.000000000000000000e+00,3.970000000000002971e-01,1.002314606128200003e+00,-2.332530144281066864e+00,3.510850320672614266e+00,2.994873872816666616e+00
7.000000000000000000e+00,2.000000000000000000e+00,2.000000000000000000e+00,4.030000000000003024e-01,1.024493157674380983e+00,-2.293712234437463415e+00,3.461178866633676243e+00,3.012190162421392703e+00
7.000000000000000000e+00,2.000000000000000000e+00,2.000000000000000000e+00,4.090000000000003078e-01,1.047515550058824463e+00,-2.252399730578704684e+00,3.406928610553325409e+00,3.025662373669541605e+00
7.000000000000000000e+00,2.000000000000000000e+00,2.000000000000000000e+00,4.130000000000003113e-01,1.063374545931275783e+00,-2.223315670326380999e+00,3.367983853877892120e+00,3.032206031691583092e+00
7.000000000000000000e+00,2.000000000000000000e+00,2.000000000000000000e+00,4.190000000000003166e-01,1.088003371899499916e+00,-2.177095595004867157e+00,3.304996222722477839e+00,3.037819049442878505e+00
7.000000000000000000e+00,2.000000000000000000e+00,2.000000000000000000e+00,4.250000000000003220e-01,1.113748115620883050e+00,-2.127354974763221662e+00,3.235959446392321581e+00,3.037590970769341592e+00
7.000000000000000000e+00,2.000000000000000000e+00,2.000000000000000000e+00,4.290000000000003255e-01,1.131603893438707820e+00,-2.091965377187920083e+00,3.186208346276129255e+00,3.033657395090021858e+00
7.000000000000000000e+00,2.000000000000000000e+00,2.000000000000000000e+00,4.350000000000003308e-01,1.159567032812444332e+00,-2.035024632493147578e+00,3.105326565933096195e+00,3.021079010916525309e+00
7.000000000000000000e+00,2.000000000000000000e+00,2.000000000000000000e+00,4.390000000000003344e-01,1.179103743346154864e+00,-1.994120827606233215e+00,3.046760238756202277e+00,3.007513705992133524e+00
7.000000000000000000e+00,2.000000000000000000e+00,2.000000000000000000e+00,4.450000000000003397e-01,1.210013923558294957e+00,-1.927539050577068647e+00,2.950903581475196269e+00,2.977826274595958278e+00
7.000000000000000000e+00,2.000000000000000000e+00,2.000000000000000000e+00,4.510000000000003451e-01,1.243359115007457216e+00,-1.853402080177948053e+00,2.843706250084939491e+00,2.934491589881781159e+00
7.000000000000000000e+00,2.000000000000000000e+00,2.000000000000000000e+00,4.550000000000003486e-01,1.267415568443736706e+00,-1.798870338781101363e+00,2.764563094074230065e+00,2.896333888669857970e+00
7.000000000000000000e+00,2.000000000000000000e+00,2.000000000000000000e+00,4.605839189472666351e-01,1.304564295637744564e+00,-1.714494719711824988e+00,2.641061850162851776e+00,2.828124280838880455e+00
7.000000000000000000e+00,2.000000000000000000e+00,2.000000000000000000e+00,4.656047848837643333e-01,1.343180127584272077e+00,-1.629248851341376092e+00,2.513546682317911340e+00,2.749814348858291790e+00
7.000000000000000000e+00,2.000000000000000000e+00,2.000000000000000000e+00,4.687547693388842696e-01,1.370722810441426631e+00,-1.570968928228391182e+00,2.424037615841159621e+00,2.691808169740036671e+00
7.000000000000000000e+00,2.000000000000000000e+00,2.000000000000000000e+00,4.732947847504814232e-01,1.415293037566461853e+00,-1.480139827966696853e+00,2.281190434693443514e+00,2.594753161337735037e+00
7.000000000000000000e+00,2.000000000000000000e+00,2.000000000000000000e+00,4.774969264436364491e-01,1.461477369488712430e+00,-1.387453992161725935e+00,2.133908454372007490e+00,2.486888728105082436e+00
7.000000000000000000e+00,2.000000000000000000e+00,2.000000000000000000e+00,4.800093701237886923e-01,1.491361128905544176e+00,-1.326775598956994484e+00,2.038281417812164875e+00,2.411106794686490140e+00
7.000000000000000000e+00,2.000000000000000000e+00,2.000000000000000000e+00,4.833275403323177843e-01,1.533782069498786038e+00,-1.238407537285401094e+00,1.901771136337813140e+00,2.293305300231627708e+00
7.000000000000000000e+00,2.000000000000000000e+00,2.000000000000000000e+00,4.861673365695254878e-01,1.573389680192023299e+00,-1.152745474420296512e+00,1.773636622392130047e+00,2.170923488713472960e+00
7.000000000000000000e+00,2.000000000000000000e+00,2.000000000000000000e+00,4.878300746875000593e-01,1.598404403495570225e+00,-1.096831737231764192e+00,1.692564059392094755e+00,2.086916120207607417e+00
7.000000000000000000e+00,2.000000000000000000e+00,2.000000000000000000e+00,4.900211490553733618e-01,1.634078596793149041e+00,-1.014480985058353824e+00,1.577103211773982938e+00,1.957639711121720083e+00
7.000000000000000000e+00,2.000000000000000000e+00,2.000000000000000000e+00,4.918898923639567489e-01,1.667758904604268011e+00,-9.338252954951427043e-01,1.468713575477960553e+00,1.825079298666724803e+00
7.000000000000000000e+00,2.000000000000000000e+00,2.000000000000000000e+00,4.929762167751212121e-01,1.689203875670886701e+00,-8.809921258246946607e-01,1.400257382894786851e+00,1.735300933008275370e+00
7.000000000000000000e+00,2.000000000000000000e+00,2.000000000000000000e+00,4.943919350730979767e-01,1.719975960340419885e+00,-8.032144259689979471e-01,1.303127807047317344e+00,1.599223968980044042e+00
