1, 5.193924808633081
1001, 5.097592133682918
2001, 5.037884114954745
3001, 4.912104430256877
4001, 4.702345065354979
5001, 4.353779718933134
6001, 3.946803457741892
7001, 3.670424479606167
8001, 3.440043123146064
9001, 3.253013703197369
10001, 3.124921970460709
11001, 3.029774719591599
12001, 2.942750559531595
13001, 2.858344334835340
14001, 2.775747561844206
15001, 2.695025737316162
16001, 2.617441168196919
17001, 2.543258972091617
18001, 2.474504679043806
19001, 2.410514449210742
20001, 2.350765429360831
21001, 2.296475213692048
22001, 2.245502840448079
23001, 2.201363488842079
24001, 2.158048986176763
25001, 2.121422287340130
26001, 2.086996867584123
27001, 2.055619238847820
28001, 2.027825357243075
29001, 2.000282773216668
30001, 1.975630497164306
31001, 1.951983196828494
32001, 1.929849260045469
33001, 1.911936515164332
34001, 1.891869530267334
35001, 1.872937710527349
36001, 1.856906376985022
37001, 1.842714141877148
38001, 1.823530881697471
39001, 1.810969396721276
40001, 1.808529746557915
41001, 1.784114615799875
42001, 1.768180791443754
43001, 1.759239887859822
44001, 1.741324979742735
45001, 1.729374132759363
46001, 1.721520208625007
47001, 1.707045561918909
48001, 1.695266271864342
49001, 1.685086591224869
50001, 1.676186607140438
51001, 1.664802710446173
52001, 1.656219047641426
53001, 1.643649064216985
54001, 1.636178514740521
55001, 1.627124137473665
56001, 1.617928997443541
57001, 1.608267315156506
58001, 1.600504215591006
59001, 1.592049354853552
60001, 1.583828331355472
61001, 1.582143250233202
62001, 1.569051094490191
63001, 1.561376763988454
64001, 1.553931697635364
65001, 1.546337183831453
66001, 1.540056448531270
67001, 1.536153344177244
68001, 1.525567713212141
69001, 1.521659990387863
70001, 1.514688534308379
71001, 1.507763209981741
72001, 1.501544853772970
73001, 1.495853432688493
74001, 1.495033068547682
75001, 1.492673715155363
76001, 1.476491195934323
77001, 1.470208669678342
78001, 1.465410435794957
79001, 1.466956145936829
80001, 1.456552927976672
81001, 1.459230658805338
82001, 1.444876093267538
83001, 1.441256076492908
84001, 1.434809923824529
85001, 1.431897967299923
86001, 1.423683897529706
87001, 1.419043845068080
88001, 1.414135874661468
89001, 1.409603120903561
90001, 1.408077409841459
91001, 1.400237300958880
92001, 1.395730220538866
93001, 1.393917587221050
94001, 1.387856568494969
95001, 1.393426978455970
96001, 1.382054925090962
97001, 1.375770676027690
98001, 1.375219251065636
99001, 1.366625953745233
100001, 1.379137407787960
101001, 1.360422917458155
102001, 1.379826336677313
103001, 1.366102864231354
104001, 1.347170607612557
105001, 1.343980947000611
106001, 1.337332457473303
107001, 1.337620064906287
108001, 1.330839228907442
109001, 1.327822368679918
110001, 1.323074021329396
111001, 1.331935185999031
112001, 1.326137495904272
113001, 1.312328517910046
114001, 1.308125927441267
115001, 1.310888078992911
116001, 1.302811062156115
117001, 1.298436445025388
118001, 1.298872381969927
119001, 1.293727499665711
120001, 1.294773591164114
121001, 1.284158863580335
122001, 1.281222597711057
123001, 1.281553624226337
124001, 1.276824409129118
125001, 1.285847418205050
126001, 1.268787228260574
127001, 1.274404328284829
128001, 1.268001256792371
129001, 1.263414104094776
130001, 1.259977592140510
131001, 1.260648137917476
132001, 1.267479989421264
133001, 1.251548934989211
134001, 1.245177630663304
135001, 1.242687064753633
136001, 1.247366949032763
137001, 1.237714712942605
138001, 1.234747091064603
139001, 1.236547057445447
140001, 1.227556061835941
141001, 1.227432481808335
142001, 1.223909066296627
143001, 1.223496919336396
144001, 1.222587308551608
145001, 1.216421905608719
146001, 1.213718146364855
147001, 1.211563840341075
148001, 1.216560984424945
149001, 1.204035845109259
150001, 1.209449580112068
151001, 1.198830906260900
152001, 1.203343382701985
153001, 1.195447115975796
154001, 1.193281914066423
155001, 1.198733393395724
156001, 1.188474793060826
157001, 1.186278911081434
158001, 1.182932750575638
159001, 1.181162902336406
160001, 1.178338329554581
161001, 1.175184096286385
162001, 1.172997808254797
163001, 1.171167819424796
164001, 1.174921987651548
165001, 1.166604447013398
166001, 1.169435466969549
167001, 1.162026299173126
168001, 1.161032647715875
169001, 1.158337025308194
170001, 1.159758364848005
171001, 1.152827132355790
172001, 1.166523754275349
173001, 1.155271768892864
174001, 1.154373830314813
175001, 1.149765316192400
176001, 1.143348562970497
177001, 1.154655393461351
178001, 1.139226606247146
179001, 1.137009903843957
180001, 1.131815153200446
181001, 1.132073895140319
182001, 1.130957835182984
183001, 1.128795376312700
184001, 1.142037845181078
185001, 1.124994046223280
186001, 1.122652996281295
187001, 1.119659266181582
188001, 1.127395260773180
189001, 1.126733631286160
190001, 1.115302871881375
191001, 1.112578029435521
192001, 1.112761664556285
193001, 1.136646668333721
194001, 1.114793681807453
195001, 1.108899691769864
196001, 1.105969887331231
197001, 1.102158641397571
198001, 1.100519537270235
199001, 1.096858851037698
200001, 1.100042413921082
201001, 1.094116963186263
202001, 1.092578173050260
203001, 1.088356475565474
204001, 1.086173235089152
205001, 1.085768644481954
206001, 1.110944202546325
207001, 1.105599799851748
208001, 1.083380498805747
209001, 1.078705995846955
210001, 1.081674556207346
211001, 1.088196401988209
212001, 1.075617803986848
213001, 1.092082724857979
214001, 1.085084397181596
215001, 1.094182119936524
216001, 1.066476978933147
217001, 1.075623824169766
218001, 1.070698634511935
219001, 1.070915419185820
220001, 1.076492222013906
221001, 1.080411501406283
222001, 1.071997967981462
223001, 1.067123310847712
224001, 1.054866276426765
225001, 1.052361372204672
226001, 1.053583963725557
227001, 1.055071807740407
228001, 1.047924269396549
229001, 1.049511241268103
230001, 1.045516195308449
231001, 1.045559046885075
232001, 1.048161582348037
233001, 1.040867984495937
234001, 1.036738292434530
235001, 1.035625421597111
236001, 1.036505581467078
237001, 1.034403754000894
238001, 1.035089423655512
239001, 1.040459034385029
240001, 1.032448090090159
241001, 1.036429684562604
242001, 1.026554620336063
243001, 1.045289671829754
244001, 1.059865847732221
245001, 1.024483472328622
246001, 1.029971617252987
247001, 1.023226124340388
248001, 1.122253074327978
249001, 1.017954841300561
250001, 1.014496471050106
251001, 1.029865958558385
252001, 1.015539606254335
253001, 1.019450427260353
254001, 1.049120044322773
255001, 1.010029070972648
256001, 1.005807293583276
257001, 1.007557790198868
258001, 1.013375287227425
259001, 1.000071356575042
260001, 1.021682715857761
261001, 1.000387867765890
262001, 1.012142470954573
263001, 1.040260360594720
264001, 1.000844097178327
265001, 0.996597174275683
266001, 1.018475324019509
267001, 0.989907344045326
268001, 0.989566086963521
269001, 1.000019217317697
270001, 0.990126451946363
271001, 0.985368566175700
272001, 0.991888639635184
273001, 1.008622252439135
274001, 0.979215602675951
275001, 0.979169588911800
276001, 0.986283663861907
277001, 0.990483102806538
278001, 0.989805084116432
279001, 0.976615778197023
280001, 0.971029691488365
281001, 0.991995641539165
282001, 0.982662168129813
283001, 0.985660485710252
284001, 0.973952275618398
285001, 0.978532629761267
286001, 0.965118567195511
287001, 0.970783454885674
288001, 0.964655099656268
289001, 0.989892422040420
290001, 0.957539866660225
291001, 0.959799009068667
292001, 0.955556401504204
293001, 0.957169541943120
294001, 0.959931157810960
295001, 0.960500495537114
296001, 0.955025377421892
297001, 0.959524952811615
298001, 0.951173789474289
299001, 0.958228547760128
300001, 0.946773889034133
301001, 0.954306103730949
302001, 0.943089148047528
303001, 0.946571261381148
304001, 0.941601923868649
305001, 0.938409120510875
306001, 0.948491368465283
307001, 0.936355490941645
308001, 0.946339062282948
309001, 0.934776071974925
310001, 0.932831735688258
311001, 0.937451639928845
312001, 0.952668046990635
313001, 0.943321486282104
314001, 0.928835862664008
315001, 0.933502199841334
316001, 0.927246731193594
317001, 0.933437319383369
318001, 0.924744175954170
319001, 0.919831646825831
320001, 0.951918437912652
321001, 0.917954784203342
322001, 0.934077300326132
323001, 0.923430659967797
324001, 0.929460292566906
325001, 0.920867143521085
326001, 0.918921535765303
327001, 0.922116776585299
328001, 0.922050569086259
329001, 0.924745111776395
330001, 0.911673197530159
331001, 0.907095586867143
332001, 0.941582403435493
333001, 0.907822723058466
334001, 0.918868369145108
335001, 0.903010250890220
336001, 0.904727084271256
337001, 0.911726592487338
338001, 0.900860644317223
339001, 0.900105926802055
340001, 0.908133205632067
341001, 0.897930832578978
342001, 0.898234094576722
343001, 0.920507198823214
344001, 0.896103669677722
345001, 0.895082490788581
346001, 0.894333424954417
347001, 0.902929334848333
348001, 0.894665760681039
349001, 0.892044033166661
350001, 0.906928019759886
351001, 0.907957181838215
352001, 0.885911208398297
353001, 0.891724884004138
354001, 0.882570112238192
355001, 0.882556949913198
356001, 0.913830863551295
357001, 0.877452440890594
358001, 0.881325799587834
359001, 0.885751427733350
360001, 0.896597253288862
361001, 0.873301516056235
362001, 0.874442569341984
363001, 0.875486661718217
364001, 0.896275780415048
365001, 0.883266630428067
366001, 0.875809172200744
367001, 0.870180046582988
368001, 0.878797164469370
369001, 0.880315555074175
370001, 0.864027645823364
371001, 0.863581143705201
372001, 0.870964192196996
373001, 0.863404876144205
374001, 0.859654050155603
375001, 0.876528470147491
376001, 0.869852572565749
377001, 0.856347154705497
378001, 0.857439352066693
379001, 0.855646455826326
380001, 0.860909335604523
381001, 0.855090765554814
382001, 0.874024699064968
383001, 0.865235972029386
384001, 0.868701509036608
385001, 0.850219328868301
386001, 0.851529484844397
387001, 0.851816508458285
388001, 0.849805455253279
389001, 0.864340238544228
390001, 0.913633385906049
391001, 0.848913654257549
392001, 0.871501593524664
393001, 0.854517225740826
394001, 0.843746911703543
395001, 0.853656610089976
396001, 0.845366786324500
397001, 0.855786126096602
398001, 0.862801946266683
399001, 0.877672779671796
400001, 0.833559111661786
401001, 0.834235978515534
402001, 0.836182852854270
403001, 0.842263333195848
404001, 0.837365317327575
405001, 0.841735202571241
406001, 0.851577723899893
407001, 0.831448041403850
408001, 0.843061475323944
409001, 0.831054319283268
410001, 0.848898375567851
411001, 0.827343588483100
412001, 0.826601431954164
413001, 0.827489396916415
414001, 0.832573848132442
415001, 0.849211085703128
416001, 0.824102956172276
417001, 0.836227301356891
418001, 0.831131650271855
419001, 0.835371200366017
420001, 0.820621706251203
421001, 0.822864250349291
422001, 0.815974166346571
423001, 0.813165197887940
424001, 0.843101242903313
425001, 0.816549210914033
426001, 0.824484446242984
427001, 0.817846796654073
428001, 0.813428221924552
429001, 0.811346415445406
430001, 0.822172842360070
431001, 0.812181433746675
432001, 0.812903033992503
433001, 0.807743393506793
434001, 0.805633410382903
435001, 0.810393480613114
436001, 0.812826880934898
437001, 0.805436287352858
438001, 0.813328448791232
439001, 0.810579654474710
440001, 0.807084561252804
441001, 0.811873008973524
442001, 0.804085682424390
443001, 0.818207665733063
444001, 0.804992165448237
445001, 0.799730501350459
446001, 0.814591693844147
447001, 0.791297912082412
448001, 0.817231264333739
449001, 0.814044969646475
450001, 0.807526065786425
451001, 0.790802580423700
452001, 0.792790437549592
453001, 0.810088529034860
454001, 0.787576679451571
455001, 0.800728361796628
456001, 0.795108535358450
457001, 0.784956060759184
458001, 0.783189419805168
459001, 0.782669172250738
460001, 0.805446108355616
461001, 0.791489406786687
462001, 0.802875685285533
463001, 0.781290510040997
464001, 0.780046895693600
465001, 0.781788144624126
466001, 0.802830656015148
467001, 0.777671646556913
468001, 0.785849477203698
469001, 0.776258699565594
470001, 0.771294925411260
471001, 0.779917941695443
472001, 0.771670191769731
473001, 0.778142966794782
474001, 0.785059511573156
475001, 0.791696139654387
476001, 0.782901653821466
477001, 0.786493696047588
478001, 0.771668545189520
479001, 0.822914099361762
480001, 0.771856880487094
481001, 0.782780203872323
482001, 0.768523420881487
483001, 1.108396616489752
484001, 0.781552257944281
485001, 0.767133450467621
486001, 0.787434874610442
487001, 0.767326168553446
488001, 0.778805844386207
489001, 0.778961415343752
490001, 0.762958772121038
491001, 0.764123408427994
492001, 0.767906177916499
493001, 0.779910241737928
494001, 0.782677609054836
495001, 0.754913908927729
496001, 0.800421135587844
497001, 0.754260301371479
498001, 0.809953118701986
499001, 0.754318206315524
500001, 0.767281969520071
501001, 0.751379101164703
502001, 0.749502957115804
503001, 0.759782214095616
504001, 0.747764540641677
505001, 0.841827586107771
506001, 0.747067710343023
507001, 0.750667019369890
508001, 0.762861574992370
509001, 0.751418231443357
510001, 0.775557165035808
511001, 0.773951321069549
512001, 0.781568695421466
513001, 0.744123563498647
514001, 0.755164967574754
515001, 0.753178927825893
516001, 0.743772989909615
517001, 0.748790596536034
518001, 0.750974046209306
519001, 0.760368496318960
520001, 0.739688114078484
521001, 0.753204407596437
522001, 0.734536013505968
523001, 0.752482279648714
524001, 0.796392298679366
525001, 0.801378218828719
526001, 0.744876406871457
527001, 0.745956175330994
528001, 0.735184835988990
529001, 0.733785504091879
530001, 0.750356279736709
531001, 0.754193270768999
532001, 0.737822895554056
533001, 0.746221008612878
534001, 0.749417635816620
535001, 0.739667674318363
536001, 0.741338143714379
537001, 0.750152677712662
538001, 0.757889954756181
539001, 0.739547165773216
540001, 0.723586439414846
541001, 0.721867784957633
542001, 0.763958649355145
543001, 0.728542589515372
544001, 0.740351770184883
545001, 0.722652098809748
546001, 0.725231110433423
547001, 0.722982554412146
548001, 0.725525676617039
549001, 0.717629383426566
550001, 0.721836744420423
551001, 0.719542098560942
552001, 0.717514387913150
553001, 0.717746173095800
554001, 0.722898484386714
555001, 0.720375725196726
556001, 0.721328188934037
557001, 0.716228835501048
558001, 0.715197846159557
559001, 0.745461116951226
560001, 0.713830689070365
561001, 0.716093083006023
562001, 0.717300743999290
563001, 0.710719288137287
564001, 0.709034122699789
565001, 0.727960439152439
566001, 0.717176049971938
567001, 0.721510763408458
568001, 0.707266292384757
569001, 0.712211252206571
570001, 0.734209538973892
571001, 0.711706254990382
572001, 0.702879484214347
573001, 0.702296439577670
574001, 0.707517499526012
575001, 0.715503121951986
576001, 0.712158581132195
577001, 0.706022783609212
578001, 0.737417236139295
579001, 0.701263975967471
580001, 0.699231063505962
581001, 0.699986277855843
582001, 0.736928547544119
583001, 0.703080236725472
584001, 0.697996927969283
585001, 0.701492160442952
586001, 0.695946918706285
587001, 0.699449603150292
588001, 0.711178884663241
589001, 0.703728068532323
590001, 0.706899701532582
591001, 0.693367587725484
592001, 0.767845532800630
593001, 0.727281750531168
594001, 0.706302404152903
595001, 0.688362624674636
596001, 0.687577509734152
597001, 0.694494512117546
598001, 0.693283669021336
599001, 0.687921857243692
600001, 0.688504356498766
601001, 0.696852389298067
602001, 0.695583583435561
603001, 0.722781778408195
604001, 0.692600555292870
605001, 0.717718366991324
606001, 0.682366826657877
607001, 0.686699042140147
608001, 0.682144080973793
609001, 0.700762620126175
610001, 0.697551375354738
611001, 0.705846910131020
612001, 0.719682582257146
613001, 0.681402278637498
614001, 0.689156786899778
615001, 0.697132276789380
616001, 0.677719160639839
617001, 0.688105097572537
618001, 0.676094211222567
619001, 0.673896610701297
620001, 0.682573630351814
621001, 0.853626993275650
622001, 0.700976350439059
623001, 0.675926708242346
624001, 0.780229228755281
625001, 0.670293225794814
626001, 0.728397086361405
627001, 0.683337609716289
628001, 0.689148229274538
629001, 0.690791669981397
630001, 0.678505873712374
631001, 0.674659918671725
632001, 0.713677929489934
633001, 0.675606062930408
634001, 0.678531314668214
635001, 0.682075017373142
636001, 0.669982516937441
637001, 0.673840661234650
638001, 0.698815613690222
639001, 0.670718253482804
640001, 0.720739274456476
641001, 0.697973889056699
642001, 0.693213710388773
643001, 0.669067956286883
644001, 0.659624020174085
645001, 0.688914184885824
646001, 0.672974918023959
647001, 0.663175353914667
648001, 0.661316805022589
649001, 0.654543748317139
650001, 0.655086474670411
651001, 0.657231017410407
652001, 0.654993630681747
653001, 0.657315953795022
654001, 0.654081917724765
655001, 0.664950559321533
656001, 0.664992303784948
657001, 0.720459614841477
658001, 0.670796394550038
659001, 0.658488274014364
660001, 0.651208811593609
661001, 0.657865382079744
662001, 0.649816468972209
663001, 0.647632528685062
664001, 0.702260720881427
665001, 0.649508484256275
666001, 0.665502900735384
667001, 0.677476044835919
668001, 0.666706716086786
669001, 0.671805087009562
670001, 0.649889373419593
671001, 0.647946364530785
672001, 0.660671859353230
673001, 0.662242904482892
674001, 0.646131324632452
675001, 0.691790775665526
676001, 0.642888099107860
677001, 0.643237543759783
678001, 0.649582090100401
679001, 0.640332173562189
680001, 0.641964236528492
681001, 0.652651818565990
682001, 0.639326835171421
683001, 0.649444057302543
684001, 0.652890257749722
685001, 0.644018090815620
686001, 0.743572556370715
687001, 0.641306480814681
688001, 0.642472148929191
689001, 0.678472138269564
690001, 0.639674883051033
691001, 0.636120475399761
692001, 0.642230892626029
693001, 0.632292552328497
694001, 0.656200885280633
695001, 0.686653879033643
696001, 0.638197465150226
697001, 0.632790576505655
698001, 0.634280077864986
699001, 0.641007119671941
700001, 0.652332650657874
701001, 0.632859547323759
702001, 0.690126011097538
703001, 0.637184875266860
704001, 0.639528820500610
705001, 0.625161454803802
706001, 0.624586672635622
707001, 0.625344767225270
708001, 0.655109018191960
709001, 0.623846997624074
710001, 0.639973265847390
711001, 0.631731682291868
712001, 0.699805709996268
713001, 0.668476771600810
714001, 0.642142198545445
715001, 0.621020672542844
716001, 0.634201957052831
717001, 0.630288660649940
718001, 0.621512329454755
719001, 0.645966641894056
720001, 0.618962620669633
721001, 0.637797738201567
722001, 0.638048522053107
723001, 0.615554712248810
724001, 0.615806783477977
725001, 0.627329933197643
726001, 0.641716838386922
727001, 0.618036080466491
728001, 0.626935424428552
729001, 0.647612111014465
730001, 0.630026849529244
731001, 0.643250869662276
732001, 0.617850055719002
733001, 0.621874499662624
734001, 0.622713026219452
735001, 0.613819010385351
736001, 0.628760603104181
737001, 0.620977850351944
738001, 0.627777029976307
739001, 0.639320895799111
740001, 0.635721466412844
741001, 0.620224997253619
742001, 0.632820095427314
743001, 0.611581276261343
744001, 0.629884400699809
745001, 0.613969798361646
746001, 0.617650715676986
747001, 0.609040738338511
748001, 0.648197409683951
749001, 0.627614511454843
750001, 0.619739783416769
751001, 0.640500475357023
752001, 0.641831697403105
753001, 0.668478948671958
754001, 0.766458493377531
755001, 0.638381786540830
756001, 0.607588684176437
757001, 0.611281329071275
758001, 0.602825179094689
759001, 0.602553614968337
760001, 0.619971702483731
761001, 0.612971700236575
762001, 0.623671524357553
763001, 0.608039455823916
764001, 0.607500242688341
765001, 0.603515911881761
766001, 0.630917429901219
767001, 0.603805438675718
768001, 0.606546999617632
769001, 0.616716213849117
770001, 0.613101988579599
771001, 0.607097887817079
772001, 0.620948705057269
773001, 0.606018703554892
774001, 0.593702560545283
775001, 0.607156939570435
776001, 0.593288584819792
777001, 0.593794753694320
778001, 0.598974606822847
779001, 0.629808787708371
780001, 0.607591495604671
781001, 0.640504597956258
782001, 0.616639774770318
783001, 0.611789647980863
784001, 0.638911929146573
785001, 0.600010664128611
786001, 0.598948718018540
787001, 0.603859990258425
788001, 0.627317868194069
789001, 0.617982582181973
790001, 0.606304157576529
791001, 0.588945408291530
792001, 0.609640523742452
793001, 0.599912263180399
794001, 0.598954114905674
795001, 0.588228176152514
796001, 0.606468390654797
797001, 0.718177950668579
798001, 0.583544485846972
799001, 0.593307364839019
800001, 0.596987325221581
801001, 0.598874849532701
802001, 0.588288781225401
803001, 0.588091302630902
804001, 0.605039627582361
805001, 0.586781085906797
806001, 0.605551500029923
807001, 0.600548055312629
808001, 0.594378356465258
809001, 0.587528548227850
810001, 0.597071884807190
811001, 0.580472646452205
812001, 0.579822854319431
813001, 0.578449588761694
814001, 0.586950831829471
815001, 0.590900456314173
816001, 0.576199741723517
817001, 0.594823381583879
818001, 0.586644721050647
819001, 0.651107643517432
820001, 0.577953417072192
821001, 0.736177564851632
822001, 0.581661679605527
823001, 0.606837892983371
824001, 0.581572627164335
825001, 0.579896575534310
826001, 0.596819152251871
827001, 0.572998550581638
828001, 0.618360123214630
829001, 0.579899898960210
830001, 0.582695867423425
831001, 0.635143949747537
832001, 0.592367658809282
833001, 0.569488076427831
834001, 0.585440897042125
835001, 0.592183996402850
836001, 0.570219108743988
837001, 0.630474719917615
838001, 0.570734957950851
839001, 0.594273215607613
840001, 0.594294034991474
841001, 0.599529189802362
842001, 0.613081193526805
843001, 0.580601879079244
844001, 0.567362241446061
845001, 0.586826960306359
846001, 0.570590426068799
847001, 0.566774427255194
848001, 0.584727763001698
849001, 0.582568393613822
850001, 0.594161564517712
851001, 0.573607497573524
852001, 0.576283804563734
853001, 0.683740887562476
854001, 0.584177030956585
855001, 0.566337020819150
856001, 0.578886902597955
857001, 0.576027636866731
858001, 0.589155219183846
859001, 0.598118493872598
860001, 0.575348940328076
861001, 0.568728140976750
862001, 0.564207953405522
863001, 0.577625479055080
864001, 0.567234056366434
865001, 0.564647818704803
866001, 0.565309486956635
867001, 0.579096115464260
868001, 0.572693604264656
869001, 0.573149532425421
870001, 0.597666845356479
871001, 0.576695010913685
872001, 0.564050524597070
873001, 0.571682322657699
874001, 0.560645165336659
875001, 0.564878385059368
876001, 0.572971287451408
877001, 0.554031684415870
878001, 0.557728676537002
879001, 0.583973760331375
880001, 0.575610350596079
881001, 0.660654669398436
882001, 0.561926913927550
883001, 0.554531215553697
884001, 0.566634918546426
885001, 0.575987754206063
886001, 0.563141446406915
887001, 0.553007362993563
888001, 0.571794492174363
889001, 0.618183216662658
890001, 0.600694354849324
891001, 0.555091525112492
892001, 0.554943653292813
893001, 0.613757833879732
894001, 0.561708381757463
895001, 0.560151937035120
896001, 0.565172183971067
897001, 0.562408290606070
898001, 0.586191177663267
899001, 0.546972361464918
900001, 0.560812771301902
901001, 0.550610329002969
902001, 0.552145794948607
903001, 0.555435249324991
904001, 0.569047502657684
905001, 0.572607513838612
906001, 0.552115274101163
907001, 0.618471008423344
908001, 0.547897323914390
909001, 0.566828107072266
910001, 0.556189295303391
911001, 0.566896741314872
912001, 0.539850704610936
913001, 0.545306967787416
914001, 0.540477458231870
915001, 0.540571381381250
916001, 0.541586655006324
917001, 0.559441183612618
918001, 0.538193138508206
919001, 0.564417242796897
920001, 0.538927286140841
921001, 0.538475073572779
922001, 0.561948008744399
923001, 0.542275050935691
924001, 0.537826694226708
925001, 0.560415616462798
926001, 0.539923557885216
927001, 0.543538790304145
928001, 0.592916091965354
929001, 0.559199226229983
930001, 0.561666707585860
931001, 0.534681005990107
932001, 0.546170538027185
933001, 0.534864797948283
934001, 0.551322258402626
935001, 0.531371230245870
936001, 0.535074487506231
937001, 0.528184121929003
938001, 0.607518801557298
939001, 0.552436521163582
940001, 0.561178677392165
941001, 0.568529811799312
942001, 0.547095239606148
943001, 0.538917856125715
944001, 0.532446138854564
945001, 0.597904685177013
946001, 0.547407068220197
947001, 0.593712218787714
948001, 0.543068791888961
949001, 0.600832661668496
950001, 0.532755361595415
951001, 0.549587623664705
952001, 0.534326591760754
953001, 0.624115413801644
954001, 0.547884245096855
955001, 0.600957403793752
956001, 0.604758228821081
957001, 0.525557327940198
958001, 0.529765465591189
959001, 0.552058001793945
960001, 0.525038798359766
961001, 0.546656132738757
962001, 0.549490166998175
963001, 0.526573530289225
964001, 0.576271251114261
965001, 0.546955787003066
966001, 0.530355824071603
967001, 0.576697535649615
968001, 0.534346983182907
969001, 0.548875680746126
970001, 0.542049075331078
971001, 0.546056350474274
972001, 0.520294871376410
973001, 0.623422302397075
974001, 0.518700617594014
975001, 0.521054576898711
976001, 0.571361142800130
977001, 0.592022986326397
978001, 0.520742837869802
979001, 0.521020387026406
980001, 0.522056553952325
981001, 0.560648667872608
982001, 0.546998397374167
983001, 0.557646879344126
984001, 0.526545778592351
985001, 0.536528198279458
986001, 0.567766431428661
987001, 0.544663929737261
988001, 0.515331632511587
989001, 0.540897315178475
990001, 0.520821246162815
991001, 0.519691386975606
992001, 0.519703559384560
993001, 0.513093804936230
994001, 0.511167266836733
995001, 0.511233064868307
996001, 0.641827492898680
997001, 0.525274446805549
998001, 0.569577130684929
999001, 0.513902417389408
1000001, 0.514174166586745
1001001, 0.558295930139596
1002001, 0.535245070683601
1003001, 0.530428150576635
1004001, 0.514339155712236
1005001, 0.515116488891927
1006001, 0.520194770812674
1007001, 0.521003291080850
1008001, 0.507106240173048
1009001, 0.597824286990807
1010001, 0.525843511208431
1011001, 0.505325747300087
1012001, 0.517797729691262
1013001, 0.522641596137090
1014001, 0.511788058299831
1015001, 0.511258015734053
1016001, 0.527772673312421
1017001, 0.512704435946421
1018001, 0.524935549872260
1019001, 0.533127989156383
1020001, 0.502019763230920
1021001, 0.503268275457170
1022001, 0.513845078525391
1023001, 0.525232802015753
1024001, 0.536123227131513
1025001, 0.551656884026911
1026001, 0.502283316068090
1027001, 0.518911799056983
1028001, 0.590073448755704
1029001, 0.536855495018484
1030001, 0.554503692294927
1031001, 0.533244716638023
1032001, 0.524084453747410
1033001, 0.561695087364088
1034001, 0.511864563376613
1035001, 0.593013659105534
1036001, 0.566676568048551
1037001, 0.570223036300538
1038001, 0.515549512879501
1039001, 0.508205211665597
1040001, 0.515577597115418
1041001, 0.507607974808082
1042001, 0.551469943089747
1043001, 0.584487796541488
1044001, 0.603989432612346
1045001, 0.497397073119870
1046001, 0.501360294803454
1047001, 0.502382225208382
1048001, 0.521802181402535
1049001, 0.497791452715712
1050001, 0.507091615662785
1051001, 0.522500313973427
1052001, 0.498097312829600
1053001, 0.539720948324431
1054001, 0.520101118550940
1055001, 0.502853566006555
1056001, 0.494477800086317
1057001, 0.506144322884185
1058001, 0.535182630943035
1059001, 0.527153876572856
1060001, 0.505068306882445
1061001, 0.493538686070271
1062001, 0.490602441405165
1063001, 0.521800624386776
1064001, 0.508636704339054
1065001, 0.603200168080395
1066001, 0.550037346988650
1067001, 0.569913290967202
1068001, 0.494360687686875
1069001, 0.488641229962649
1070001, 0.883326099691778
1071001, 0.490321757727897
1072001, 0.513982387387550
1073001, 0.491438195997828
1074001, 0.585109011299736
1075001, 0.505418662727038
1076001, 0.488018574490973
1077001, 0.513049037319110
1078001, 0.524413119682031
1079001, 0.508120474937161
1080001, 0.512984785023855
1081001, 0.541784500322475
1082001, 0.505398710063262
1083001, 0.499368022792426
1084001, 0.591674858601101
1085001, 0.509889314129874
1086001, 0.535722522353227
1087001, 0.494233489938128
1088001, 0.513420510084928
1089001, 0.487840917725124
1090001, 0.551370551614409
1091001, 0.533804257215102
1092001, 0.494097658413508
1093001, 0.510113716131086
1094001, 0.507075605447019
1095001, 0.491897773543595
1096001, 0.527091370028958
1097001, 0.485605914359731
1098001, 0.482444408427320
1099001, 0.515652174218194
1100001, 0.514981183111940
1101001, 0.486230785498804
1102001, 0.561711023543574
1103001, 0.554864619595036
1104001, 0.526623762202616
1105001, 0.505276839863100
1106001, 0.481520258281532
1107001, 0.493385083498144
1108001, 0.490023303104218
1109001, 0.505579285462304
1110001, 0.492970075003693
1111001, 0.480173127188807
1112001, 0.544541927903250
1113001, 0.480979984618451
1114001, 0.479176973801225
1115001, 0.489907965842354
1116001, 0.485437730556693
1117001, 0.496761849524891
1118001, 0.536208667809329
1119001, 0.481977510771515
1120001, 0.531489313940846
1121001, 0.480237075774544
1122001, 0.593491767370757
1123001, 0.537622293119868
1124001, 0.556558023633633
1125001, 0.527802834479364
1126001, 0.522284805139372
1127001, 0.520942794730865
1128001, 0.477588779685166
1129001, 0.480218193758134
1130001, 0.529350341118161
1131001, 0.474083063993152
1132001, 0.472374777215661
1133001, 0.469380350597125
1134001, 0.489594705158588
1135001, 0.472947427289129
1136001, 0.474240449583786
1137001, 0.472937844002784
1138001, 0.475101394045090
1139001, 0.496005226370781
1140001, 0.484312121852889
1141001, 0.468564480168472
1142001, 0.472478504420268
1143001, 0.488409251187143
1144001, 0.484937805089144
1145001, 0.499779520420182
1146001, 0.528283195722424
1147001, 0.464887200644372
1148001, 0.501112805144911
1149001, 0.485911579376735
1150001, 0.463160033125473
1151001, 0.478079220756844
1152001, 0.473748260546374
1153001, 0.502963044852762
1154001, 0.491349422041846
1155001, 0.465931723861261
1156001, 0.478859551761636
1157001, 0.485207489403471
1158001, 0.467434983827852
1159001, 0.471120485705299
1160001, 0.462360234877764
1161001, 0.508899096283295
1162001, 0.494352626963398
1163001, 0.461476029343903
1164001, 0.475772401574138
1165001, 0.479226574731909
1166001, 0.468289928093980
1167001, 0.476756938152931
1168001, 0.464710974803630
1169001, 0.464262542403489
1170001, 0.494021742841251
1171001, 0.467052662243952
1172001, 0.461017544473253
1173001, 0.477907234896967
1174001, 0.487946133510597
1175001, 0.479150041283040
1176001, 0.519363824215592
1177001, 0.470107464562130
1178001, 0.460252397536508
1179001, 0.484466794662578
1180001, 0.482885941939162
1181001, 0.484388972987062
1182001, 0.565406950520059
1183001, 0.549648902658710
1184001, 0.468733238085530
1185001, 0.478112005043776
1186001, 0.571609387214886
1187001, 0.456910765134864
1188001, 0.509378994475256
1189001, 0.466685312365816
1190001, 0.475677076779564
1191001, 0.454727516232796
1192001, 0.458658665347202
1193001, 0.485843894170254
1194001, 0.772950914988371
1195001, 0.455212797124982
1196001, 0.466560848298695
1197001, 0.562329582682194
1198001, 0.474571193876508
1199001, 0.536621534735233
1200001, 0.515874723833710
1201001, 0.489382931776130
1202001, 0.454462691311248
1203001, 0.461403352737734
1204001, 0.460005030996025
1205001, 0.478703522030905
1206001, 0.495035698273836
1207001, 0.467021293264147
1208001, 0.457280981568543
1209001, 0.500929153735647
1210001, 0.458010225995209
1211001, 0.580635547778461
1212001, 0.460369068882746
1213001, 0.499306535071009
1214001, 0.515509863312924
1215001, 0.466524527769959
1216001, 0.459520226292029
1217001, 0.497868127142378
1218001, 0.464022394564790
1219001, 0.481338897276679
1220001, 0.467889250306667
1221001, 0.539852347603395
1222001, 0.451640157183762
1223001, 0.457221402477942
1224001, 0.476248711951847
1225001, 0.500590099521278
1226001, 0.489642158021005
1227001, 0.467672864537416
1228001, 0.514054607744129
1229001, 0.550793969965796
1230001, 0.447432772049179
1231001, 0.516792923495794
1232001, 0.472327737678357
1233001, 0.467254845943830
1234001, 0.469292222244558
1235001, 0.481442214326614
1236001, 0.569720577884680
1237001, 0.459725910505032
1238001, 0.447719866625735
1239001, 0.458856478646266
1240001, 0.449190412767048
1241001, 0.881062974206434
1242001, 0.488573195696978
1243001, 0.452231580611689
1244001, 0.529369774038678
1245001, 0.485486655469523
1246001, 0.445383507460651
1247001, 0.456762127159757
1248001, 0.463993118244795
1249001, 0.445258505302695
1250001, 0.474130122319549
1251001, 0.610780228960736
1252001, 0.451923643506630
1253001, 0.441759408224810
1254001, 0.456571137685700
1255001, 0.506315101092699
1256001, 0.477229134035837
1257001, 0.444852575870048
1258001, 0.500023972808711
1259001, 0.435963367743877
1260001, 0.441798009740967
1261001, 0.471133433600365
1262001, 0.441418622564064
1263001, 0.532844108555592
1264001, 0.454158042949973
1265001, 0.451530269282173
1266001, 0.463201055347979
1267001, 0.446078940647450
1268001, 0.505027721099442
1269001, 0.462239811182889
1270001, 0.467680166140766
1271001, 0.467703869050471
1272001, 0.439259039651780
1273001, 0.481584726224674
1274001, 0.443364221044923
1275001, 0.459174612760408
1276001, 0.472488132732606
1277001, 0.449371798079003
1278001, 0.440365698172389
1279001, 0.453989166620999
1280001, 0.475374308663986
1281001, 0.564411201586545
1282001, 0.484034985036476
1283001, 0.451690296654657
1284001, 0.440685841131995
1285001, 0.538850612685550
1286001, 0.431144203326574
1287001, 0.432954548421947
1288001, 0.452191592569471
1289001, 0.511017061915119
1290001, 0.487503179631742
1291001, 0.458293947240699
1292001, 0.521015270792095
1293001, 0.433312575423756
1294001, 0.433364150679766
1295001, 0.432645324572250
1296001, 0.449180989995311
1297001, 0.449815613071992
1298001, 0.451854618385815
1299001, 0.446749314123325
1300001, 0.435152473341609
1301001, 0.436144823474677
1302001, 0.431036219605946
1303001, 0.538471237726270
1304001, 0.432709633744347
1305001, 0.458056858569318
1306001, 0.436051013157595
1307001, 0.450719710573236
1308001, 0.444482844110674
1309001, 0.476541228960163
1310001, 0.437783364582992
1311001, 0.438701823087155
1312001, 0.439915160934759
1313001, 0.429051899086386
1314001, 0.456773014538507
1315001, 0.489060293011250
1316001, 0.425140705525304
1317001, 0.425688465079918
1318001, 0.461764361529791
1319001, 0.428933444209673
1320001, 0.428354316458008
1321001, 0.433650165724294
1322001, 0.434734699419089
1323001, 0.442682806642823
1324001, 0.431115617499055
1325001, 0.431428347723847
1326001, 0.458448691706119
1327001, 0.561160389407613
1328001, 0.430888667524577
1329001, 0.538840162970552
1330001, 0.463535183302879
1331001, 0.434507348930269
1332001, 0.432522988512403
1333001, 0.430860256842247
1334001, 0.475934713742361
1335001, 0.441058030642941
1336001, 0.423294689199024
1337001, 0.452902494037120
1338001, 0.422921500306629
1339001, 0.426054121686745
1340001, 0.421504899398507
1341001, 0.419153289813127
1342001, 0.474162163549937
1343001, 0.446472318288995
1344001, 0.429384495065625
1345001, 0.420477936498834
1346001, 0.429629404928940
1347001, 0.420276949548762
1348001, 0.416082184393960
1349001, 0.454935409676393
1350001, 0.460350163938301
1351001, 0.419755326351714
1352001, 0.450656913434719
1353001, 0.474970647646695
1354001, 0.443780152512007
1355001, 0.417984794951569
1356001, 0.468638889551622
1357001, 0.495740380908148
1358001, 0.469311163618538
1359001, 0.472886020896333
1360001, 0.417319658645395
1361001, 0.416711655590254
1362001, 0.454773703189516
1363001, 0.439312285794654
1364001, 0.425260782652967
1365001, 0.463632391584351
1366001, 0.424034256012021
1367001, 0.415379273207986
1368001, 0.416558797585356
1369001, 0.416728711413189
1370001, 0.460888578884778
1371001, 0.416428986716416
1372001, 0.449787789134755
1373001, 0.458685746680438
1374001, 0.414418420567243
1375001, 0.421842696147391
1376001, 0.498960500233974
1377001, 0.436266181606143
1378001, 0.414290840150966
1379001, 0.422735528799735
1380001, 0.479719425098420
1381001, 0.466599287458179
1382001, 0.427447897403940
1383001, 0.409806705664216
1384001, 0.415597054395631
1385001, 0.410896772902352
1386001, 0.426894759660636
1387001, 0.430080810891533
1388001, 0.407227322167827
1389001, 0.426527522489710
1390001, 0.470650986306680
1391001, 0.430408815182561
1392001, 0.409210443672043
1393001, 0.439979944095202
1394001, 0.413398444972434
1395001, 0.409330084342746
1396001, 0.441070593976815
1397001, 0.406532375998166
1398001, 0.439188951148806
1399001, 0.439783195985601
1400001, 0.484066643476033
1401001, 0.456607214683398
1402001, 0.416205308290908
1403001, 0.434716890216883
1404001, 0.406876417588544
1405001, 0.449134609311008
1406001, 0.410783996850558
1407001, 0.419697027507505
1408001, 0.518769392187657
1409001, 0.409792438814173
1410001, 0.415827922394851
1411001, 0.409338395421300
1412001, 0.442740939561207
1413001, 0.409042447249188
1414001, 0.409957043321754
1415001, 0.425045927343437
1416001, 0.456461006507400
1417001, 0.404653367714490
1418001, 0.413034612439165
1419001, 0.402894543577727
1420001, 0.401682685057876
1421001, 0.421869821428167
1422001, 0.488402592575665
1423001, 0.448533937105148
1424001, 0.420088936667216
1425001, 0.427913365424991
1426001, 0.424042017399155
1427001, 0.401766813261434
1428001, 0.431314988420805
1429001, 0.403825924033253
1430001, 0.442495502962521
1431001, 0.406831702721797
1432001, 0.670681211119359
1433001, 0.460787636596649
1434001, 0.397962290741953
1435001, 0.412980205298062
1436001, 0.427371115908348
1437001, 0.395843869020004
1438001, 0.403031246541045
1439001, 0.417626290145434
1440001, 0.475318165978357
1441001, 0.479288670958424
1442001, 0.407085080188074
1443001, 0.397051937393725
1444001, 0.399441571009109
1445001, 0.439172717324456
1446001, 0.400129362539129
1447001, 0.404958271005245
1448001, 0.449108987380563
1449001, 0.402450484154815
1450001, 0.396692046129364
1451001, 0.440206627874298
1452001, 0.452564354660221
1453001, 0.419559206286513
1454001, 0.496236156652735
1455001, 0.402011017080502
1456001, 0.442901026384960
1457001, 0.478925240768673
1458001, 0.426088748922648
1459001, 0.442752072098661
1460001, 0.409842572228283
1461001, 0.423184540374559
1462001, 0.397394486996179
1463001, 0.471669172883323
1464001, 0.404668293756558
1465001, 0.412252935808630
1466001, 0.394001034591566
1467001, 0.444895550107345
1468001, 0.415941105049709
1469001, 0.419177862173576
1470001, 0.440545324203146
1471001, 0.420079018282039
1472001, 0.447562654962344
1473001, 0.391785109065475
1474001, 0.411987198610419
1475001, 0.413274642571600
1476001, 0.393280268764654
1477001, 0.469190402597220
1478001, 0.414330286801687
1479001, 0.418460511026152
1480001, 0.406204397967024
1481001, 0.415453191833592
1482001, 0.422695312500789
1483001, 0.468747488879666
1484001, 0.390481725502324
1485001, 0.394642488633411
1486001, 0.404715678501622
1487001, 0.403769901344503
1488001, 0.451863763838859
1489001, 0.417997094632655
1490001, 0.433675419109517
1491001, 0.398736565551115
1492001, 0.498801087764944
1493001, 0.447377185813593
1494001, 0.387025752709636
1495001, 0.395254450577872
1496001, 0.420393305191011
1497001, 0.446276415110327
1498001, 0.388792455733103
1499001, 0.431511392627992
1500001, 0.392655496841638
1501001, 0.427999906415900
1502001, 0.498553350528086
1503001, 0.469956784618836
1504001, 0.399206200765685
1505001, 0.396685317126090
1506001, 0.461081726403794
1507001, 0.400973249974848
1508001, 0.397570697073488
1509001, 0.385565292152942
1510001, 0.410748087312087
1511001, 0.410914098819806
1512001, 0.481146278483336
1513001, 0.431148232050318
1514001, 0.427168996489993
1515001, 0.401106323950234
1516001, 0.397803184955878
1517001, 0.434003503325297
1518001, 0.415678331384319
1519001, 0.419616105196131
1520001, 0.388976756449449
1521001, 0.381858619913825
1522001, 0.411609579414895
1523001, 0.463774817608661
1524001, 0.390829410462434
1525001, 0.384463713370750
1526001, 0.404085348466561
1527001, 0.381780389380780
1528001, 0.384350782072476
1529001, 0.435687643642977
1530001, 0.387198747561163
1531001, 0.435978963091623
1532001, 0.392115759708991
1533001, 0.380214710417509
1534001, 0.381012682046030
1535001, 0.378948649338154
1536001, 0.427523001650214
1537001, 0.379614393180481
1538001, 0.376829064536622
1539001, 0.379080729173867
1540001, 0.415539149180486
1541001, 0.386923129192531
1542001, 0.419985805881685
1543001, 0.378350911149554
1544001, 0.380761418591320
1545001, 0.474464770532216
1546001, 0.404226984102978
1547001, 0.433204098514596
1548001, 0.435618039670033
1549001, 0.373404897367149
1550001, 0.376318215218741
1551001, 0.385003053968470
1552001, 0.384381207620214
1553001, 0.442405073492404
1554001, 0.379094787059621
1555001, 0.420486312213729
1556001, 0.384417997464992
1557001, 0.427752838218829
1558001, 0.383624294921899
1559001, 0.386407053089933
1560001, 0.373723474120070
1561001, 0.379266472821750
1562001, 0.366680702745042
1563001, 0.367021993897542
1564001, 0.366672246033185
1565001, 0.412671836079713
1566001, 0.367545621737182
1567001, 0.417201406723426
1568001, 0.383475306044438
1569001, 0.384460893650399
1570001, 0.372032462446915
1571001, 0.369859283606068
1572001, 0.371545161862119
1573001, 0.386262292054374
1574001, 0.719300085169366
1575001, 0.440437061752162
1576001, 0.373603027713349
1577001, 0.389653911874688
1578001, 0.453654859933846
1579001, 0.407091406648003
1580001, 0.406472396543147
1581001, 0.368349457256027
1582001, 0.396347112744900
1583001, 0.364671753210997
1584001, 0.390181747348865
1585001, 0.406441855411768
1586001, 0.367240126653154
1587001, 0.370421911655006
1588001, 0.394926849161308
1589001, 0.396910931093548
1590001, 0.367819961975507
1591001, 0.382633029267434
1592001, 0.396041717232589
1593001, 0.383566632014151
1594001, 0.374393597037853
1595001, 0.366395709858700
1596001, 0.374223035660455
1597001, 0.361078932731925
1598001, 0.398138808818548
1599001, 0.414393178651250
1600001, 0.367706836496828
1601001, 0.367369816124891
1602001, 0.393205743864619
1603001, 0.368046080201235
1604001, 0.380271180849144
1605001, 0.362578663906580
1606001, 0.397164145194757
1607001, 0.399040279139394
1608001, 0.370835271303039
1609001, 0.372030528050014
1610001, 0.370974953652586
1611001, 0.389714697738627
1612001, 0.372855250199612
1613001, 0.400863873434768
1614001, 0.361185458808378
1615001, 0.368083215354166
1616001, 0.711488084085611
1617001, 0.414593558257393
1618001, 0.389471460985875
1619001, 0.382033899705852
1620001, 0.390121406354420
1621001, 0.359985881578307
1622001, 0.357706758074645
1623001, 0.381971513537039
1624001, 0.380063813358676
1625001, 0.359902660387930
1626001, 0.426459653893440
1627001, 0.369605991198750
1628001, 0.479506315440361
1629001, 0.365780652986466
1630001, 0.386703911092285
1631001, 0.359200771388211
1632001, 0.417359821319531
1633001, 0.408728359430917
1634001, 1.009545687062491
1635001, 0.383646810059128
1636001, 0.464395201540609
1637001, 0.580527760669463
1638001, 0.394420411120846
1639001, 0.366026780271980
1640001, 0.391728897780094
1641001, 0.391707049876214
1642001, 0.359286571913883
1643001, 0.362572283662734
1644001, 0.369549310554140
1645001, 0.392211959728339
1646001, 0.420485250512330
1647001, 0.404988957393007
1648001, 0.370611836020942
1649001, 0.490112281523122
1650001, 0.576034288201550
1651001, 0.358584864702925
1652001, 0.357107383096134
1653001, 0.416971981450444
1654001, 0.352638332065249
1655001, 0.357171852646110
1656001, 0.386936850545590
1657001, 0.367884946961332
1658001, 0.399983374729394
1659001, 0.374562736508439
1660001, 0.387356183461505
1661001, 0.375497563243903
1662001, 0.367023150209941
1663001, 0.354787035563751
1664001, 0.362735938732720
1665001, 0.380768183458249
1666001, 0.363526884490104
1667001, 0.393702014493652
1668001, 0.376900366836531
1669001, 0.503615539800436
1670001, 0.386461363251591
1671001, 0.353118282179034
1672001, 0.381412990262013
1673001, 0.356474737334855
1674001, 0.359089454470856
1675001, 0.371842938552047
1676001, 0.509665948939234
1677001, 0.350938718452668
1678001, 0.371088905401870
1679001, 0.353023583889715
1680001, 0.617848458166559
1681001, 0.369748058212760
1682001, 0.501396981793298
1683001, 0.352020407182894
1684001, 0.351079642224043
1685001, 0.364913638379143
1686001, 0.369260265726349
1687001, 0.395457357778751
1688001, 0.363711422620722
1689001, 0.352748786871160
1690001, 0.349861685222492
1691001, 0.377230335308066
1692001, 0.378796272847071
1693001, 0.394125273080496
1694001, 0.372157212850320
1695001, 0.347169602052409
1696001, 0.427649074836024
1697001, 0.391358763555621
1698001, 0.346076495216854
1699001, 0.350418418116192
1700001, 0.345658634703895
1701001, 0.466404050599318
1702001, 0.381243442364192
1703001, 0.355381899081792
1704001, 0.387655531979571
1705001, 0.392360415144140
1706001, 0.353771055657652
1707001, 0.348908159393461
1708001, 0.448716002070513
1709001, 0.357522741293139
1710001, 0.374359490120746
1711001, 0.376427422664089
1712001, 0.366528189585961
1713001, 0.357190595701927
1714001, 0.371868447744307
1715001, 0.380144511187528
1716001, 0.346833120789141
1717001, 0.432786585772614
1718001, 0.347025494245185
1719001, 0.388951556103076
1720001, 0.391339378088911
1721001, 0.450281591975272
1722001, 0.338842012921555
1723001, 0.530050356765718
1724001, 0.385172548295852
1725001, 0.462317954679601
1726001, 0.385902796994411
1727001, 0.339917198606704
1728001, 0.375720199725936
1729001, 0.352804578162108
1730001, 0.425059157067362
1731001, 0.347959087628576
1732001, 0.341437860612124
1733001, 0.346468961680756
1734001, 0.370579151123921
1735001, 0.378134431426591
1736001, 0.336481984236599
1737001, 0.375349599038226
1738001, 0.379136568735435
1739001, 0.335332522288758
1740001, 0.375326867757965
1741001, 0.357526150561782
1742001, 0.437235638582672
1743001, 0.387544403408742
1744001, 0.337746794304025
1745001, 0.395068751173444
1746001, 0.349655520901537
1747001, 0.609163298127816
1748001, 0.359462557093384
1749001, 0.629497358494515
1750001, 0.344987367682556
1751001, 0.347344003985282
1752001, 0.339676988005511
1753001, 0.368533952329806
1754001, 0.415066312453481
1755001, 0.387148350921900
1756001, 0.338750130234524
1757001, 0.643706247283034
1758001, 0.364391434233635
1759001, 0.355136610318612
1760001, 0.394119172726469
1761001, 0.346952141538054
1762001, 0.354431364948462
1763001, 0.341429275178661
1764001, 0.347788093735153
1765001, 0.348683263837149
1766001, 0.398980578109270
1767001, 0.333166672702947
1768001, 0.397097753548202
1769001, 0.333764415179436
1770001, 0.358943721144505
1771001, 0.354846361921143
1772001, 0.340446821156484
1773001, 0.388391401279544
1774001, 0.407867766258175
1775001, 0.335050413419225
1776001, 0.344207502744781
1777001, 0.340327328126794
1778001, 0.402616214563616
1779001, 0.345748180068971
1780001, 0.357109066614683
1781001, 0.345851855861075
1782001, 0.404964017226910
1783001, 0.340079536593785
1784001, 0.342473847307556
1785001, 0.360876222102849
1786001, 0.329385510178135
1787001, 0.335327833935751
1788001, 0.424618935676552
1789001, 0.364037500737553
1790001, 0.374773139909507
1791001, 0.331759712607721
1792001, 0.373154892837631
1793001, 0.360472683948285
1794001, 0.355161840144830
1795001, 0.378619464701825
1796001, 0.373578759194135
1797001, 0.349395350434464
1798001, 0.436328516162176
1799001, 0.344756406139893
1800001, 0.370523876733285
1801001, 0.347945007228732
1802001, 0.342785883183527
1803001, 0.350211362256108
1804001, 0.354420148258019
1805001, 0.336314095253205
1806001, 0.321310837428382
1807001, 0.328106972909189
1808001, 0.327700908668794
1809001, 0.321793007480611
1810001, 0.336652002316047
1811001, 0.323662789659299
1812001, 0.323579582599128
1813001, 0.326345166102055
1814001, 0.787777856128242
1815001, 0.320901333195250
1816001, 0.377816906040457
1817001, 0.372139851920963
1818001, 0.360523564310967
1819001, 0.319600660661956
1820001, 0.367763713703717
1821001, 0.337999058136717
1822001, 0.322581379665223
1823001, 0.320631068448984
1824001, 0.341501113986223
1825001, 0.391048534283993
1826001, 0.421308469060466
1827001, 0.322082920835468
1828001, 0.349519783128763
1829001, 0.335014795812238
1830001, 0.392808620401809
1831001, 0.428830811179220
1832001, 0.333824475448121
1833001, 0.321935669431268
1834001, 0.324682733332814
1835001, 0.341458615903988
1836001, 0.322462732099565
1837001, 0.361591487852406
1838001, 0.515511758992129
1839001, 0.477002818895483
1840001, 0.346361235494067
1841001, 0.394687975463485
1842001, 0.340996387122214
1843001, 0.354037233610916
1844001, 0.344855966328212
1845001, 0.383101195798579
1846001, 0.344425826226220
1847001, 0.382864774317840
1848001, 0.374995929651568
1849001, 0.460698750692769
1850001, 0.392364526527857
1851001, 0.329130375420020
1852001, 0.383082723977345
1853001, 0.456769867716214
1854001, 0.348144831816586
1855001, 0.337416927635665
1856001, 0.329608309060549
1857001, 0.364158614533806
1858001, 0.357954732418540
1859001, 0.388110565496183
1860001, 0.338823837258814
1861001, 0.318761330504879
1862001, 0.362077574406946
1863001, 0.412504893186994
1864001, 0.421414425345405
1865001, 0.338885621918795
1866001, 0.404985086055900
1867001, 0.441598413020817
1868001, 0.315886537863824
1869001, 0.408784311718122
1870001, 0.339866923052997
1871001, 0.414926854283094
1872001, 0.332059005762652
1873001, 0.328606197479034
1874001, 0.511288197346382
1875001, 0.357688809758182
1876001, 0.440909118080477
1877001, 0.348625223827999
1878001, 0.394139646178592
1879001, 0.320536092027917
1880001, 0.318155801744605
1881001, 0.451959889190202
1882001, 0.330857500139857
1883001, 0.356122498943639
1884001, 0.322261824530030
1885001, 0.336386403326527
1886001, 0.321033955183447
1887001, 0.327817209145867
1888001, 0.377415308683396
1889001, 0.315886938110428
1890001, 0.315946470684822
1891001, 0.359205344825437
1892001, 0.321501270657450
1893001, 0.342625118384546
1894001, 0.327714638517177
1895001, 0.362030519811500
1896001, 0.307878108894425
1897001, 0.349945881329368
1898001, 0.347176119530525
1899001, 0.439597986319826
1900001, 0.326435853261723
1901001, 0.376347075814345
1902001, 0.376481515663814
1903001, 0.362171983117420
1904001, 0.363226982886781
1905001, 0.315752584626191
1906001, 0.318865739261328
1907001, 0.325616931556444
1908001, 0.369040400951254
1909001, 0.327857218266898
1910001, 0.326177855497286
1911001, 0.303503744669439
1912001, 0.369807938752063
1913001, 0.349737257905710
1914001, 0.329269677490301
1915001, 0.305552306739086
1916001, 0.386619746821045
1917001, 0.367780895282474
1918001, 0.313019734860430
1919001, 0.350384963097091
1920001, 0.325781475229550
1921001, 0.312685251458652
1922001, 0.332818631788534
1923001, 0.320822344037393
1924001, 0.340417411992787
1925001, 0.307767558289349
1926001, 0.425923002301708
1927001, 0.310485583535039
1928001, 0.416498282212966
1929001, 0.305129253080966
1930001, 0.314109413319263
1931001, 0.383130123406323
1932001, 0.299819591090284
1933001, 0.299148702275378
1934001, 0.372353716550762
1935001, 0.300868618444486
1936001, 0.358540967500071
1937001, 0.300783543102518
1938001, 0.330284877906116
1939001, 0.300480010798735
1940001, 0.350890579785042
1941001, 0.355193009753967
1942001, 0.309747696150832
1943001, 0.301280137382560
1944001, 0.456167138462052
1945001, 0.339223952949888
1946001, 0.340989304031235
1947001, 0.320634136647769
1948001, 0.399035652086504
1949001, 0.338530406240849
1950001, 0.323752515498000
1951001, 0.302916860806434
1952001, 0.305296001725973
1953001, 0.530149311259116
1954001, 0.312733885700625
1955001, 0.301937179051875
1956001, 0.368788180620757
1957001, 0.297124466670683
1958001, 0.358458965798262
1959001, 0.324242584659797
1960001, 0.363782939756360
1961001, 0.313759730538232
1962001, 0.376800496855109
1963001, 0.321568186503433
1964001, 0.303859722718454
1965001, 0.301691447677986
1966001, 0.353795493808484
1967001, 0.311750921409988
1968001, 0.337313837544479
1969001, 0.324762641160282
1970001, 0.370877855157581
1971001, 0.312408613082107
1972001, 0.335527092136971
1973001, 0.388926523438876
1974001, 0.433281993863577
1975001, 0.323602339569107
1976001, 0.304221730588161
1977001, 0.307164462840975
1978001, 0.298818970112128
1979001, 0.304760404558218
1980001, 0.305895501073255
1981001, 0.333564634627517
1982001, 0.332158001465047
1983001, 0.318078700999962
1984001, 0.322477712649890
1985001, 0.339930784315829
1986001, 0.326130117413350
1987001, 0.387766292927944
1988001, 0.319257458258524
1989001, 0.441132205304849
1990001, 0.355958248272850
1991001, 0.297284864894539
1992001, 0.303847532285642
1993001, 0.297073843536655
1994001, 0.304598995746079
1995001, 0.382016069862870
1996001, 0.320888672155586
1997001, 0.340430651091077
1998001, 0.342591433958424
1999001, 0.316347577484951
2000001, 0.345387644014970
2001001, 0.306492282397652
2002001, 0.321274865565078
2003001, 0.313363924778882
2004001, 0.341712080625649
2005001, 0.293631166133034
2006001, 0.324651109303791
2007001, 0.438106586612643
2008001, 0.312973651004778
2009001, 0.345734821838293
2010001, 0.338519388628339
2011001, 0.333852030297801
2012001, 0.324032973452954
2013001, 0.368366527005377
2014001, 0.387072086756900
2015001, 0.313153778342024
2016001, 0.332151929350071
2017001, 0.331698787191194
2018001, 0.346854831115269
2019001, 0.328337380764348
2020001, 0.317288338818795
2021001, 0.292613528823683
2022001, 0.466280107468152
2023001, 0.378160527395032
2024001, 0.291585168115130
2025001, 0.311333714246740
2026001, 0.367426559754982
2027001, 0.291602972025742
2028001, 0.295733608528763
2029001, 0.287574447173952
2030001, 0.328774712356488
2031001, 0.409156967959649
2032001, 0.297023815396297
2033001, 0.314624428647488
2034001, 0.336109992681074
2035001, 0.301519844229783
2036001, 0.304790020463146
2037001, 0.400850749689922
2038001, 0.305211404787389
2039001, 0.298872043776198
2040001, 0.347571500898543
2041001, 0.290958126860818
2042001, 0.315709943100274
2043001, 0.446927947690789
2044001, 0.328152110964126
2045001, 0.309492485039398
2046001, 0.356241098471147
2047001, 0.389255300434993
2048001, 0.346504025220236
2049001, 0.304967519579631
2050001, 0.341835199302037
2051001, 0.325692363297597
2052001, 0.500180384197168
2053001, 0.330809306895790
2054001, 0.286323382309368
2055001, 0.353650220201211
2056001, 0.304203280164206
2057001, 0.284831562135829
2058001, 0.287017357168046
2059001, 0.324130133708056
2060001, 0.459953436670346
2061001, 0.297541243204569
2062001, 0.337743321324611
2063001, 0.502648422157649
2064001, 0.308759315203925
2065001, 0.286964472499935
2066001, 0.300843214128729
2067001, 0.284641739953179
2068001, 0.287128800278807
2069001, 0.293954150646171
2070001, 0.333988578620925
2071001, 0.325587870697233
2072001, 0.374879591846664
2073001, 0.309201509673177
2074001, 0.319718852827769
2075001, 0.355221069629357
2076001, 0.356662523572281
2077001, 0.284747451824418
2078001, 0.279760943663350
2079001, 0.305467862207910
2080001, 0.427928750032500
2081001, 0.300936459588502
2082001, 0.325845045564280
2083001, 0.310291220084832
2084001, 0.280706911156284
2085001, 0.279997363864633
2086001, 0.288786240907609
2087001, 0.281229587885665
2088001, 0.460339903984485
2089001, 0.279159651834276
2090001, 0.334295691431437
2091001, 0.297222639923866
2092001, 0.300811152330818
2093001, 0.300397710904109
2094001, 0.295499101703115
2095001, 0.301156973659995
2096001, 0.285057262713646
2097001, 0.478711259510809
2098001, 0.334279338663616
2099001, 0.405658708789586
2100001, 0.346370796690739
2101001, 0.358290968170575
2102001, 0.298206540946094
2103001, 0.330677171004718
2104001, 0.283450037816852
2105001, 0.299694506400321
2106001, 0.429837887335744
2107001, 0.282335354124522
2108001, 0.320608551165601
2109001, 0.278288489039684
2110001, 0.280918009474659
2111001, 0.279559318175332
2112001, 0.289806845394754
2113001, 0.275774525902317
2114001, 0.291772694210824
2115001, 0.283937197403102
2116001, 0.276655094548040
2117001, 0.330159021361656
2118001, 0.277977849939628
2119001, 0.280697959448113
2120001, 0.309929014015825
2121001, 0.331020215541561
2122001, 0.375780308575829
2123001, 0.288017530055540
2124001, 0.435571516883764
2125001, 0.282336948572196
2126001, 0.285853932238876
2127001, 0.302213854440714
2128001, 0.366326314432493
2129001, 0.318835428024488
2130001, 0.394426674260895
2131001, 0.284342150423309
2132001, 0.293196254073432
2133001, 0.302915623664847
2134001, 0.277233393475840
2135001, 0.361142770369692
2136001, 0.275356695053271
2137001, 0.309076659118173
2138001, 0.291257927670890
2139001, 0.275558167046699
2140001, 0.387935051526174
2141001, 0.398763643489900
2142001, 0.339472754235390
2143001, 0.290998553776081
2144001, 0.351283932782423
2145001, 0.702041576440599
2146001, 0.288171567762291
2147001, 0.292643430521011
2148001, 0.334186485469742
2149001, 0.278392486019651
2150001, 0.335179024193475
2151001, 0.353449655445778
2152001, 0.301966523158444
2153001, 0.309013330873036
2154001, 0.288633459886509
2155001, 0.285753128016241
2156001, 0.281034714942333
2157001, 0.334146527547130
2158001, 0.379533380725863
2159001, 0.275976544626018
2160001, 0.449840237791024
2161001, 0.305235760140686
2162001, 0.310037038196967
2163001, 0.374559633224094
2164001, 0.277478544682804
2165001, 0.294960360107840
2166001, 0.326925490595054
2167001, 0.268324576772009
2168001, 0.271783574901034
2169001, 0.323483577330059
2170001, 0.278373232228665
2171001, 0.371427279519620
2172001, 0.272582034625354
2173001, 0.302593021844240
2174001, 0.281783215286992
2175001, 0.296495725957414
2176001, 0.291842076856427
2177001, 0.304680221037246
2178001, 0.326682766238930
2179001, 0.293897104270035
2180001, 0.270700990082164
2181001, 0.266765652230176
2182001, 0.343360490432328
2183001, 0.362797287874594
2184001, 0.271847283139982
2185001, 0.299000408396456
2186001, 0.306819766992165
2187001, 0.281459686049044
2188001, 0.311982849825684
2189001, 0.264998713619756
2190001, 0.275436575686012
2191001, 0.366281811786701
2192001, 0.280973804293815
2193001, 0.267513210539860
2194001, 0.301751407587385
2195001, 0.287859221795839
2196001, 0.285062284708275
2197001, 0.301285208081307
2198001, 0.317407461004975
2199001, 0.282665280047709
2200001, 0.265787864466060
2201001, 0.370744888004407
2202001, 0.303994051999460
2203001, 0.279115058396594
2204001, 0.361221021790339
2205001, 0.284817482183778
2206001, 0.332837493557068
2207001, 0.367923072286880
2208001, 0.376060125825257
2209001, 0.260155706612392
2210001, 0.271536904604311
2211001, 0.302516358364934
2212001, 0.306941386495054
2213001, 0.294791485434772
2214001, 0.265131725468722
2215001, 0.271523522903120
2216001, 0.280944497996331
2217001, 0.292833955998748
2218001, 0.291631038818601
2219001, 0.303739192141216
2220001, 0.269801855749329
2221001, 0.314074397420394
2222001, 0.288760279647624
2223001, 0.291550854507910
2224001, 0.270824524862230
2225001, 0.340836658963810
2226001, 0.287969248684267
2227001, 0.302459445294400
2228001, 0.268178300374035
2229001, 0.258904738769937
2230001, 0.276481468298364
2231001, 0.264253544270455
2232001, 0.275810465499972
2233001, 0.345145436496270
2234001, 0.308545300010149
2235001, 0.342944614125514
2236001, 0.274126453406192
2237001, 0.284000574447692
2238001, 0.294602762771824
2239001, 0.279476737553320
2240001, 0.322214689472471
2241001, 0.280231890310983
2242001, 0.262640323302897
2243001, 0.268015859097930
2244001, 0.291213950417262
2245001, 0.376422722391020
2246001, 0.325186984719826
2247001, 0.273021372915825
2248001, 0.279713774678379
2249001, 0.301647661376572
2250001, 0.263049318403188
2251001, 0.256513819647553
2252001, 0.289351784444938
2253001, 0.263475427945789
2254001, 0.258851255532790
2255001, 0.298064597215490
2256001, 0.268428419856988
2257001, 0.292528246214127
2258001, 0.259164245739810
2259001, 0.259531954779554
2260001, 0.270566369050685
2261001, 0.474978243806205
2262001, 0.297851764090340
2263001, 0.285098242641720
2264001, 0.385680762552592
2265001, 0.263958890350910
2266001, 0.318416817292016
2267001, 0.321795573934463
2268001, 0.274322826101960
2269001, 0.327244460685161
2270001, 0.267644560073911
2271001, 0.253591430809339
2272001, 0.286598140271051
2273001, 0.309436580484686
2274001, 0.255637993447269
2275001, 0.267683414922743
2276001, 0.258922935831000
2277001, 0.269043740647707
2278001, 0.290286638347801
2279001, 0.352197520208998
2280001, 0.314748096000873
2281001, 0.282399316610268
2282001, 0.353148955955618
2283001, 0.275539912669664
2284001, 0.265814169143766
2285001, 0.272081021454161
2286001, 0.283605569072993
2287001, 0.293024951647891
2288001, 0.316758450182397
2289001, 0.252063433099748
2290001, 0.290218413282282
2291001, 0.277729184044834
2292001, 0.322712652420995
2293001, 0.288016356428399
2294001, 0.311774963289538
2295001, 0.274269281220338
2296001, 0.301543631822842
2297001, 0.261448056527509
2298001, 0.352807013697699
2299001, 0.277059998316105
2300001, 0.349142207207271
2301001, 0.375984938841081
2302001, 0.265707958097353
2303001, 0.309014296621873
2304001, 0.278678274427374
2305001, 0.267860481922322
2306001, 0.274167018307327
2307001, 0.251368363359702
2308001, 0.282963734406045
2309001, 0.296163030225513
2310001, 0.267599830763979
2311001, 0.256026558386171
2312001, 0.309310426058251
2313001, 0.305538729084293
2314001, 0.290826461627864
2315001, 0.261582415255035
2316001, 0.361739801922972
2317001, 0.348392104160147
2318001, 0.256138177430081
2319001, 0.299829507015092
2320001, 0.349552147383967
2321001, 0.315976584055528
2322001, 0.280798913171793
2323001, 0.282250650810978
2324001, 0.281973560452338
2325001, 0.255936536023243
2326001, 0.374408200975650
2327001, 1.169423606681726
2328001, 0.288724437245139
2329001, 0.300197793302418
2330001, 0.376517283842327
2331001, 0.287508945822245
2332001, 0.251894125215826
2333001, 0.258914094094054
2334001, 0.322654434279195
2335001, 0.276687758101388
2336001, 0.324710384085124
2337001, 0.521759704011534
2338001, 0.244286116930775
2339001, 0.324846847118328
2340001, 0.310342555486448
2341001, 0.274619969665783
2342001, 0.256463024228207
2343001, 0.253039273987913
2344001, 0.266266966137584
2345001, 0.268168193200212
2346001, 0.359035325481091
2347001, 0.278932335390661
2348001, 0.283182747566567
2349001, 0.277925081433549
2350001, 0.306607400321962
2351001, 0.289864086263888
2352001, 0.296918463151417
2353001, 0.247782336295553
2354001, 0.333395950219639
2355001, 0.244841023228400
2356001, 0.249063227658009
2357001, 0.369773867516630
2358001, 0.345298445067102
2359001, 0.381413635622472
2360001, 0.264531105439113
2361001, 0.293476050312229
2362001, 0.250919597902640
2363001, 0.283668698168308
2364001, 0.248876838223416
2365001, 0.259800964410763
2366001, 0.246543643756834
2367001, 0.477775228394242
2368001, 0.261450608568160
2369001, 0.350211685857903
2370001, 0.325919948816421
2371001, 0.285529854528174
2372001, 0.264664710907846
2373001, 0.245993554559991
2374001, 0.265046495714492
2375001, 0.310318788912702
2376001, 0.324448857186787
2377001, 0.249280245582381
2378001, 0.258424094648309
2379001, 0.263251384285526
2380001, 0.252338468389760
2381001, 0.328529715137096
2382001, 0.735431641093631
2383001, 0.254662335562251
2384001, 0.383497957360864
2385001, 0.303682027450842
2386001, 0.257035512598297
2387001, 0.235041223728411
2388001, 0.281331745390245
2389001, 0.261507600235621
2390001, 0.235657563778225
2391001, 0.278225773343045
2392001, 0.294258227675776
2393001, 0.302582704532830
2394001, 0.255020118371804
2395001, 0.401243426448316
2396001, 0.241151440460567
2397001, 0.248369764814365
2398001, 0.285161745834559
2399001, 0.303298556849321
2400001, 0.255240652689350
2401001, 0.296631672130114
2402001, 0.329683680846233
2403001, 0.294303606609300
2404001, 0.231978715835609
2405001, 0.252313448684174
2406001, 0.271759484605168
2407001, 0.350766493114130
2408001, 0.278324221206385
2409001, 0.368049008536502
2410001, 0.271245184255543
2411001, 0.294199696047091
2412001, 0.301715019112621
2413001, 0.268211523956499
2414001, 0.242010952000325
2415001, 0.261438528776574
2416001, 0.245747664113168
2417001, 0.233717149329812
2418001, 0.314802317921061
2419001, 0.331376072831927
2420001, 0.249319203985243
2421001, 0.292898500931330
2422001, 0.234207466788782
2423001, 0.245557198809640
2424001, 0.260713523374806
2425001, 0.245263941874976
2426001, 0.270910653689446
2427001, 0.239997767573997
2428001, 0.236497884443081
2429001, 0.301805519467603
2430001, 0.236914780482928
2431001, 0.272430577606904
2432001, 0.296583789827820
2433001, 0.251240009491582
2434001, 0.315526266424657
2435001, 0.246957666903468
2436001, 0.262047147593292
2437001, 0.386902142755160
2438001, 0.262759132682953
2439001, 0.326264376561198
2440001, 0.272534438749700
2441001, 0.352689678887844
2442001, 0.288315955164673
2443001, 0.232832629264538
2444001, 0.287580241151403
2445001, 0.228761793748306
2446001, 0.230119600122025
2447001, 0.255203976662585
2448001, 0.232488579762412
2449001, 0.262335205847736
2450001, 0.277789732162423
2451001, 0.245481807113560
2452001, 0.327810881331739
2453001, 0.294080452235049
2454001, 0.231156110295237
2455001, 0.338659320030629
2456001, 0.253972598920513
2457001, 0.248442114910248
2458001, 0.235570080384944
2459001, 0.261340034745630
2460001, 0.380471809343430
2461001, 0.247746195550405
2462001, 0.265784832447761
2463001, 0.285878405904349
2464001, 0.305708086354728
2465001, 0.229361092518201
2466001, 0.244496423855505
2467001, 0.281955817186412
2468001, 0.223652398824009
2469001, 0.255578185568223
2470001, 0.318410400757896
2471001, 0.285548471743350
2472001, 0.396526781555160
2473001, 0.223581305702618
2474001, 0.275124686074536
2475001, 0.351414372004518
2476001, 0.227205092720807
2477001, 0.231012790097521
2478001, 0.259851342480552
2479001, 0.243197565704040
2480001, 0.288915012441865
2481001, 0.309062327209837
2482001, 0.226565138883561
2483001, 0.230674661433442
2484001, 0.306742057743891
2485001, 0.271762558269011
2486001, 0.251545070860064
2487001, 0.367832080814966
2488001, 0.221652313533510
2489001, 0.407080659722276
2490001, 0.376064002437377
2491001, 0.239081090481686
2492001, 0.280351223633374
2493001, 0.394005840979373
2494001, 0.237048307903454
2495001, 0.235933681417076
2496001, 0.225641898721298
2497001, 0.237957607793410
2498001, 0.251320416511515
2499001, 0.312188618556992
2500001, 0.241526728678591
2501001, 0.276889763049844
2502001, 0.280559998431002
2503001, 0.229377090183512
2504001, 0.304570907360294
2505001, 0.248122848041094
2506001, 0.237247547706246
2507001, 0.273563882429193
2508001, 0.271621839701623
2509001, 0.238149609528825
2510001, 0.228414043903146
2511001, 0.288255364155389
2512001, 0.224477501744175
2513001, 0.344913997469205
2514001, 0.284118204003609
2515001, 0.227716573830757
2516001, 0.305686420914383
2517001, 0.248109017485746
2518001, 0.255003714085121
2519001, 0.221578592121913
2520001, 0.225227719707996
2521001, 0.218402466898090
2522001, 0.392283969879886
2523001, 0.293251416048039
2524001, 0.228286251583993
2525001, 0.239075059781956
2526001, 0.227842389251130
2527001, 0.277131443319684
2528001, 0.242065660206523
2529001, 0.275983811708790
2530001, 0.346012644477009
2531001, 0.221884243005704
2532001, 0.227379487141715
2533001, 0.238823277986970
2534001, 0.368226224798038
2535001, 0.214945419022620
2536001, 0.220804601538750
2537001, 0.297367808954270
2538001, 0.227978030509947
2539001, 0.243188427520137
2540001, 0.360157652840243
2541001, 0.217840076934474
2542001, 0.285685930078012
2543001, 0.380232139813885
2544001, 0.249990279322068
2545001, 0.277929886280902
2546001, 0.247239235193310
2547001, 0.228784141756410
2548001, 0.217592331709822
2549001, 0.227509692785519
2550001, 0.330006444009107
2551001, 0.231295553487794
2552001, 0.268816669519737
2553001, 0.284289369418486
2554001, 0.267359443654638
2555001, 0.332858615840803
2556001, 0.314129909120867
2557001, 0.316296747123604
2558001, 0.388427937660997
2559001, 0.270818835984605
2560001, 0.303187143283317
2561001, 0.282369268656280
2562001, 0.265324056600086
2563001, 0.254723047252745
2564001, 0.224646173847734
2565001, 0.310479504661501
2566001, 0.220484541347579
2567001, 0.249972315519321
2568001, 0.247338635868453
2569001, 0.243791637650142
2570001, 0.312040900914701
2571001, 0.214765674227182
2572001, 0.358666117238110
2573001, 0.275261280364823
2574001, 0.210961292408675
2575001, 0.212130173777194
2576001, 0.353213051644679
2577001, 0.224952820053691
2578001, 0.219961533764296
2579001, 0.236827249899300
2580001, 0.243805724507239
2581001, 0.210300790558603
2582001, 0.245146077252647
2583001, 0.225263595519508
2584001, 0.311890961806829
2585001, 0.237017562135770
2586001, 0.227297222193392
2587001, 0.323496556241430
2588001, 0.263461654402071
2589001, 0.212289324663715
2590001, 0.439756452119863
2591001, 0.278345931835195
2592001, 0.216378126065380
2593001, 0.237104604511290
2594001, 0.233092841083585
2595001, 0.232401850220385
2596001, 0.249045984083974
2597001, 0.240288170234279
2598001, 0.249588726051930
2599001, 0.225383499083768
2600001, 0.320574253367544
2601001, 0.212416133565354
2602001, 0.248507938350321
2603001, 0.225462954320484
2604001, 0.220914037591395
2605001, 0.272356806458585
2606001, 0.232316801467425
2607001, 0.211253879437266
2608001, 0.228923706715329
2609001, 0.210899686780428
2610001, 0.296223601184489
2611001, 0.210960018337334
2612001, 0.359035325481091
2613001, 0.217462350072939
2614001, 0.234260389538239
2615001, 0.207304747369309
2616001, 0.292971395891133
2617001, 0.435799070313577
2618001, 0.218495293024502
2619001, 0.287324912400705
2620001, 0.266720047912601
2621001, 0.329500536191208
2622001, 0.214820514692959
2623001, 0.239114078718557
2624001, 0.257840082429727
2625001, 0.266444555401142
2626001, 0.286478530563396
2627001, 0.223512924053628
2628001, 0.235313005366658
2629001, 0.321858743402160
2630001, 0.300200360921109
2631001, 0.210948201147535
2632001, 0.281893899410935
2633001, 0.293499360725658
2634001, 0.385520928017151
2635001, 0.207701229116326
2636001, 0.253506244934387
2637001, 0.212901912772492
2638001, 0.253964925176888
2639001, 0.206987339726656
2640001, 0.432913815325141
2641001, 0.208063169287460
2642001, 0.230487395359176
2643001, 0.207873014280131
2644001, 0.237019691912770
2645001, 0.202689214816903
2646001, 0.318942501701059
2647001, 0.217610086258345
2648001, 0.220010980476536
2649001, 0.263097626179751
2650001, 0.203428542504042
2651001, 0.238940631064699
2652001, 0.201833036181208
2653001, 0.259452341763984
2654001, 0.218309495657418
2655001, 0.231414775803524
2656001, 0.221351941629180
2657001, 0.222115489891761
2658001, 0.258385430512051
2659001, 0.226748482760865
2660001, 0.329014329031509
2661001, 0.385028015126980
2662001, 0.224508654215088
2663001, 0.203323135587817
2664001, 0.294331078804187
2665001, 0.373058587579115
2666001, 0.269925285012690
2667001, 0.250309806014353
2668001, 0.208825838614863
2669001, 0.207143180585394
2670001, 0.273413484719414
2671001, 0.236608211114103
2672001, 0.225118132190476
2673001, 0.233719778963165
2674001, 0.223358608068074
2675001, 0.231048647390298
2676001, 0.203826537275714
2677001, 0.248102701483109
2678001, 0.257421885272302
2679001, 0.218188374601983
2680001, 0.227737167646055
2681001, 0.231767145753776
2682001, 0.208170862268297
2683001, 0.202721288298391
2684001, 0.254632235775710
2685001, 0.210734576283103
2686001, 0.231511910346989
2687001, 0.239639761035957
2688001, 0.210636028106492
2689001, 0.221969402885124
2690001, 0.253969367887092
2691001, 0.215622093213294
2692001, 0.208477796202049
2693001, 0.260641626670900
2694001, 0.239300348059046
2695001, 0.206193029645491
2696001, 0.197471247357453
2697001, 0.220127696062470
2698001, 0.202257908118884
2699001, 0.224440665463709
2700001, 0.223563917362958
2701001, 0.318580382028367
2702001, 0.395290705842632
2703001, 0.201618166138560
2704001, 0.257097468750705
2705001, 0.239361992448791
2706001, 0.228955672576268
2707001, 0.210646801926017
2708001, 0.333840029271554
2709001, 0.289360453183238
2710001, 0.199385914121183
2711001, 0.201910056367057
2712001, 0.204760000870600
2713001, 0.422373291364721
2714001, 0.203686312136195
2715001, 0.276686854616185
2716001, 0.292121478334183
2717001, 0.233152195014424
2718001, 0.349722679669201
2719001, 0.297953475047378
2720001, 0.236815875929833
2721001, 0.270476422614123
2722001, 0.280979307476032
2723001, 0.201020891355269
2724001, 0.241669411096826
2725001, 0.290008894550950
2726001, 0.218590258820034
2727001, 0.194052597822981
2728001, 0.195003814574678
2729001, 0.244860850298335
2730001, 0.314678364987611
2731001, 0.231917319524830
2732001, 0.335537516477646
2733001, 0.210907459637182
2734001, 0.240659118236454
2735001, 0.265148510750028
2736001, 0.204193854926426
2737001, 0.357770320956790
2738001, 0.224392647012527
2739001, 0.245599962998266
2740001, 0.225241682038440
2741001, 0.209114877354801
2742001, 0.275831369455118
2743001, 0.215399563361318
2744001, 0.237682175327032
2745001, 0.249059113771060
2746001, 0.275166229350859
2747001, 0.227431040488020
2748001, 0.252147598778695
2749001, 0.228169902169410
2750001, 0.285557484978673
2751001, 0.255527050629393
2752001, 0.273380077388958
2753001, 0.272044910251155
2754001, 0.205036904580691
2755001, 0.226958551041246
2756001, 0.289574058978729
2757001, 0.466653810770427
2758001, 0.201901047532153
2759001, 0.241283374778104
2760001, 0.259805603991443
2761001, 0.213526367201480
2762001, 0.271728331379188
2763001, 0.206730396799679
2764001, 0.204659958175577
2765001, 0.241655225095715
2766001, 0.226808065143565
2767001, 0.241817505457261
2768001, 0.195785423879463
2769001, 0.338814772871196
2770001, 0.198718598144344
2771001, 0.230367156657641
2772001, 0.194288454290886
2773001, 0.352178100216965
2774001, 0.220609509700533
2775001, 0.207500320490164
2776001, 0.188001687337021
2777001, 0.289437374007703
2778001, 0.205303660724114
2779001, 0.203443223540934
2780001, 0.240499350361048
2781001, 0.198403079858158
2782001, 0.194757733432832
2783001, 0.227378996420141
2784001, 0.244332545981831
2785001, 0.315605023119862
2786001, 0.219276531256191
2787001, 0.256108897431908
2788001, 0.197049886592029
2789001, 0.216674349264406
2790001, 0.190743527298304
2791001, 0.217738016748330
2792001, 0.300043812173877
2793001, 0.228146420357032
2794001, 0.322759831957863
2795001, 0.204940575165521
2796001, 0.202055797900280
2797001, 0.318666242531936
2798001, 0.198540530719695
2799001, 0.203452330071594
2800001, 0.316223714922309
2801001, 0.275467354229105
2802001, 0.231551584333422
2803001, 0.234713365335979
2804001, 0.273719052168388
2805001, 0.216415338014929
2806001, 0.186673547638658
2807001, 0.200954795455680
2808001, 0.228233850759553
2809001, 0.204926848987442
2810001, 0.210415233452747
2811001, 0.242315184539947
2812001, 0.224218222804020
2813001, 0.181301682840109
2814001, 0.181268601659303
2815001, 0.180153178975595
2816001, 0.190700678629743
2817001, 0.243964989378091
2818001, 0.193335335993184
2819001, 0.224655679768734
2820001, 0.186333814890832
2821001, 0.340366721428584
2822001, 0.246891696028027
2823001, 0.180277829918901
2824001, 0.183558407743777
2825001, 0.218889043360667
2826001, 0.190562626444110
2827001, 0.225172698208472
2828001, 0.187105495698685
2829001, 0.196313348529969
2830001, 0.247152940593005
2831001, 0.182210939716631
2832001, 0.191383051584300
2833001, 0.244888541867652
2834001, 0.209303242542404
2835001, 0.186323668019224
2836001, 0.232654866512463
2837001, 0.218863990898790
2838001, 0.284695768304354
2839001, 0.200849894823709
2840001, 0.239401433106924
2841001, 0.209952108865743
2842001, 0.381517956288863
2843001, 0.211921992239228
2844001, 0.200405464971027
2845001, 0.184042536961765
2846001, 0.222468472918701
2847001, 0.197661544181535
2848001, 0.231002783590093
2849001, 0.203697583635980
2850001, 0.359916539228354
2851001, 0.228180984409082
2852001, 0.206123561411231
2853001, 0.224530882560615
2854001, 0.191419336080452
2855001, 0.207755717462115
2856001, 0.362103888568775
2857001, 0.197113422593259
2858001, 0.207184051834045
2859001, 0.256827896496701
2860001, 0.280543337045445
2861001, 0.200342669920980
2862001, 0.241481928543662
2863001, 0.190965978750081
2864001, 0.182879997520241
2865001, 0.195827740841794
2866001, 0.199008285005879
2867001, 0.279418491907736
2868001, 0.189643608679737
2869001, 0.224698824158459
2870001, 0.263042170655928
2871001, 0.179779764239076
2872001, 0.182082961721111
2873001, 0.197588529728486
2874001, 0.207283900310864
2875001, 0.287561310312034
2876001, 0.186187791715064
2877001, 0.229902639832187
2878001, 0.203345437831794
2879001, 0.269268520815420
2880001, 0.214566965564155
2881001, 0.346345284151097
2882001, 0.183331890886872
2883001, 0.190512982351751
2884001, 0.241349104165566
2885001, 0.285140426981952
2886001, 0.188369343601470
2887001, 0.232311555490987
2888001, 0.228417715540481
2889001, 0.185055264188171
2890001, 0.196150935419194
2891001, 0.255751005264089
2892001, 0.233522663460513
2893001, 0.178904320622474
2894001, 0.203187611866823
2895001, 0.230370994577312
2896001, 0.212306821033019
2897001, 0.186805231264863
2898001, 0.258184744332596
2899001, 0.244803399390306
2900001, 0.180252772687463
2901001, 0.177323200843618
2902001, 0.267918622178210
2903001, 0.225468530121205
2904001, 0.263142087185456
2905001, 0.174572586482214
2906001, 0.211369376183674
2907001, 0.266737584291808
2908001, 0.205739981774498
2909001, 0.268870138217843
2910001, 0.204742779400186
2911001, 0.317517828040513
2912001, 0.233592571097603
2913001, 0.248355503761206
2914001, 0.194740176850522
2915001, 0.203721777505394
2916001, 0.217272657049040
2917001, 0.184586444944243
2918001, 0.257295508744075
2919001, 0.184082862360708
2920001, 0.190783135196640
2921001, 0.197895285227980
2922001, 0.220581098214782
2923001, 0.174132249659632
2924001, 0.191448621355501
2925001, 0.176862183353261
2926001, 0.228482820753782
2927001, 0.179005298188863
2928001, 0.196816413916207
2929001, 0.186261871486860
2930001, 0.258050330431756
2931001, 0.251865485312329
2932001, 0.264337380526395
2933001, 0.170412602976447
2934001, 0.256417243029033
2935001, 0.204335662751336
2936001, 0.249361366103183
2937001, 0.200807379708039
2938001, 0.196626865636891
2939001, 0.186394893374942
2940001, 0.173308248200852
2941001, 0.193635032413224
2942001, 0.248889301700402
2943001, 0.182403890541538
2944001, 0.209878290055582
2945001, 0.240003696100363
2946001, 0.197675797482964
2947001, 0.172935087302831
2948001, 0.312200072523749
2949001, 0.188582182141025
2950001, 0.326338719120981
2951001, 0.189142108236522
2952001, 0.202766440369548
2953001, 0.289790880354418
2954001, 0.170821546356320
2955001, 0.181493469924933
2956001, 0.261557950829422
2957001, 0.180227884947442
2958001, 0.283588215720604
2959001, 0.191154179493055
2960001, 0.275542657737782
2961001, 0.231766174175648
2962001, 0.186646027115839
2963001, 0.168554864673958
2964001, 0.230026207994907
2965001, 0.173765938333688
2966001, 0.216405020904589
2967001, 0.269212232228301
2968001, 0.236532781211076
2969001, 0.347087100946143
2970001, 0.185669183054146
2971001, 0.186830081649566
2972001, 0.256512873203374
2973001, 0.209368112076736
2974001, 0.189323835989775
2975001, 0.296109860075085
2976001, 0.212596535895365
2977001, 0.201328391798759
2978001, 0.540203566288765
2979001, 0.177047434283217
2980001, 0.180346840930584
2981001, 0.255537542549596
2982001, 0.177061588365681
2983001, 0.282782218904545
2984001, 0.164161729899611
2985001, 0.206430722101525
2986001, 0.279340483284027
2987001, 0.188536268827826
2988001, 0.259411717836659
2989001, 0.180653173468760
2990001, 0.182596245656917
2991001, 0.193716900642493
2992001, 0.334264567892452
2993001, 0.218882225230780
2994001, 0.174710240891954
2995001, 0.294183392032458
2996001, 0.233618995188855
2997001, 0.217803896128825
2998001, 0.173732243404349
2999001, 0.201592520395598
3000001, 0.261771309053187
3001001, 0.223914334375895
3002001, 0.217558232157837
3003001, 0.170612194480781
3004001, 0.376147929138905
3005001, 0.355610612932488
3006001, 0.263542341959289
3007001, 0.253387621039493
3008001, 0.164484617358797
3009001, 0.209844888668218
3010001, 0.203074459317340
3011001, 0.170118519997704
3012001, 0.161344415014218
3013001, 0.232017467219497
3014001, 0.188959533749486
3015001, 0.177510973034907
3016001, 0.222097794400478
3017001, 0.199789786198513
3018001, 0.171458206838226
3019001, 0.220170887224897
3020001, 0.217893840934941
3021001, 0.169714552864522
3022001, 0.166960005095019
3023001, 0.202850142682869
3024001, 0.183386333587779
3025001, 0.177157830780819
3026001, 0.208767994970610
3027001, 0.164668596602686
3028001, 0.159779429539137
3029001, 0.346440983421869
3030001, 0.170398685136463
3031001, 0.229192745479333
3032001, 0.241378921176946
3033001, 0.205134084248752
3034001, 0.295396578225892
3035001, 0.237717126810691
3036001, 0.252615963038539
3037001, 0.159495482751058
3038001, 0.185142889652148
3039001, 0.227676272095970
3040001, 0.191668647526639
3041001, 0.170769523574261
3042001, 0.160973013450833
3043001, 0.240987365332206
3044001, 0.208140278766171
3045001, 0.164935336152601
3046001, 0.159137605333208
3047001, 0.273748519331725
3048001, 0.174459348176427
3049001, 0.182718055972108
3050001, 0.179072934884055
3051001, 0.227645223418317
3052001, 0.178955789541600
3053001, 0.170317092444785
3054001, 0.216187895832552
3055001, 0.179935723434377
3056001, 0.170224464588649
3057001, 0.187849505481668
3058001, 0.235884601318780
3059001, 0.272078697145301
3060001, 0.177026598358993
3061001, 0.224301103887472
3062001, 0.176730482448292
3063001, 0.173795779239604
3064001, 0.164222992353285
3065001, 0.648069367313362
3066001, 0.157142142527216
3067001, 0.168231124387995
3068001, 0.175695713960983
3069001, 0.185518815856997
3070001, 0.172460754170572
3071001, 0.209660176686656
3072001, 0.202974481748008
3073001, 0.246976928508928
3074001, 0.273505141677190
3075001, 0.176897083256508
3076001, 0.341253613917923
3077001, 0.195060183718492
3078001, 0.212270462089453
3079001, 0.228905766907960
3080001, 0.158171198685594
3081001, 0.182255416853249
3082001, 0.202434360724739
3083001, 0.292392118317006
3084001, 0.189191540892309
3085001, 0.167518361964392
3086001, 0.192143857919642
3087001, 0.375756379363289
3088001, 0.231767631542025
3089001, 0.189935264906270
3090001, 0.410201558224116
3091001, 0.212658282038827
3092001, 0.239587489808148
3093001, 0.247053497402248
3094001, 0.160902498088789
3095001, 0.290921379079861
3096001, 0.765958978650159
3097001, 0.238597921359565
3098001, 0.280650051110127
3099001, 0.163576338955940
3100001, 0.223023139164118
3101001, 0.165901134494149
3102001, 0.189946698415203
3103001, 0.159618318525302
3104001, 0.185283486165851
3105001, 0.181405070862953
3106001, 0.168574741454335
3107001, 0.230809299401028
3108001, 0.178990178764317
3109001, 0.211956727871845
3110001, 0.315790367925783
3111001, 0.217388855427598
3112001, 0.255665006319516
3113001, 0.159993351360395
3114001, 0.201210616740638
3115001, 0.273684868856654
3116001, 0.208491923143356
3117001, 0.177720464959837
3118001, 0.185603612743938
3119001, 0.159512981620899
3120001, 0.189710445051746
3121001, 0.167486537552140
3122001, 0.245765215534923
3123001, 0.332838311523395
3124001, 0.190207013450251
3125001, 0.156087982096066
3126001, 0.236767615775173
3127001, 0.155762586533614
3128001, 0.194785967954264
3129001, 0.289209390281466
3130001, 0.165183614455841
3131001, 0.153009695156811
3132001, 0.280205901437624
3133001, 0.253521406354739
3134001, 0.190644208039631
3135001, 0.212221332987346
3136001, 0.293899867297643
3137001, 0.198859813923289
3138001, 0.192571066590644
3139001, 0.169990008253550
3140001, 0.154922808044222
3141001, 0.192415956983522
3142001, 0.188775776281238
3143001, 0.185086739720944
3144001, 0.196224686210070
3145001, 0.193743313940120
3146001, 0.247795416455594
3147001, 0.188406685944187
3148001, 0.193557724032225
3149001, 0.170439982751778
3150001, 0.231965302256612
3151001, 0.224954948141861
3152001, 0.160041953636240
3153001, 0.282431821183576
3154001, 0.177454928593590
3155001, 0.158560959040444
3156001, 0.197680033973159
3157001, 0.219447984715853
3158001, 0.252666110844477
3159001, 0.162950956141962
3160001, 0.162357161376574
3161001, 0.154526466696697
3162001, 0.190319025551361
3163001, 0.230780269336493
3164001, 0.200189756683995
3165001, 0.181473425745159
3166001, 0.185636770543892
3167001, 0.159124828795180
3168001, 0.191287011318094
3169001, 0.160557905401526
3170001, 0.147251762302642
3171001, 0.162957644168075
3172001, 0.250669446961642
3173001, 0.200141984745310
3174001, 0.180958505096910
3175001, 0.150113651393300
3176001, 0.149141657869102
3177001, 0.194566721999116
3178001, 0.165236204472783
3179001, 0.177546715221220
3180001, 0.241895552909269
3181001, 0.178128633975881
3182001, 0.185740853381232
3183001, 0.155812496348117
3184001, 0.347049011061777
3185001, 0.147582452496824
3186001, 0.197229388002275
3187001, 0.157578644003341
3188001, 0.162143224871345
3189001, 0.158118717366218
3190001, 0.150485190230460
3191001, 0.208494005306733
3192001, 0.165286771235584
3193001, 0.149652265138551
3194001, 0.146499148421333
3195001, 0.148071260664846
3196001, 0.141696934426128
3197001, 0.143915995419621
3198001, 0.162069762336675
3199001, 0.196290352758554
3200001, 0.171745213863889
3201001, 0.178499969468333
3202001, 0.175917512200380
3203001, 0.145847851744478
3204001, 0.181742172592133
3205001, 0.148694898187952
3206001, 0.163233399982400
3207001, 0.205992549577221
3208001, 0.282887709562428
3209001, 0.196011176604168
3210001, 0.146470106032894
3211001, 0.519597031411998
3212001, 0.149036026125214
3213001, 0.191435294967792
3214001, 0.158188355356191
3215001, 0.409285500356900
3216001, 0.169033620990042
3217001, 0.167937564621391
3218001, 0.174369782751180
3219001, 0.159034413280939
3220001, 0.283970179389727
3221001, 0.155477194783644
3222001, 0.167813928892896
3223001, 0.139083958364232
3224001, 0.176348523881859
3225001, 0.245058747316080
3226001, 0.154256448761463
3227001, 0.525694718209907
3228001, 0.383001884445411
3229001, 0.142858781525461
3230001, 0.148836114954459
3231001, 0.155392822136434
3232001, 0.182647278920304
3233001, 0.134888290407341
3234001, 0.167140331637815
3235001, 0.180606209215903
3236001, 0.197531765073644
3237001, 0.261964652333406
3238001, 0.140262890455620
3239001, 0.175169119946103
3240001, 0.181233812544728
3241001, 0.145187868441375
3242001, 0.161990725443642
3243001, 0.146309857633535
3244001, 0.157972822672198
3245001, 0.174247237028854
3246001, 0.194058227557557
3247001, 0.159924575398059
3248001, 0.206106877074304
3249001, 0.150092251859779
3250001, 0.160748132060000
3251001, 0.177944015601083
3252001, 0.200945994946912
3253001, 0.256352119850961
3254001, 0.139470006544703
3255001, 0.261351124593505
3256001, 0.133416965295765
3257001, 0.261134580263583
3258001, 0.194259061987714
3259001, 0.184544067624674
3260001, 0.171575892197751
3261001, 0.344868743204770
3262001, 0.435725953345026
3263001, 0.136722382571471
3264001, 0.148720410289047
3265001, 0.152036106815440
3266001, 0.179814567360606
3267001, 0.216316529035646
3268001, 0.156836442091455
3269001, 0.563405609498036
3270001, 0.162671781490470
3271001, 0.136224294959687
3272001, 0.143986164425000
3273001, 0.182073259723568
3274001, 0.138640947787369
3275001, 0.229382646486637
3276001, 0.153283762939446
3277001, 0.230423990952531
3278001, 0.147216204291514
3279001, 0.147331019632113
3280001, 0.178155394206666
3281001, 0.170154560853530
3282001, 0.136147449455979
3283001, 0.276631464645681
3284001, 0.196043780029091
3285001, 0.219999812563045
3286001, 0.194963102647589
3287001, 0.233214355095875
3288001, 0.174172604437783
3289001, 0.238810462508275
3290001, 0.147775094600799
3291001, 0.153587938625788
3292001, 0.182860289079709
3293001, 0.131897652529566
3294001, 0.168684012379788
3295001, 0.156856393479912
3296001, 0.235103837148044
3297001, 0.149739740710499
3298001, 0.212056215941812
3299001, 0.221856380732773
3300001, 0.147306716572204
3301001, 0.142040540389877
3302001, 0.134349376796818
3303001, 0.693237003206522
3304001, 0.170957670514376
3305001, 0.152641585717438
3306001, 0.198553968607726
3307001, 0.211344649924521
3308001, 0.172138764112048
3309001, 0.130802078780380
3310001, 0.142598707712444
3311001, 0.212390196949950
3312001, 0.195900854044114
3313001, 0.139592894399903
3314001, 0.215029489047668
3315001, 0.166287305129306
3316001, 0.193562365575479
3317001, 0.245874006764146
3318001, 0.148957924387749
3319001, 0.135705749871693
3320001, 0.171719101627366
3321001, 0.214036145931514
3322001, 0.255387268322299
3323001, 0.131275540446514
3324001, 0.171896661762524
3325001, 0.139218565700081
3326001, 0.176003272365701
3327001, 0.359046151818774
3328001, 0.171566440876277
3329001, 0.150059014534697
3330001, 0.225192303306848
3331001, 0.188095502322813
3332001, 0.143454187948777
3333001, 0.213288060651933
3334001, 0.192154601467027
3335001, 0.986549380400767
3336001, 0.190154154284323
3337001, 0.211360147757400
3338001, 0.188293072039860
3339001, 0.163781972431075
3340001, 0.179044585661052
3341001, 0.232572231137991
3342001, 0.168900190884731
3343001, 0.125962161140376
3344001, 0.179174592938266
3345001, 0.188265217668687
3346001, 0.227063869360043
3347001, 0.151523219502312
3348001, 0.151991489126654
3349001, 0.179336490638482
3350001, 0.144946317692644
3351001, 0.141801042015512
3352001, 0.163016408990360
3353001, 0.172745186654640
3354001, 0.552503434661192
3355001, 0.254064788638633
3356001, 0.176632214864268
3357001, 0.126311859207135
3358001, 0.251774770157603
3359001, 0.150948728383300
3360001, 0.201200225206394
3361001, 0.163593496559307
3362001, 0.124284066171339
3363001, 0.417473714184936
3364001, 0.147864385518332
3365001, 0.149046935739078
3366001, 0.134293062146091
3367001, 0.198767083801386
3368001, 0.252884141617970
3369001, 0.220498563522238
3370001, 0.153294820993351
3371001, 0.225592103527198
3372001, 0.285354051503093
3373001, 0.195380252102289
3374001, 0.136247258948419
3375001, 0.203850367809634
3376001, 0.128274977022427
3377001, 0.206293782316238
3378001, 0.171343734733135
3379001, 0.262876242055915
3380001, 0.131850725983678
3381001, 0.148206018957000
3382001, 0.268750591179427
3383001, 0.225846377922522
3384001, 0.193460107516973
3385001, 0.125751106381904
3386001, 0.159137210558166
3387001, 0.202686357954677
3388001, 0.126000664567091
3389001, 0.144573310970706
3390001, 0.173525679042347
3391001, 0.132715148733388
3392001, 0.170820463339753
3393001, 0.131502325103017
3394001, 0.213296487861099
3395001, 0.346279140460290
3396001, 0.185222386350109
3397001, 0.147583189622579
3398001, 0.195106073239870
3399001, 0.148526127670904
3400001, 0.255880330783714
3401001, 0.136685271621503
3402001, 0.178500827560665
3403001, 0.134055601535752
3404001, 0.154246721790492
3405001, 0.199376034952989
3406001, 0.190530710651477
3407001, 0.220043671488728
3408001, 0.132365875909827
3409001, 0.195707903550143
3410001, 0.140233540465624
3411001, 0.481290972788318
3412001, 0.240066968395861
3413001, 0.154384076923470
3414001, 0.121481714207741
3415001, 0.123604324919529
3416001, 0.148143301370002
3417001, 0.152547004521064
3418001, 0.135161706408665
3419001, 0.142373617052289
3420001, 0.144914056272834
3421001, 0.169165431991185
3422001, 0.165201274936194
3423001, 0.136823986857297
3424001, 0.140359735099540
3425001, 0.141882121812374
3426001, 0.123900816073069
3427001, 0.253622209121189
3428001, 0.177441028177588
3429001, 0.133690053075799
3430001, 0.230331639061602
3431001, 0.127615081030471
3432001, 0.165105425465274
3433001, 0.204648905534036
3434001, 0.131074097085729
3435001, 0.130001426600865
3436001, 0.134757724483949
3437001, 0.171529784543525
3438001, 0.275524649774494
3439001, 0.200276078972066
3440001, 0.444735713512954
3441001, 0.130515553485826
3442001, 0.132405418810051
3443001, 0.131970210553033
3444001, 0.141497016741353
3445001, 0.192937864629244
3446001, 0.223096770662326
3447001, 0.176054292319676
3448001, 0.129372785338581
3449001, 0.129896716228369
3450001, 0.165196532513004
3451001, 0.124913626493131
3452001, 0.123056286291787
3453001, 0.224048240848420
3454001, 0.141400201091413
3455001, 0.166113510796925
3456001, 0.141216790283534
3457001, 0.138839815068505
3458001, 0.145421765832621
3459001, 0.139707903650000
3460001, 0.215744593561296
3461001, 0.218071543940990
3462001, 0.154526321609861
3463001, 0.195323693352501
3464001, 0.121299091131857
3465001, 0.178167966480047
3466001, 0.184856553931054
3467001, 0.171596747153626
3468001, 0.123492411628413
3469001, 0.143569555667285
3470001, 0.130488412495786
3471001, 0.122648374648589
3472001, 0.164382546329784
3473001, 0.161546896338981
3474001, 0.140881103132365
3475001, 0.141021104092380
3476001, 0.194214837387126
3477001, 0.166758128168505
3478001, 0.128562329256140
3479001, 0.191902340698831
3480001, 0.274497097194008
3481001, 0.113628568423171
3482001, 0.155837666078844
3483001, 0.183682831445235
3484001, 0.169743727824705
3485001, 0.134523632356648
3486001, 0.281311185787388
3487001, 0.114086163614314
3488001, 0.116942538808644
3489001, 0.139396399856369
3490001, 0.118831666530025
3491001, 0.192609876871173
3492001, 0.173661826095614
3493001, 0.115924820585032
3494001, 0.123212755558581
3495001, 0.184705363674254
3496001, 0.124770548795512
3497001, 0.124383295807543
3498001, 0.117427275851851
3499001, 0.124856502044774
3500001, 0.189882406088544
3501001, 0.182545104379465
3502001, 0.139981603743880
3503001, 0.202391838012445
3504001, 0.119032530833328
3505001, 0.146421069501141
3506001, 0.178480919381935
3507001, 0.162356627022930
3508001, 0.133186225725525
3509001, 0.121859908791074
3510001, 0.212998394752774
3511001, 0.287885850646129
3512001, 0.117148468931528
3513001, 0.205311179426804
3514001, 0.163265146536827
3515001, 0.128352342009875
3516001, 0.222484943625029
3517001, 0.115967395381870
3518001, 0.182982466996149
3519001, 0.525403804406466
3520001, 0.181667454077657
3521001, 0.183775413738627
3522001, 0.135716923779664
3523001, 0.113813528712159
3524001, 0.135891199529818
3525001, 0.168973700050201
3526001, 0.127677477231904
3527001, 0.114811837705966
3528001, 0.239673750358344
3529001, 0.216745890518410
3530001, 0.233828093930841
3531001, 0.116167567826967
3532001, 0.165421351338559
3533001, 0.246064920778882
3534001, 0.145987481712403
3535001, 0.152946247757340
3536001, 0.228515308520877
3537001, 0.182652820479358
3538001, 0.106974495590835
3539001, 0.110474901089702
3540001, 0.244005401593898
3541001, 0.181378237352691
3542001, 0.448660100766894
3543001, 0.117361255688472
3544001, 0.299738152535642
3545001, 0.235117425297708
3546001, 0.112935921488255
3547001, 0.197901981389875
3548001, 0.276156238988868
3549001, 0.194224106389011
3550001, 0.264768053821089
3551001, 0.137828848906707
3552001, 0.137136736501726
3553001, 0.144312108352643
3554001, 0.128738459976706
3555001, 0.179411919494319
3556001, 0.214981649392245
3557001, 0.163626424470710
3558001, 0.120462428380901
3559001, 0.228796920264781
3560001, 0.112036217794033
3561001, 0.109571567653343
3562001, 0.106569740826769
3563001, 0.115751981134766
3564001, 0.195520808149792
3565001, 0.307085436765914
3566001, 0.136268897707989
3567001, 0.161263031767407
3568001, 0.163984420939789
3569001, 0.167044380595824
3570001, 0.187791890180383
3571001, 0.109505227469808
3572001, 0.124663326141081
3573001, 0.165792221332258
3574001, 0.136581933796259
3575001, 0.172202429003871
3576001, 0.146875415352961
3577001, 0.261867354056706
3578001, 0.111426512534747
3579001, 0.148289517930753
3580001, 0.127357181978970
3581001, 0.182697354368026
3582001, 0.177169089233418
3583001, 0.179994698232287
3584001, 0.166704205580329
3585001, 0.204976681016585
3586001, 0.144511625488806
3587001, 0.106864001816656
3588001, 0.155212982396583
3589001, 0.120067386384012
3590001, 0.125483915174693
3591001, 0.099528308437261
3592001, 0.118623775346434
3593001, 0.103914133606703
3594001, 0.132639205603267
3595001, 0.204515120410889
3596001, 0.106980930076275
3597001, 0.132374960408168
3598001, 0.234194333219543
3599001, 0.441275531256628
3600001, 0.154500713024126
3601001, 0.138167279321828
3602001, 0.205246766063697
3603001, 0.130167153621290
3604001, 0.199880109021207
3605001, 0.112987052225368
3606001, 0.122297470994546
3607001, 0.100674985570879
3608001, 0.164694144096658
3609001, 0.167407635339808
3610001, 0.118346681888119
3611001, 0.163978777941275
3612001, 0.170738565489263
3613001, 0.131751888512904
3614001, 0.186276234149424
3615001, 0.143808489975951
3616001, 0.123076681569155
3617001, 0.114257518196786
3618001, 0.279459925740173
3619001, 0.144573051182596
3620001, 0.132628600734373
3621001, 0.185675699027190
3622001, 0.166068197025118
3623001, 0.116839655797889
3624001, 0.157496768093318
3625001, 0.102531074752083
3626001, 0.104561247281786
3627001, 0.229790077755681
3628001, 0.293467911127420
3629001, 0.160645643897188
3630001, 0.126193711267147
3631001, 0.114619071394635
3632001, 0.204859923618292
3633001, 0.155838136189248
3634001, 0.151504190394383
3635001, 0.132040044320832
3636001, 0.136543374248773
3637001, 0.102063303670176
3638001, 0.352943519713157
3639001, 0.101242393057407
3640001, 0.181320984715536
3641001, 0.156245494420103
3642001, 0.193275657193799
3643001, 0.130646366134072
3644001, 0.101114105982062
3645001, 0.186767077432570
3646001, 0.150887100620637
3647001, 0.145583119754431
3648001, 0.213038243196942
3649001, 0.156258644964293
3650001, 0.140142929068688
3651001, 0.206698425051445
3652001, 0.110783177054534
3653001, 0.118678652845757
3654001, 0.111156771593084
3655001, 0.149331443963616
3656001, 0.110407373808470
3657001, 0.162892182461920
3658001, 0.413158363299449
3659001, 0.120027999860347
3660001, 0.111317866994123
3661001, 0.208467224720882
3662001, 0.178907715495906
3663001, 0.136106769941073
3664001, 0.101717111051302
3665001, 0.164435836143257
3666001, 0.124187614390495
3667001, 0.103565824502197
3668001, 0.117494273488604
3669001, 0.101614653913543
3670001, 0.112378921124802
3671001, 0.120138728548317
3672001, 0.153491309118994
3673001, 0.103650980747049
3674001, 0.147618496481070
3675001, 0.160885198095902
3676001, 0.221318229311741
3677001, 0.134934927845328
3678001, 0.192429452755743
3679001, 0.124782667952093
3680001, 0.122969858962345
3681001, 0.154580616972959
3682001, 0.130531116621716
3683001, 0.122876196937523
3684001, 0.136071914972246
3685001, 0.126220192826860
3686001, 0.103945228514103
3687001, 0.190355599446684
3688001, 0.129373323421731
3689001, 0.112401662482308
3690001, 0.105992585503113
3691001, 0.126275164009032
3692001, 0.157453860825817
3693001, 0.168460946874705
3694001, 0.156722849635972
3695001, 0.108776629397879
3696001, 0.103255115497744
3697001, 0.182433449934915
3698001, 0.141564961709636
3699001, 0.220215820185814
3700001, 0.158300630292074
3701001, 0.121224884685061
3702001, 0.101530695602397
3703001, 0.151908407021376
3704001, 0.088434707973558
3705001, 0.119993126257798
3706001, 0.169376358584818
3707001, 0.201742337809009
3708001, 0.115485668220736
3709001, 0.146214146059453
3710001, 0.192148647645426
3711001, 0.141150922976174
3712001, 0.137951222204169
3713001, 0.170242760855556
3714001, 0.156728371176084
3715001, 0.205061475979308
3716001, 0.242725026321220
3717001, 0.105071416321807
3718001, 0.203956132400644
3719001, 0.185558430322437
3720001, 0.217383833990243
3721001, 0.142930797936576
3722001, 0.099337202922268
3723001, 0.188902400644533
3724001, 0.170887290884214
3725001, 0.112309130895713
3726001, 0.350756243299459
3727001, 0.137705460811466
3728001, 0.158903404814259
3729001, 0.127563598379627
3730001, 0.101342109259595
3731001, 0.116225529670220
3732001, 0.126387755785422
3733001, 0.132605711645513
3734001, 0.130307544258616
3735001, 0.146512190999453
3736001, 0.193214012558800
3737001, 0.241742559584022
3738001, 0.118056551283935
3739001, 0.193982253104246
3740001, 0.254671725116615
3741001, 0.100528663982629
3742001, 0.096010237915251
3743001, 0.108921125395191
3744001, 0.146302834326318
3745001, 0.193174127998532
3746001, 0.112747831519039
3747001, 0.126199054167994
3748001, 0.157794192352434
3749001, 0.108404732109927
3750001, 0.128214554938048
3751001, 0.166638565455509
3752001, 0.204055398834570
3753001, 0.146012006666048
3754001, 0.126798976654638
3755001, 0.194337304664410
3756001, 0.327890118383277
3757001, 0.097662580140177
3758001, 0.126586007360660
3759001, 0.184416707694284
3760001, 0.212450734471689
3761001, 0.094598447116503
3762001, 0.136698876818594
3763001, 0.229547593565480
3764001, 0.157690716569922
3765001, 0.114433141203125
3766001, 0.097296515212796
3767001, 0.288977161594051
3768001, 0.123289858223835
3769001, 0.164083143805472
3770001, 0.101760733003409
3771001, 0.162200817081615
3772001, 0.103823118285236
3773001, 0.234417912023354
3774001, 0.093930508859190
3775001, 0.229930600473383
3776001, 0.244325230933441
3777001, 0.207487606097095
3778001, 0.120796471542981
3779001, 0.094848206796034
3780001, 0.173546753037995
3781001, 0.101802425759928
3782001, 0.157128946598773
3783001, 0.152973950257670
3784001, 0.108171085189029
3785001, 0.111068905337039
3786001, 0.107156243233262
3787001, 0.148610925588375
3788001, 0.221319348951011
3789001, 0.142382121603266
3790001, 0.232213022462250
3791001, 0.115145448359149
3792001, 0.105591867113270
3793001, 0.103504026829786
3794001, 0.235527400631569
3795001, 0.111678231773378
3796001, 0.132995576954918
3797001, 0.138594104621812
3798001, 0.221404184331047
3799001, 0.119109119837200
3800001, 0.095731245154084
3801001, 0.621540100424710
3802001, 0.114111960682684
3803001, 0.104288184354275
3804001, 0.145925663806692
3805001, 0.147272933428576
3806001, 0.128597907643867
3807001, 0.097613913358556
3808001, 0.186683787388033
3809001, 0.422900384521985
3810001, 0.180321480060123
3811001, 0.378886121290585
3812001, 0.119803196626772
3813001, 0.120562887954476
3814001, 0.102126411598954
3815001, 0.160370315197793
3816001, 0.116446806993542
3817001, 0.094005025144350
3818001, 0.114427452671831
3819001, 0.089569438989284
3820001, 0.193997422561803
3821001, 0.137508826957988
3822001, 0.087485142720524
3823001, 0.096608347085446
3824001, 0.251776538834861
3825001, 0.118834738067451
3826001, 0.183828987149458
3827001, 0.099547904248951
3828001, 0.148076304271345
3829001, 0.194901730135796
3830001, 0.155781032133241
3831001, 0.416744299056229
3832001, 0.086970828943071
3833001, 0.249225592950862
3834001, 0.136046897901079
3835001, 0.124280099625296
3836001, 0.178689360816920
3837001, 0.124855414626858
3838001, 0.130655946525717
3839001, 0.128170967207780
3840001, 0.150346046902231
3841001, 0.096245166881871
3842001, 0.096986587305597
3843001, 0.080917239841034
3844001, 0.241700927290343
3845001, 0.218518488630764
3846001, 0.098271342903125
3847001, 0.095256670474553
3848001, 0.514435230541864
3849001, 0.132211372172518
3850001, 0.205034676619040
3851001, 0.089794615229367
3852001, 0.083279033275893
3853001, 0.149139123889521
3854001, 0.460561120860303
3855001, 0.093996227300692
3856001, 0.103191844799298
3857001, 0.274001485291074
3858001, 0.097467797554942
3859001, 0.098473193946121
3860001, 0.108738744634639
3861001, 0.205941867322769
3862001, 0.154008923962940
3863001, 0.090814719663796
3864001, 0.092780454130883
3865001, 0.084725529314204
3866001, 0.232405215443450
3867001, 0.173269827923134
3868001, 0.111682114939516
3869001, 0.244529121252817
3870001, 0.088069274518476
3871001, 0.189315767511168
3872001, 0.192942977616506
3873001, 0.219245251194768
3874001, 0.100620618667938
3875001, 0.157413147240365
3876001, 0.085989853452697
3877001, 0.101306850390187
3878001, 0.169748000583507
3879001, 0.091024095844402
3880001, 0.094268252560306
3881001, 0.105566898746006
3882001, 0.081626801418440
3883001, 0.154279059497684
3884001, 0.181070027518575
3885001, 0.131392734956857
3886001, 0.169230586145363
3887001, 0.109050631281469
3888001, 0.114395030598925
3889001, 0.136378285563137
3890001, 0.098200858694032
3891001, 0.107891560521312
3892001, 0.130307544258616
3893001, 0.108943766534692
3894001, 0.184268548080106
3895001, 0.260444254351026
3896001, 0.091951426449162
3897001, 0.096282498179640
3898001, 0.118445030696840
3899001, 0.272926990239739
3900001, 0.091210878665874
3901001, 0.504347458259936
3902001, 0.082732282438517
3903001, 0.119424621679104
3904001, 0.125183031427281
3905001, 0.106430578721313
3906001, 0.081494860744407
3907001, 0.137765896330247
3908001, 0.210873149708956
3909001, 0.195901282727542
3910001, 0.093008569133179
3911001, 0.091018638059741
3912001, 0.183976754472991
3913001, 0.161425640213170
3914001, 0.126970026695229
3915001, 0.093977588626100
3916001, 0.143671802172076
3917001, 0.220947563404043
3918001, 0.097352830702240
3919001, 0.226500636767646
3920001, 0.142162031392631
3921001, 0.096060371186132
3922001, 0.139693041243876
3923001, 0.199699183078871
3924001, 0.081980719282090
3925001, 0.353825936410555
3926001, 0.151621164213907
3927001, 0.140357336731385
3928001, 0.150921993614856
3929001, 0.090349750317513
3930001, 0.110885860363800
3931001, 0.082431008184683
3932001, 0.171149157137231
3933001, 0.128655158086183
3934001, 0.095481660501529
3935001, 0.076993878969457
3936001, 0.144225241125780
3937001, 0.088425416447919
3938001, 0.116971093323934
3939001, 0.084665209180601
3940001, 0.102228829916875
3941001, 0.113592738700300
3942001, 0.085488477369417
3943001, 0.138079174149423
3944001, 0.150122372133655
3945001, 0.107680303980918
3946001, 0.085101957422005
3947001, 0.181871204670043
3948001, 0.126144731612922
3949001, 0.109393001385632
3950001, 0.096319826268742
3951001, 0.077967241919907
3952001, 0.097531948983982
3953001, 0.300655989512204
3954001, 0.228465260440371
3955001, 0.087709709787896
3956001, 0.106454484554846
3957001, 0.160935702136161
3958001, 0.174551527570046
3959001, 0.122824929783101
3960001, 0.092800524028605
3961001, 0.115821378946949
3962001, 0.198905631213793
3963001, 0.093512572141569
3964001, 0.139416117156895
3965001, 0.212110319495394
3966001, 0.146889443347181
3967001, 0.140452399401664
3968001, 0.152192360273416
3969001, 0.168017390331414
3970001, 0.261135318053661
3971001, 0.086248644272106
3972001, 0.150901877450980
3973001, 0.090301728922166
3974001, 0.120307594329298
3975001, 0.217030555718038
3976001, 0.165121071469092
3977001, 0.110695957395849
3978001, 0.097711241468838
3979001, 0.145408023722454
3980001, 0.114227710143461
3981001, 0.134814700081761
3982001, 0.174821509948802
3983001, 0.176756639730970
3984001, 0.119164408230700
3985001, 0.108512374772162
3986001, 0.155211352745021
3987001, 0.161621767671468
3988001, 0.114847805447486
3989001, 0.155376387289669
3990001, 0.079649115787881
3991001, 0.159154113786417
3992001, 0.140430630875396
3993001, 0.116335845775758
3994001, 0.143726876617142
3995001, 0.146976111536921
3996001, 0.123282023845736
3997001, 0.156907332108073
3998001, 0.125070088032054
3999001, 0.248410704293375
4000001, 0.175491844281769
4001001, 0.100279232832345
4002001, 0.073832343742248
4003001, 0.104470204678324
4004001, 0.076140735290195
4005001, 0.105754836715741
4006001, 0.143771310393274
4007001, 0.071501648751280
4008001, 0.102812639792376
4009001, 0.133683812116842
4010001, 0.149609602944033
4011001, 0.150286091679486
4012001, 0.156386300155977
4013001, 0.080821102695525
4014001, 0.069085126354125
4015001, 0.068950202742040
4016001, 0.070147239225826
4017001, 0.114706063363573
4018001, 0.084287890495992
4019001, 0.204655853864913
4020001, 0.077941888446732
4021001, 0.229380539984478
4022001, 0.111300357776703
4023001, 0.113356204315602
4024001, 0.132310525070286
4025001, 0.138806344634969
4026001, 0.078216933486885
4027001, 0.081497392666253
4028001, 0.089987734957597
4029001, 0.081398465080423
4030001, 0.088891901047174
4031001, 0.083773530819740
4032001, 0.164874917879144
4033001, 0.267396198276174
4034001, 0.302627170396780
4035001, 0.069640278879759
4036001, 0.115553085063942
4037001, 0.276285028122264
4038001, 0.211504438811844
4039001, 0.137429642925606
4040001, 0.210922686387787
4041001, 0.092991601535452
4042001, 0.204286921534082
4043001, 0.164218629418599
4044001, 0.068406373674387
4045001, 0.106096691474348
4046001, 0.086299322889030
4047001, 0.161531013963218
4048001, 0.107717473192546
4049001, 0.158998119743489
4050001, 0.074099745059176
4051001, 0.075370878493694
4052001, 0.212314441735757
4053001, 0.067979151378968
4054001, 0.092083662979794
4055001, 0.076662690538881
4056001, 0.125135839409115
4057001, 0.128244381685934
4058001, 0.191113105069574
4059001, 0.208435893183405
4060001, 0.111586266650343
4061001, 0.179340601540361
4062001, 0.094448605640800
4063001, 0.188339078179205
4064001, 0.092463896089856
4065001, 0.184490040700459
4066001, 0.137894015943171
4067001, 0.125889522143019
4068001, 0.075418185931022
4069001, 0.166897611663933
4070001, 0.119902158954012
4071001, 0.096007208153015
4072001, 0.187569251962091
4073001, 0.082867911755404
4074001, 0.091892269296900
4075001, 0.107041628077582
4076001, 0.166666819084291
4077001, 0.076404505087308
4078001, 0.192852595034313
4079001, 0.070112262015969
4080001, 0.134456969912893
4081001, 0.306219496747031
4082001, 0.108348056742997
4083001, 0.157588908921581
4084001, 0.072036749745764
4085001, 0.193111705623383
4086001, 0.221553228068468
4087001, 0.092659053290882
4088001, 0.097132947864593
4089001, 0.113748351351487
4090001, 0.090981313370878
4091001, 0.073216966362050
4092001, 0.225449029908841
4093001, 0.183280259053100
4094001, 0.163275420120690
4095001, 0.177607494263919
4096001, 0.069908950775167
4097001, 0.082414949768851
4098001, 0.107041142527232
4099001, 0.139210299561932
4100001, 0.311656660364072
4101001, 0.146466965200214
4102001, 0.140652011988005
4103001, 0.077124809825675
4104001, 0.193894902490197
4105001, 0.139044154401165
4106001, 0.113705319371334
4107001, 0.081015890440505
4108001, 0.092033738681965
4109001, 0.210898603666395
4110001, 0.067969588827359
4111001, 0.087441586877813
4112001, 0.095189645556750
4113001, 0.197407632241397
4114001, 0.128612731111900
4115001, 0.072711783385643
4116001, 0.080647812996089
4117001, 0.125960882799050
4118001, 0.116897290690625
4119001, 0.219221750605582
4120001, 0.131923979617063
4121001, 0.076917600053850
4122001, 0.079782479988079
4123001, 0.071658609234048
4124001, 0.104776425911236
4125001, 0.282416177141492
4126001, 0.130400269249644
4127001, 0.169166203518442
4128001, 0.094968248457986
4129001, 0.061559181961063
4130001, 0.112060417019626
4131001, 0.324159979487775
4132001, 0.087372371086464
4133001, 0.203188227979425
4134001, 0.121119407479036
4135001, 0.090992691653041
4136001, 0.062719472312674
4137001, 0.087994366845235
4138001, 0.203060706468021
4139001, 0.081392627434185
4140001, 0.072925342268225
4141001, 0.084069225550679
4142001, 0.162493400100759
4143001, 0.082719573041905
4144001, 0.086177327659596
4145001, 0.192130353269458
4146001, 0.064281871809465
4147001, 0.101244894442759
4148001, 0.067018302974875
4149001, 0.104346246986527
4150001, 0.153679458715535
4151001, 0.060948965171472
4152001, 0.269152899892220
4153001, 0.081255892468509
4154001, 0.103405336273511
4155001, 0.078467043365771
4156001, 0.091402363076491
4157001, 0.067600605761436
4158001, 0.075598011612348
4159001, 0.117582863572982
4160001, 0.192867471932523
4161001, 0.183998784752029
4162001, 0.059136286878407
4163001, 0.117968925840193
4164001, 0.176862975780996
4165001, 0.113364498952787
4166001, 0.084570750445969
4167001, 0.605768584789078
4168001, 0.113415898243922
4169001, 0.079068385819815
4170001, 0.070406749078729
4171001, 0.120301197310608
4172001, 0.061351736112536
4173001, 0.110133302808931
4174001, 0.109570682647849
4175001, 0.147066009661888
4176001, 0.147178429937126
4177001, 0.075683264646322
4178001, 0.084226443419568
4179001, 0.065642472916362
4180001, 0.169948317762610
4181001, 0.072570929415441
4182001, 0.089035489747666
4183001, 0.238509115107062
4184001, 0.098047959071126
4185001, 0.071384033906151
4186001, 0.143980144012187
4187001, 0.065659030105099
4188001, 0.083082692731990
4189001, 0.129597953329521
4190001, 0.195910581756220
4191001, 0.133853427740081
4192001, 0.124359734709857
4193001, 0.194924997849217
4194001, 0.063739001653858
4195001, 0.057756612133171
4196001, 0.060288054532994
4197001, 0.064476989112049
4198001, 0.065328300836735
4199001, 0.070139970893934
4200001, 0.198065676996649
4201001, 0.079192523554732
4202001, 0.141813703561491
4203001, 0.075735452122962
4204001, 0.076637824948495
4205001, 0.078912872339150
4206001, 0.102912363791839
4207001, 0.123087405279168
4208001, 0.156690873846854
4209001, 0.133734422186447
4210001, 0.199529660032777
4211001, 0.106731412660556
4212001, 0.109013737115224
4213001, 0.091298743739327
4214001, 0.216520979927411
4215001, 0.131689425086145
4216001, 0.130690280913419
4217001, 0.125752811659666
4218001, 0.105457426977310
4219001, 0.138546503780118
4220001, 0.325236001749534
4221001, 0.252493969445588
4222001, 0.124241948935568
4223001, 0.126062750930879
4224001, 0.225651875550424
4225001, 0.076092159511986
4226001, 0.092729229875094
4227001, 0.192903599420951
4228001, 0.160466070388697
4229001, 0.165340020978401
4230001, 0.105664774649438
4231001, 0.057685446054914
4232001, 0.073001406556884
4233001, 0.222065506032058
4234001, 0.171440554772045
4235001, 0.422208470401081
4236001, 0.276323747840186
4237001, 0.057213188154515
4238001, 0.159673307289230
4239001, 0.155848442327921
4240001, 0.069229013401122
4241001, 0.072741866605870
4242001, 0.092774056656045
4243001, 0.082970568245598
4244001, 0.110939598980066
4245001, 0.200202425325467
4246001, 0.074324969702515
4247001, 0.159927405457204
4248001, 0.078853423250247
4249001, 0.051848102083800
4250001, 0.060852714369908
4251001, 0.073201963328992
4252001, 0.136443330283301
4253001, 0.108921205970734
4254001, 0.058868641133536
4255001, 0.227911317949120
4256001, 0.103778969188385
4257001, 0.163464531512401
4258001, 0.101032020106299
4259001, 0.282147627804522
4260001, 0.079801307110840
4261001, 0.138933142584871
4262001, 0.093283385311387
4263001, 0.090202179048317
4264001, 0.089226122759029
4265001, 0.081748537447504
4266001, 0.107100820690655
4267001, 0.111182061914769
4268001, 0.312502811924378
4269001, 0.139008143518126
4270001, 0.103453440011769
4271001, 0.078789129637221
4272001, 0.152004623182411
4273001, 0.160119877842233
4274001, 0.133775020136893
4275001, 0.108445428931921
4276001, 0.061759163722818
4277001, 0.146303980242091
4278001, 0.128500907323163
4279001, 0.065960198436063
4280001, 0.162700507929989
4281001, 0.056539518459777
4282001, 0.057395856651755
4283001, 0.134859751441568
4284001, 0.158753139822319
4285001, 0.150528901326042
4286001, 0.084571219168804
4287001, 0.121941552772256
4288001, 0.194845803202895
4289001, 0.068765658307436
4290001, 0.078201799509214
4291001, 0.120854602841545
4292001, 0.099156314368574
4293001, 0.056872827850614
4294001, 0.225796544605214
4295001, 0.119004662623493
4296001, 0.144861246202144
4297001, 0.075797547049627
4298001, 0.052893306067377
4299001, 0.104340261926765
4300001, 0.121272346945143
4301001, 0.148325208936130
4302001, 0.234087045768362
4303001, 0.095415626188447
4304001, 0.088805657517501
4305001, 0.134998178271696
4306001, 0.596358491222590
4307001, 0.060661229298430
4308001, 0.116841554667058
4309001, 0.071785716624922
4310001, 0.111274793852931
4311001, 0.118300633588733
4312001, 0.059751851420005
4313001, 0.094541398508100
4314001, 0.140440110247286
4315001, 0.139198651554762
4316001, 0.093927005820454
4317001, 0.089285264810913
4318001, 0.210671376709474
4319001, 0.077365108290857
4320001, 0.132192967025977
4321001, 0.118590207226793
4322001, 0.049338701078333
4323001, 0.165111691014106
4324001, 0.136504735660376
4325001, 0.165135442641102
4326001, 0.223230805555731
4327001, 0.228690400819591
4328001, 0.144158268337148
4329001, 0.119584920507781
4330001, 0.078525076277802
4331001, 0.196213845167662
4332001, 0.060294092741919
4333001, 0.065345671725199
4334001, 0.197455443025529
4335001, 0.165734113716456
4336001, 0.086708143253345
4337001, 0.089258919560185
4338001, 0.066982141028516
4339001, 0.066381456879215
4340001, 0.114744583947711
4341001, 0.150685258773757
4342001, 0.074169624763315
4343001, 0.077290021177534
4344001, 0.112117009944120
4345001, 0.119917753579933
4346001, 0.124890132983165
4347001, 0.102486834996720
4348001, 0.061087071877209
4349001, 0.057129950051796
4350001, 0.094785322513492
4351001, 0.161897516867809
4352001, 0.128475796921796
4353001, 0.161224066683817
4354001, 0.266721924843255
4355001, 0.121630652719317
4356001, 0.142852112045143
4357001, 0.139877209101737
4358001, 0.107279239828109
4359001, 0.113823686894019
4360001, 0.116182742454146
4361001, 0.155374142835016
4362001, 0.265533691011282
4363001, 0.349458844737956
4364001, 0.060666181785959
4365001, 0.065239698496344
4366001, 0.204946356178925
4367001, 0.088206120974859
4368001, 0.636641192662632
4369001, 0.086272583652242
4370001, 0.096379751879455
4371001, 0.123868159404095
4372001, 0.133282985204535
4373001, 0.088769028371516
4374001, 0.106776922631101
4375001, 0.151660890894507
4376001, 0.053346290263988
4377001, 0.088141760332005
4378001, 0.050071791521549
4379001, 0.215762959333330
4380001, 0.117334465470679
4381001, 0.066898846171046
4382001, 0.130904885958610
4383001, 0.054203549516674
4384001, 0.084627419630951
4385001, 0.102163404461037
4386001, 0.162564476596721
4387001, 0.070809204346073
4388001, 0.097548533337336
4389001, 0.088827768548067
4390001, 0.122081461433339
4391001, 0.099751878718909
4392001, 0.059815010968267
4393001, 0.115077451833770
4394001, 0.058740137888893
4395001, 0.074083331955326
4396001, 0.115020289976164
4397001, 0.086117378685667
4398001, 0.204790984873543
4399001, 0.048120460482010
4400001, 0.074450252439906
4401001, 0.167458513240535
4402001, 0.160589490440461
4403001, 0.102853864000801
4404001, 0.091213900109656
4405001, 0.107044986452643
4406001, 0.308246204128477
4407001, 0.106755301940808
4408001, 0.248366550273592
4409001, 0.059337612983339
4410001, 0.166964234833702
4411001, 0.174336342566935
4412001, 0.122412231208728
4413001, 0.240092644070906
4414001, 0.056268174991557
4415001, 0.054950743249817
4416001, 0.120139121153010
4417001, 0.053048064664424
4418001, 0.046110369640279
4419001, 0.127426564586016
4420001, 0.055858656526612
4421001, 0.095341767236357
4422001, 0.102156939121668
4423001, 0.096980458545758
4424001, 0.109133792770009
4425001, 0.047428813085986
4426001, 0.048513169607692
4427001, 0.246546079478402
4428001, 0.045364073498912
4429001, 0.133090168716737
4430001, 0.110906674840718
4431001, 0.235518430728305
4432001, 0.087696722167979
4433001, 0.060500783176408
4434001, 0.053841933098079
4435001, 0.108219349973690
4436001, 0.178145569717859
4437001, 0.065653066029205
4438001, 0.097477352623684
4439001, 0.050886954776547
4440001, 0.071054032869467
4441001, 0.147785151797283
4442001, 0.089274178924164
4443001, 0.046526156431278
4444001, 0.106174176835815
4445001, 0.089002929139966
4446001, 0.044999172492518
4447001, 0.130375766927184
4448001, 0.229484143360199
4449001, 0.045852926816240
4450001, 0.150452825077170
4451001, 0.171733221255950
4452001, 0.047750308958326
4453001, 0.062328912034885
4454001, 0.059871936918880
4455001, 0.074037144946202
4456001, 0.144980690154693
4457001, 0.041153583613404
4458001, 0.041519611397434
4459001, 0.062092890404384
4460001, 0.041967970249439
4461001, 0.058960179893991
4462001, 0.063632367308075
4463001, 0.056302238629009
4464001, 0.055406327058863
4465001, 0.088728724301360
4466001, 0.184118609898537
4467001, 0.081591792775800
4468001, 0.094947571202690
4469001, 0.130962981935331
4470001, 0.074460371194985
4471001, 0.129242242041509
4472001, 0.130242072633152
4473001, 0.121240823497723
4474001, 0.135198303091269
4475001, 0.049549146200794
4476001, 0.119208751912256
4477001, 0.127014701213788
4478001, 0.101387285627123
4479001, 0.069919264039785
4480001, 0.080949509990209
4481001, 0.056622506244411
4482001, 0.053959228556877
4483001, 0.089581781014272
4484001, 0.123646971369202
4485001, 0.058179696146253
4486001, 0.036134615510368
4487001, 0.233938587252510
4488001, 0.068506182671313
4489001, 0.092510549356200
4490001, 0.067630557740614
4491001, 0.135169632791192
4492001, 0.093464064269821
4493001, 0.166494764451118
4494001, 0.066724660809889
4495001, 0.135767827708579
4496001, 0.342010861081241
4497001, 0.044665216137869
4498001, 0.039268246279469
4499001, 0.036237741025852
4500001, 0.058703325238683
4501001, 0.053314420907445
4502001, 0.079994098122689
4503001, 0.208320991536744
4504001, 0.053898961396948
4505001, 0.107754477638755
4506001, 0.070425106621051
4507001, 0.063330340507588
4508001, 0.115539078776512
4509001, 0.041462345771726
4510001, 0.068482260673056
4511001, 0.074926581321779
4512001, 0.041910622689377
4513001, 0.057104666836800
4514001, 0.125565268498698
4515001, 0.114548884643115
4516001, 0.070877548606551
4517001, 0.070415553752217
4518001, 0.094490756384569
4519001, 0.183183734172470
4520001, 0.046059060907332
4521001, 0.059314580620674
4522001, 0.054517468112862
4523001, 0.174967009902939
4524001, 0.152188458268795
4525001, 0.052883955543412
4526001, 0.139712857672350
4527001, 0.060950719896924
4528001, 0.125664360921010
4529001, 0.109899016559064
4530001, 0.040737285284886
4531001, 0.042018025659164
4532001, 0.045777546545825
4533001, 0.118892305685665
4534001, 0.065464398732132
4535001, 0.287943852129287
4536001, 0.068698350985755
4537001, 0.047389404305799
4538001, 0.069293722747467
4539001, 0.078105362064952
4540001, 0.123940086455068
4541001, 0.107864745117738
4542001, 0.040186523551984
4543001, 0.048321862067933
4544001, 0.073995581170147
4545001, 0.088965768261616
4546001, 0.073939734498209
4547001, 0.144504127618846
4548001, 0.084282475315344
4549001, 0.195291200932210
4550001, 0.193423561994878
4551001, 0.041640940637023
4552001, 0.119190810382385
4553001, 0.055598776106126
4554001, 0.057244228161084
4555001, 0.067545260057419
4556001, 0.034088054443744
4557001, 0.145767397988245
4558001, 0.121572233900031
4559001, 0.033898281241685
4560001, 0.055618362491590
4561001, 0.041604766523504
4562001, 0.051736852928589
4563001, 0.109261826300115
4564001, 0.041641269906403
4565001, 0.053175285608513
4566001, 0.034894861072156
4567001, 0.148011506036832
4568001, 0.215455301086405
4569001, 0.041202979594686
4570001, 0.085685646122470
4571001, 0.332046087424333
4572001, 0.145618848744465
4573001, 0.090726504530860
4574001, 0.069872235328229
4575001, 0.311107913667815
4576001, 0.126763714576487
4577001, 0.048255572478823
4578001, 0.039776193984390
4579001, 0.140232003566031
4580001, 0.028837818446642
4581001, 0.321879123465287
4582001, 0.068217571563431
4583001, 0.117147875955008
4584001, 0.043016611310053
4585001, 0.104814739226311
4586001, 0.667922418600092
4587001, 0.076073953057588
4588001, 0.056505700707626
4589001, 0.057307571934203
4590001, 0.039301257766012
4591001, 0.032202011832485
4592001, 0.031828956970292
4593001, 0.043941510503513
4594001, 0.126718240828055
4595001, 0.265949176618113
4596001, 0.148966374453682
4597001, 0.104186209865336
4598001, 0.134338965596501
4599001, 0.161024686471951
4600001, 0.166753050067744
4601001, 0.106915326230752
4602001, 0.063704801036570
4603001, 0.188337601763190
4604001, 0.079728277443769
4605001, 0.085180854829725
4606001, 0.099955839689633
4607001, 0.191749389086438
4608001, 0.038570019189705
4609001, 0.082212434308787
4610001, 0.363761700934222
4611001, 0.091737299690122
4612001, 0.044538140694073
4613001, 0.237524574193901
4614001, 0.046555225675275
4615001, 0.040498992164411
4616001, 0.083825864970729
4617001, 0.093495874690521
4618001, 0.076224014030745
4619001, 0.027835140784860
4620001, 0.101704248906958
4621001, 0.030712544848912
4622001, 0.120680852193795
4623001, 0.039864005950294
4624001, 0.168418617517300
4625001, 0.059564664759092
4626001, 0.159810605413749
4627001, 0.031335370574417
4628001, 0.115927952392936
4629001, 0.105792455131253
4630001, 0.053799076914202
4631001, 0.032711324587313
4632001, 0.038112351279248
4633001, 0.197368229570342
4634001, 0.031723527859138
4635001, 0.030234878939139
4636001, 0.049018055609368
4637001, 0.062896167001165
4638001, 0.137392441439975
4639001, 0.033816678167287
4640001, 0.056751228640863
4641001, 0.106485357599509
4642001, 0.147628225632809
4643001, 0.043089331204038
4644001, 0.180604979538146
4645001, 0.040013420252394
4646001, 0.047655773322677
4647001, 0.059477451910065
4648001, 0.433851846657901
4649001, 0.166577043081296
4650001, 0.140972047144256
4651001, 0.115307453248102
4652001, 0.029453274255900
4653001, 0.109551775281465
4654001, 0.165141920132119
4655001, 0.036863684996702
4656001, 0.030303155997627
4657001, 0.183784128344757
4658001, 0.039965069290019
4659001, 0.052547798866006
4660001, 0.154677185737490
4661001, 0.045213363298114
4662001, 0.242841566727556
4663001, 0.258319716428468
4664001, 0.027450538196863
4665001, 0.044574491805315
4666001, 0.032713389256658
4667001, 0.203127974515518
4668001, 0.028726669441592
4669001, 0.122041983531560
4670001, 0.031563193839587
4671001, 0.074384125804974
4672001, 0.134961906208376
4673001, 0.031687047565213
4674001, 0.169090096274636
4675001, 0.058260469697549
4676001, 0.242069929825382
4677001, 0.054640013841979
4678001, 0.062538671145386
4679001, 0.098486936219361
4680001, 0.141704630351524
4681001, 0.071174329932824
4682001, 0.063798723332509
4683001, 0.060956568930561
4684001, 0.100153661883259
4685001, 0.147113497588062
4686001, 0.104505329767815
4687001, 0.192181775135914
4688001, 0.072486027066687
4689001, 0.078506496219162
4690001, 0.108170399112455
4691001, 0.087386723157064
4692001, 0.083326427260886
4693001, 0.119338648510586
4694001, 0.035196550140303
4695001, 0.142803485084675
4696001, 0.063253771615356
4697001, 0.036524506024992
4698001, 0.104750800470288
4699001, 0.062807515036749
4700001, 0.102321897931039
4701001, 0.046317265764219
4702001, 0.086487045394431
4703001, 0.097622431472771
4704001, 0.061031159697469
4705001, 0.054295711259320
4706001, 0.036728501900432
4707001, 0.094645371266856
4708001, 0.180113923273625
4709001, 0.058507722663254
4710001, 0.101882728326672
4711001, 0.235170297532827
4712001, 0.033678387249030
4713001, 0.093316085965302
4714001, 0.073428703167809
4715001, 0.053918030135761
4716001, 0.076214327235867
4717001, 0.029733433255688
4718001, 0.235177467175075
4719001, 0.048184685623227
4720001, 0.063690538806953
4721001, 0.036636770335273
4722001, 0.083631693203038
4723001, 0.118790631856676
4724001, 0.056697436134395
4725001, 0.158998406944613
4726001, 0.038018113065610
4727001, 0.120432336981006
4728001, 0.050615741555172
4729001, 0.119776556626299
4730001, 0.046122707043150
4731001, 0.041904934526774
4732001, 0.516046515510431
4733001, 0.081908441070076
4734001, 0.178831307275365
4735001, 0.044603551816280
4736001, 0.103915763801316
4737001, 0.090029353048883
4738001, 0.245491338429124
4739001, 0.151872571361207
4740001, 0.135726165710044
4741001, 0.082999863668143
4742001, 0.092170346741763
4743001, 0.056382589122059
4744001, 0.047395995893813
4745001, 0.119947409321003
4746001, 0.167788810534486
4747001, 0.112771671669417
4748001, 0.081474089845245
4749001, 0.089930708750875
4750001, 0.098209902123285
4751001, 0.036371886628989
4752001, 0.170919635495367
4753001, 0.030349118664737
4754001, 0.030655958956313
4755001, 0.131723754323694
4756001, 0.025773539849540
4757001, 0.065357608240664
4758001, 0.194318804390250
4759001, 0.076398686767170
4760001, 0.144041719234352
4761001, 0.075888107975227
4762001, 0.178133168559773
4763001, 0.129422747359485
4764001, 0.122158647952411
4765001, 0.039946511289990
4766001, 0.082426212133341
4767001, 0.194125017133561
4768001, 0.070827193035356
4769001, 0.063085057611857
4770001, 0.081295479200066
4771001, 0.102142003001316
4772001, 0.131351722388471
4773001, 0.326606188441221
4774001, 0.228379039401929
4775001, 0.057318597162729
4776001, 0.045088968165080
4777001, 0.082622592806776
4778001, 0.119929733957537
4779001, 0.206133481523930
4780001, 0.105492959600520
4781001, 0.090708355195398
4782001, 0.098565791128165
4783001, 0.458622362187606
4784001, 0.088850511353514
4785001, 0.160019103722705
4786001, 0.029538651701506
4787001, 0.022941498830527
4788001, 0.135527951363966
4789001, 0.075767022501870
4790001, 0.267974771403865
4791001, 0.186120849419475
4792001, 0.092023895546633
4793001, 0.044367371237940
4794001, 0.416064666190306
4795001, 0.200440122383411
4796001, 0.041396600981598
4797001, 0.049528545100138
4798001, 0.072203600776621
4799001, 0.126956577064732
4800001, 0.076483218429447
4801001, 0.102624323282572
4802001, 0.097974422526014
4803001, 0.018713007458776
4804001, 0.108588180493052
4805001, 0.100416271300521
4806001, 0.057674656803416
4807001, 0.037617170593418
4808001, 0.041142046087728
4809001, 0.087885744679303
4810001, 0.076824130360157
4811001, 0.033289192801532
4812001, 0.211937723725366
4813001, 0.019412336888644
4814001, 0.083077732840361
4815001, 0.064299106013362
4816001, 0.087118739602564
4817001, 0.046492945345692
4818001, 0.035698741048368
4819001, 0.050596250794796
4820001, 0.137151799902759
4821001, 0.039146252270745
4822001, 0.026859490048253
4823001, 0.101983894155560
4824001, 0.126638340891081
4825001, 0.993694304973344
4826001, 0.022711661340059
4827001, 0.053800220410521
4828001, 0.054679226651022
4829001, 0.129270883433487
4830001, 0.047738574298875
4831001, 0.034413214460028
4832001, 0.166977100035656
4833001, 0.229681238992673
4834001, 0.115168164451905
4835001, 0.086488827181345
4836001, 0.059801522664671
4837001, 0.024441024881102
4838001, 0.047132532991697
4839001, 0.040100051335280
4840001, 0.020979774349301
4841001, 0.036064342759961
4842001, 0.098993693421677
4843001, 0.039083893901708
4844001, 0.029131059054786
4845001, 0.045543402260761
4846001, 0.144159865700807
4847001, 0.097641782684154
4848001, 0.216318983016996
4849001, 0.029020178785178
4850001, 0.110692145649747
4851001, 0.115549236355748
4852001, 0.027497824250429
4853001, 0.078539853338331
4854001, 0.171885474898092
4855001, 0.057944851376348
4856001, 0.062042403436799
4857001, 0.069815635449709
4858001, 0.036090547487910
4859001, 0.134393564624818
4860001, 0.067947009744995
4861001, 0.115708591954396
4862001, 0.155920253052197
4863001, 0.131661439780170
4864001, 0.065329458917582
4865001, 0.056820821896007
4866001, 0.143400865133023
4867001, 0.155635218180849
4868001, 0.020156261656265
4869001, 0.092459293253853
4870001, 0.028553348152901
4871001, 0.160935451953692
4872001, 0.094830645060366
4873001, 0.114088791163589
4874001, 0.119013912863168
4875001, 0.171517332544770
4876001, 0.159888392004079
4877001, 0.025888861455393
4878001, 0.268165066071162
4879001, 0.372272085156395
4880001, 0.047400405703178
4881001, 0.026676804234058
4882001, 0.247983352704924
4883001, 0.057841678823763
4884001, 0.196993643556006
4885001, 0.072201715564565
4886001, 0.046652698090312
4887001, 0.187325580173792
4888001, 0.030122203150215
4889001, 0.146770781755485
4890001, 0.013765250216607
4891001, 0.035722392920394
4892001, 0.017816066379582
4893001, 0.013697483195890
4894001, 0.111415256644589
4895001, 0.013166066099206
4896001, 0.031056339794295
4897001, 0.016485090987702
4898001, 0.230814654840333
4899001, 0.070606307194586
4900001, 0.042463569997551
4901001, 0.021248837646402
4902001, 0.108432683855696
4903001, 0.074481131350975
4904001, 0.090924039556906
4905001, 0.073828325353919
4906001, 0.036430969931682
4907001, 0.034542330560483
4908001, 0.086762541603060
4909001, 0.018517882278151
4910001, 0.032216721622420
4911001, 0.046194489808632
4912001, 0.400912374367161
4913001, 0.019731600538642
4914001, 0.125618190387106
4915001, 0.273246781112592
4916001, 0.027698526124123
4917001, 0.046262258236626
4918001, 0.125137818782645
4919001, 0.241899883523997
4920001, 0.029808556516387
4921001, 0.076009550833999
4922001, 0.025320005611074
4923001, 0.024880077614426
4924001, 0.085620230708810
4925001, 0.098729768439674
4926001, 0.085237316828434
4927001, 0.162759094010031
4928001, 0.152289534406787
4929001, 0.039223738283301
4930001, 0.060084283360146
4931001, 0.115679121327918
4932001, 0.098629615569344
4933001, 0.043732168456985
4934001, 0.133055718663475
4935001, 0.021401492440961
4936001, 0.093784524967710
4937001, 0.013829947571028
4938001, 0.047430901790798
4939001, 0.025214449848132
4940001, 0.134852654359706
4941001, 0.089718109673435
4942001, 0.203017790886044
4943001, 0.035265006339651
4944001, 0.092741566064507
4945001, 0.202661099877900
4946001, 0.056746367598671
4947001, 0.028351780022537
4948001, 0.319229805658632
4949001, 0.119298566454870
4950001, 0.067901139602257
4951001, 0.080300423572983
4952001, 0.062343443293885
4953001, 0.078232369600824
4954001, 0.091325972429464
4955001, 0.056803333778503
4956001, 0.039795609562708
4957001, 0.046295533504233
4958001, 0.089680420363908
4959001, 0.072161817297156
4960001, 0.108402352296665
4961001, 0.066061282595774
4962001, 0.106841697282339
4963001, 0.057157546566851
4964001, 0.075055000858115
4965001, 0.011154737558139
4966001, 0.112367250229401
4967001, 0.078772331416562
4968001, 0.111164507141001
4969001, 0.020974298640386
4970001, 0.037072322809785
4971001, 0.019403276690536
4972001, 0.037595948150470
4973001, 0.043619663342814
4974001, 0.084309166811798
4975001, 0.112547994014739
4976001, 0.029310344355611
4977001, 0.032737108242243
4978001, 0.070312836130853
4979001, 0.015227812478231
4980001, 0.078500878835642
4981001, 0.040884656043635
4982001, 0.044180822117082
4983001, 0.120140338225301
4984001, 0.117197880796840
4985001, 0.226528448526013
4986001, 0.016827481139510
4987001, 0.080913458361676
4988001, 0.068675367764643
4989001, 0.015242058852033
4990001, 0.138081095401953
4991001, 0.015085923084698
4992001, 0.030315757590995
4993001, 0.067542556843982
4994001, 0.063819910038309
4995001, 0.096168752152949
4996001, 0.052935564257894
4997001, 0.081017179280875
4998001, 0.050261684338318
4999001, 0.152960554262650
