W0204 02:19:05.064379  3022 gpu_resources.cc:119] Please NOTE: device: 0, GPU Compute Capability: 8.9, Driver API Version: 12.4, Runtime API Version: 11.8
W0204 02:19:05.068017  3022 gpu_resources.cc:164] device: 0, cuDNN Version: 8.9.
No checkpoint found at 'checkpoint.pth'
Resuming training from checkpoint...
0 156287.703125 1.0012617 1.0012376
Saving checkpoint at epoch 1000 with improved loss: 125207.5546875
Model checkpoint saved at epoch 1000, batch 1
1000 125196.484375 0.94724965 0.9467437
Saving checkpoint at epoch 2000 with improved loss: 109136.6171875
Model checkpoint saved at epoch 2000, batch 1
2000 109114.9140625 0.9152452 0.9139051
Saving checkpoint at epoch 3000 with improved loss: 81708.0703125
Model checkpoint saved at epoch 3000, batch 1
3000 81677.875 0.8513194 0.8495804
Saving checkpoint at epoch 4000 with improved loss: 50421.671875
Model checkpoint saved at epoch 4000, batch 1
4000 50390.08203125 0.7544886 0.75352514
Saving checkpoint at epoch 5000 with improved loss: 22604.26171875
Model checkpoint saved at epoch 5000, batch 1
5000 22582.900390625 0.61732143 0.6166522
Saving checkpoint at epoch 6000 with improved loss: 8854.2158203125
Model checkpoint saved at epoch 6000, batch 1
6000 8847.1513671875 0.4883906 0.48860094
Saving checkpoint at epoch 7000 with improved loss: 4684.88916015625
Model checkpoint saved at epoch 7000, batch 1
7000 4681.92529296875 0.41655517 0.41769645
Saving checkpoint at epoch 8000 with improved loss: 2755.682861328125
Model checkpoint saved at epoch 8000, batch 1
8000 2754.502197265625 0.3648188 0.36641115
Saving checkpoint at epoch 9000 with improved loss: 1791.1072998046875
Model checkpoint saved at epoch 9000, batch 1
9000 1790.662353515625 0.32758185 0.32907543
Saving checkpoint at epoch 10000 with improved loss: 1333.5989990234375
Model checkpoint saved at epoch 10000, batch 1
10000 1333.2818603515625 0.30429646 0.30535895
Saving checkpoint at epoch 11000 with improved loss: 1070.7802734375
Model checkpoint saved at epoch 11000, batch 1
11000 1070.963623046875 0.288078 0.28886023
Saving checkpoint at epoch 12000 with improved loss: 876.681884765625
Model checkpoint saved at epoch 12000, batch 1
12000 876.4972534179688 0.2740022 0.27460104
Saving checkpoint at epoch 13000 with improved loss: 721.8513793945312
Model checkpoint saved at epoch 13000, batch 1
13000 721.679443359375 0.2610072 0.26154104
Saving checkpoint at epoch 14000 with improved loss: 596.8876953125
Model checkpoint saved at epoch 14000, batch 1
14000 596.6883544921875 0.24888763 0.24952939
Saving checkpoint at epoch 15000 with improved loss: 495.4930114746094
Model checkpoint saved at epoch 15000, batch 1
15000 495.47955322265625 0.2375871 0.23828565
Saving checkpoint at epoch 16000 with improved loss: 414.5665588378906
Model checkpoint saved at epoch 16000, batch 1
16000 414.4204406738281 0.22720963 0.22814105
Saving checkpoint at epoch 17000 with improved loss: 349.5724792480469
Model checkpoint saved at epoch 17000, batch 1
17000 349.34857177734375 0.2177114 0.21873133
Saving checkpoint at epoch 18000 with improved loss: 298.13275146484375
Model checkpoint saved at epoch 18000, batch 1
18000 298.1979675292969 0.20926306 0.2102095
Saving checkpoint at epoch 19000 with improved loss: 257.4578857421875
Model checkpoint saved at epoch 19000, batch 1
19000 257.34423828125 0.20169495 0.20266415
Saving checkpoint at epoch 20000 with improved loss: 224.21754455566406
Model checkpoint saved at epoch 20000, batch 1
20000 224.26702880859375 0.19487575 0.19602785
Saving checkpoint at epoch 21000 with improved loss: 197.68775939941406
Model checkpoint saved at epoch 21000, batch 1
21000 197.9134063720703 0.18887968 0.19013457
Saving checkpoint at epoch 22000 with improved loss: 176.05628967285156
Model checkpoint saved at epoch 22000, batch 1
22000 175.9960174560547 0.18341807 0.18470085
Saving checkpoint at epoch 23000 with improved loss: 158.66409301757812
Model checkpoint saved at epoch 23000, batch 1
23000 158.98768615722656 0.17881638 0.18032339
Saving checkpoint at epoch 24000 with improved loss: 143.8417205810547
Model checkpoint saved at epoch 24000, batch 1
24000 143.89608764648438 0.17441292 0.1758591
Saving checkpoint at epoch 25000 with improved loss: 132.53504943847656
Model checkpoint saved at epoch 25000, batch 1
25000 132.2581024169922 0.1707741 0.17197897
Saving checkpoint at epoch 26000 with improved loss: 122.22640991210938
Model checkpoint saved at epoch 26000, batch 1
26000 122.17908477783203 0.1674232 0.16872649
Saving checkpoint at epoch 27000 with improved loss: 113.6011962890625
Model checkpoint saved at epoch 27000, batch 1
27000 113.66303253173828 0.16442627 0.16583115
Saving checkpoint at epoch 28000 with improved loss: 106.51066589355469
Model checkpoint saved at epoch 28000, batch 1
28000 106.61672973632812 0.16181648 0.16311623
Saving checkpoint at epoch 29000 with improved loss: 100.02699279785156
Model checkpoint saved at epoch 29000, batch 1
29000 100.06513214111328 0.15927115 0.16063283
Saving checkpoint at epoch 30000 with improved loss: 94.50753021240234
Model checkpoint saved at epoch 30000, batch 1
30000 94.54324340820312 0.1570269 0.15852763
Saving checkpoint at epoch 31000 with improved loss: 89.50529479980469
Model checkpoint saved at epoch 31000, batch 1
31000 89.53301239013672 0.15490384 0.15649217
Saving checkpoint at epoch 32000 with improved loss: 85.2682876586914
Model checkpoint saved at epoch 32000, batch 1
32000 85.08426666259766 0.1529427 0.15455998
Saving checkpoint at epoch 33000 with improved loss: 81.80005645751953
Model checkpoint saved at epoch 33000, batch 1
33000 81.64630126953125 0.15137374 0.15291016
Saving checkpoint at epoch 34000 with improved loss: 77.86557006835938
Model checkpoint saved at epoch 34000, batch 1
34000 77.95958709716797 0.14963521 0.15137944
Saving checkpoint at epoch 35000 with improved loss: 74.6849136352539
Model checkpoint saved at epoch 35000, batch 1
35000 74.63417053222656 0.14801332 0.14962366
Saving checkpoint at epoch 36000 with improved loss: 71.98961639404297
Model checkpoint saved at epoch 36000, batch 1
36000 71.92938995361328 0.1466537 0.14822385
Saving checkpoint at epoch 37000 with improved loss: 69.56745147705078
Model checkpoint saved at epoch 37000, batch 1
37000 69.61681365966797 0.14546046 0.1472601
Saving checkpoint at epoch 38000 with improved loss: 66.7552261352539
Model checkpoint saved at epoch 38000, batch 1
38000 66.60868835449219 0.143863 0.1455456
Saving checkpoint at epoch 39000 with improved loss: 64.66460418701172
Model checkpoint saved at epoch 39000, batch 1
39000 64.70970153808594 0.1428265 0.14461315
Saving checkpoint at epoch 40000 with improved loss: 64.37740325927734
Model checkpoint saved at epoch 40000, batch 1
40000 64.34721374511719 0.14262606 0.14384454
Saving checkpoint at epoch 41000 with improved loss: 61.0120849609375
Model checkpoint saved at epoch 41000, batch 1
41000 60.829551696777344 0.14063552 0.14217186
Saving checkpoint at epoch 42000 with improved loss: 58.66063690185547
Model checkpoint saved at epoch 42000, batch 1
42000 58.638221740722656 0.13935149 0.14100909
Saving checkpoint at epoch 43000 with improved loss: 57.48189926147461
Model checkpoint saved at epoch 43000, batch 1
43000 57.44336700439453 0.13863613 0.1406873
Saving checkpoint at epoch 44000 with improved loss: 55.148738861083984
Model checkpoint saved at epoch 44000, batch 1
44000 55.12200164794922 0.13721375 0.13889405
Saving checkpoint at epoch 45000 with improved loss: 53.604278564453125
Model checkpoint saved at epoch 45000, batch 1
45000 53.6258430480957 0.13627304 0.13798219
Saving checkpoint at epoch 46000 with improved loss: 52.795127868652344
Model checkpoint saved at epoch 46000, batch 1
46000 52.664772033691406 0.13565832 0.137207
Saving checkpoint at epoch 47000 with improved loss: 50.9578971862793
Model checkpoint saved at epoch 47000, batch 1
47000 50.93843078613281 0.13453269 0.1362618
Saving checkpoint at epoch 48000 with improved loss: 49.53136444091797
Model checkpoint saved at epoch 48000, batch 1
48000 49.57540512084961 0.13362356 0.13536562
Saving checkpoint at epoch 49000 with improved loss: 48.41197967529297
Model checkpoint saved at epoch 49000, batch 1
49000 48.4268913269043 0.13284281 0.13453692
Saving checkpoint at epoch 50000 with improved loss: 47.42998504638672
Model checkpoint saved at epoch 50000, batch 1
50000 47.444580078125 0.13216397 0.13367583
Saving checkpoint at epoch 51000 with improved loss: 46.20625305175781
Model checkpoint saved at epoch 51000, batch 1
51000 46.21710205078125 0.13130072 0.13278802
Saving checkpoint at epoch 52000 with improved loss: 45.26658630371094
Model checkpoint saved at epoch 52000, batch 1
52000 45.31260681152344 0.13065355 0.13221687
Saving checkpoint at epoch 53000 with improved loss: 44.03532028198242
Model checkpoint saved at epoch 53000, batch 1
53000 44.019901275634766 0.12971157 0.13137792
Saving checkpoint at epoch 54000 with improved loss: 43.26626968383789
Model checkpoint saved at epoch 54000, batch 1
54000 43.2691650390625 0.12915494 0.13077089
Saving checkpoint at epoch 55000 with improved loss: 42.34571075439453
Model checkpoint saved at epoch 55000, batch 1
55000 42.376407623291016 0.12848353 0.13011836
Saving checkpoint at epoch 56000 with improved loss: 41.546531677246094
Model checkpoint saved at epoch 56000, batch 1
56000 41.48862075805664 0.12780523 0.12944612
Saving checkpoint at epoch 57000 with improved loss: 40.58995819091797
Model checkpoint saved at epoch 57000, batch 1
57000 40.57582092285156 0.1270964 0.12863825
Saving checkpoint at epoch 58000 with improved loss: 39.81728744506836
Model checkpoint saved at epoch 58000, batch 1
58000 39.856964111328125 0.1265297 0.12828667
Checkpoint not saved at epoch 59000, loss did not improve.
59000 39.088531494140625 0.1259154 0.12806481
Saving checkpoint at epoch 60000 with improved loss: 38.34019088745117
Model checkpoint saved at epoch 60000, batch 1
60000 38.355560302734375 0.1253209 0.12693462
Checkpoint not saved at epoch 61000, loss did not improve.
61000 38.207027435302734 0.12519939 0.12676632
Saving checkpoint at epoch 62000 with improved loss: 37.156307220458984
Model checkpoint saved at epoch 62000, batch 1
62000 37.07243347167969 0.12425939 0.12597826
Saving checkpoint at epoch 63000 with improved loss: 36.45117950439453
Model checkpoint saved at epoch 63000, batch 1
63000 36.42308807373047 0.12371164 0.12527047
Saving checkpoint at epoch 64000 with improved loss: 35.84048080444336
Model checkpoint saved at epoch 64000, batch 1
64000 35.804012298583984 0.123182595 0.1245339
Saving checkpoint at epoch 65000 with improved loss: 35.245670318603516
Model checkpoint saved at epoch 65000, batch 1
65000 35.183349609375 0.122645244 0.124509946
Saving checkpoint at epoch 66000 with improved loss: 34.716617584228516
Model checkpoint saved at epoch 66000, batch 1
66000 34.678192138671875 0.12220263 0.12372042
Saving checkpoint at epoch 67000 with improved loss: 34.545265197753906
Model checkpoint saved at epoch 67000, batch 1
67000 34.36792755126953 0.121928364 0.123438336
Saving checkpoint at epoch 68000 with improved loss: 33.533416748046875
Model checkpoint saved at epoch 68000, batch 1
68000 33.54035949707031 0.12118766 0.122671
Saving checkpoint at epoch 69000 with improved loss: 33.18893051147461
Model checkpoint saved at epoch 69000, batch 1
69000 33.23992156982422 0.120915346 0.1223518
Saving checkpoint at epoch 70000 with improved loss: 32.69135665893555
Model checkpoint saved at epoch 70000, batch 1
70000 32.710601806640625 0.12043107 0.1216245
Saving checkpoint at epoch 71000 with improved loss: 32.245662689208984
Model checkpoint saved at epoch 71000, batch 1
71000 32.19313049316406 0.11995192 0.121361986
Saving checkpoint at epoch 72000 with improved loss: 31.678871154785156
Model checkpoint saved at epoch 72000, batch 1
72000 31.735464096069336 0.11952332 0.12113268
Saving checkpoint at epoch 73000 with improved loss: 31.2590274810791
Model checkpoint saved at epoch 73000, batch 1
73000 31.322284698486328 0.11913236 0.120427534
Checkpoint not saved at epoch 74000, loss did not improve.
74000 31.263174057006836 0.119076125 0.120232694
Saving checkpoint at epoch 75000 with improved loss: 31.090457916259766
Model checkpoint saved at epoch 75000, batch 1
75000 31.093793869018555 0.11891451 0.12080405
Saving checkpoint at epoch 76000 with improved loss: 29.961469650268555
Model checkpoint saved at epoch 76000, batch 1
76000 29.95650863647461 0.11781192 0.11916335
Saving checkpoint at epoch 77000 with improved loss: 29.538772583007812
Model checkpoint saved at epoch 77000, batch 1
77000 29.526275634765625 0.11738663 0.11879948
Saving checkpoint at epoch 78000 with improved loss: 29.199172973632812
Model checkpoint saved at epoch 78000, batch 1
78000 29.201854705810547 0.11706283 0.1182133
Checkpoint not saved at epoch 79000, loss did not improve.
79000 29.305973052978516 0.11716703 0.11801251
Saving checkpoint at epoch 80000 with improved loss: 28.53687286376953
Model checkpoint saved at epoch 80000, batch 1
80000 28.6123104095459 0.11646747 0.118012056
Checkpoint not saved at epoch 81000, loss did not improve.
81000 28.789270401000977 0.11664714 0.11778715
Saving checkpoint at epoch 82000 with improved loss: 27.894363403320312
Model checkpoint saved at epoch 82000, batch 1
82000 27.85326385498047 0.11568723 0.11699241
Saving checkpoint at epoch 83000 with improved loss: 27.60173797607422
Model checkpoint saved at epoch 83000, batch 1
83000 27.622060775756836 0.11544641 0.1166001
Saving checkpoint at epoch 84000 with improved loss: 27.192705154418945
Model checkpoint saved at epoch 84000, batch 1
84000 27.215099334716797 0.115018815 0.116542324
Saving checkpoint at epoch 85000 with improved loss: 27.0087890625
Model checkpoint saved at epoch 85000, batch 1
85000 27.033231735229492 0.11482618 0.11574657
Saving checkpoint at epoch 86000 with improved loss: 26.626693725585938
Model checkpoint saved at epoch 86000, batch 1
86000 26.52674102783203 0.114284515 0.11561657
Saving checkpoint at epoch 87000 with improved loss: 26.240537643432617
Model checkpoint saved at epoch 87000, batch 1
87000 26.244834899902344 0.11397967 0.11535853
Saving checkpoint at epoch 88000 with improved loss: 25.939090728759766
Model checkpoint saved at epoch 88000, batch 1
88000 25.94991111755371 0.11365811 0.114924595
Saving checkpoint at epoch 89000 with improved loss: 25.669755935668945
Model checkpoint saved at epoch 89000, batch 1
89000 25.680479049682617 0.113361925 0.11473354
Saving checkpoint at epoch 90000 with improved loss: 25.51551055908203
Model checkpoint saved at epoch 90000, batch 1
90000 25.59041976928711 0.11326241 0.115086466
Saving checkpoint at epoch 91000 with improved loss: 25.114887237548828
Model checkpoint saved at epoch 91000, batch 1
91000 25.132593154907227 0.11275239 0.11455666
Saving checkpoint at epoch 92000 with improved loss: 24.9132080078125
Model checkpoint saved at epoch 92000, batch 1
92000 24.873117446899414 0.11246023 0.11417123
Saving checkpoint at epoch 93000 with improved loss: 24.730470657348633
Model checkpoint saved at epoch 93000, batch 1
93000 24.769519805908203 0.112342946 0.11362158
Saving checkpoint at epoch 94000 with improved loss: 24.407590866088867
Model checkpoint saved at epoch 94000, batch 1
94000 24.426237106323242 0.11195167 0.11300466
Checkpoint not saved at epoch 95000, loss did not improve.
95000 24.741554260253906 0.11231122 0.11332294
Saving checkpoint at epoch 96000 with improved loss: 24.171890258789062
Model checkpoint saved at epoch 96000, batch 1
96000 24.102102279663086 0.1115784 0.11268056
Saving checkpoint at epoch 97000 with improved loss: 23.787151336669922
Model checkpoint saved at epoch 97000, batch 1
97000 23.755855560302734 0.11117549 0.112357736
Saving checkpoint at epoch 98000 with improved loss: 23.677839279174805
Model checkpoint saved at epoch 98000, batch 1
98000 23.725711822509766 0.111140214 0.11251899
Saving checkpoint at epoch 99000 with improved loss: 23.346237182617188
Model checkpoint saved at epoch 99000, batch 1
99000 23.2608699798584 0.11059179 0.11185474
Checkpoint not saved at epoch 100000, loss did not improve.
100000 23.940731048583984 0.111391164 0.11239789
Saving checkpoint at epoch 101000 with improved loss: 22.99996566772461
Model checkpoint saved at epoch 101000, batch 1
101000 22.93099594116211 0.110197596 0.11187774
Checkpoint not saved at epoch 102000, loss did not improve.
102000 23.97873878479004 0.11143536 0.11237594
Checkpoint not saved at epoch 103000, loss did not improve.
103000 23.23287010192871 0.110558495 0.11115652
Saving checkpoint at epoch 104000 with improved loss: 22.2100830078125
Model checkpoint saved at epoch 104000, batch 1
104000 22.24183464050293 0.10936015 0.11031202
Saving checkpoint at epoch 105000 with improved loss: 22.033390045166016
Model checkpoint saved at epoch 105000, batch 1
105000 22.079078674316406 0.10915954 0.11078827
Saving checkpoint at epoch 106000 with improved loss: 21.749143600463867
Model checkpoint saved at epoch 106000, batch 1
106000 21.743650436401367 0.10874256 0.10998806
Saving checkpoint at epoch 107000 with improved loss: 21.67449951171875
Model checkpoint saved at epoch 107000, batch 1
107000 21.758054733276367 0.10876056 0.110259466
Saving checkpoint at epoch 108000 with improved loss: 21.494626998901367
Model checkpoint saved at epoch 108000, batch 1
108000 21.420974731445312 0.10833685 0.10954298
Saving checkpoint at epoch 109000 with improved loss: 21.287939071655273
Model checkpoint saved at epoch 109000, batch 1
109000 21.272687911987305 0.10814887 0.10969709
Saving checkpoint at epoch 110000 with improved loss: 21.013174057006836
Model checkpoint saved at epoch 110000, batch 1
110000 21.041370391845703 0.10785366 0.109178424
Checkpoint not saved at epoch 111000, loss did not improve.
111000 21.475099563598633 0.10840522 0.10942588
Checkpoint not saved at epoch 112000, loss did not improve.
112000 21.190319061279297 0.108044036 0.1090082
Saving checkpoint at epoch 113000 with improved loss: 20.528059005737305
Model checkpoint saved at epoch 113000, batch 1
113000 20.527143478393555 0.10718858 0.108388096
Saving checkpoint at epoch 114000 with improved loss: 20.346256256103516
Model checkpoint saved at epoch 114000, batch 1
114000 20.329463958740234 0.10692959 0.10799364
Checkpoint not saved at epoch 115000, loss did not improve.
115000 20.45917320251465 0.10709975 0.10808065
Saving checkpoint at epoch 116000 with improved loss: 20.10791778564453
Model checkpoint saved at epoch 116000, batch 1
116000 20.082189559936523 0.10660293 0.10806031
Saving checkpoint at epoch 117000 with improved loss: 19.903295516967773
Model checkpoint saved at epoch 117000, batch 1
117000 19.880918502807617 0.10633483 0.10838046
Checkpoint not saved at epoch 118000, loss did not improve.
118000 19.9008846282959 0.106361516 0.10723823
Checkpoint not saved at epoch 119000, loss did not improve.
119000 19.666519165039062 0.106046975 0.107275516
Saving checkpoint at epoch 120000 with improved loss: 19.674015045166016
Model checkpoint saved at epoch 120000, batch 1
120000 19.713947296142578 0.106110856 0.10750026
Saving checkpoint at epoch 121000 with improved loss: 19.367061614990234
Model checkpoint saved at epoch 121000, batch 1
121000 19.237953186035156 0.10546446 0.10704934
Saving checkpoint at epoch 122000 with improved loss: 19.234331130981445
Model checkpoint saved at epoch 122000, batch 1
122000 19.10832405090332 0.105286345 0.10684362
Saving checkpoint at epoch 123000 with improved loss: 19.0424861907959
Model checkpoint saved at epoch 123000, batch 1
123000 19.122894287109375 0.10530641 0.106412776
Saving checkpoint at epoch 124000 with improved loss: 18.85435676574707
Model checkpoint saved at epoch 124000, batch 1
124000 18.915786743164062 0.10502011 0.106205635
Checkpoint not saved at epoch 125000, loss did not improve.
125000 19.312896728515625 0.10556702 0.10660786
Saving checkpoint at epoch 126000 with improved loss: 18.758756637573242
Model checkpoint saved at epoch 126000, batch 1
126000 18.568944931030273 0.104535356 0.105474286
Saving checkpoint at epoch 127000 with improved loss: 18.665447235107422
Model checkpoint saved at epoch 127000, batch 1
127000 18.810672760009766 0.10487391 0.106168956
Saving checkpoint at epoch 128000 with improved loss: 18.585899353027344
Model checkpoint saved at epoch 128000, batch 1
128000 18.535369873046875 0.10448808 0.105563
Saving checkpoint at epoch 129000 with improved loss: 18.292558670043945
Model checkpoint saved at epoch 129000, batch 1
129000 18.34062385559082 0.10421254 0.1053836
Checkpoint not saved at epoch 130000, loss did not improve.
130000 18.196069717407227 0.10400657 0.10507214
Saving checkpoint at epoch 131000 with improved loss: 18.132396697998047
Model checkpoint saved at epoch 131000, batch 1
131000 18.224185943603516 0.10404673 0.10524908
Checkpoint not saved at epoch 132000, loss did not improve.
132000 18.51313591003418 0.10445672 0.105419226
Saving checkpoint at epoch 133000 with improved loss: 17.860074996948242
Model checkpoint saved at epoch 133000, batch 1
133000 17.846330642700195 0.10350317 0.104160085
Saving checkpoint at epoch 134000 with improved loss: 17.590715408325195
Model checkpoint saved at epoch 134000, batch 1
134000 17.586427688598633 0.10312425 0.10419088
Saving checkpoint at epoch 135000 with improved loss: 17.497407913208008
Model checkpoint saved at epoch 135000, batch 1
135000 17.485862731933594 0.10297652 0.10390402
Saving checkpoint at epoch 136000 with improved loss: 17.42124366760254
Model checkpoint saved at epoch 136000, batch 1
136000 17.67530632019043 0.1032543 0.10545263
Saving checkpoint at epoch 137000 with improved loss: 17.279949188232422
Model checkpoint saved at epoch 137000, batch 1
137000 17.28680419921875 0.10268218 0.103892915
Saving checkpoint at epoch 138000 with improved loss: 17.22658920288086
Model checkpoint saved at epoch 138000, batch 1
138000 17.169082641601562 0.10250691 0.10373764
Checkpoint not saved at epoch 139000, loss did not improve.
139000 17.240388870239258 0.10261319 0.103419535
Saving checkpoint at epoch 140000 with improved loss: 16.873395919799805
Model checkpoint saved at epoch 140000, batch 1
140000 16.88713836669922 0.102083474 0.103179
Saving checkpoint at epoch 141000 with improved loss: 16.843647003173828
Model checkpoint saved at epoch 141000, batch 1
141000 16.882333755493164 0.10207621 0.10352113
Saving checkpoint at epoch 142000 with improved loss: 16.72638702392578
Model checkpoint saved at epoch 142000, batch 1
142000 16.745922088623047 0.101869375 0.10321802
Saving checkpoint at epoch 143000 with improved loss: 16.675569534301758
Model checkpoint saved at epoch 143000, batch 1
143000 16.730037689208984 0.10184521 0.102527805
Checkpoint not saved at epoch 144000, loss did not improve.
144000 16.69503402709961 0.10179192 0.10237219
Saving checkpoint at epoch 145000 with improved loss: 16.453670501708984
Model checkpoint saved at epoch 145000, batch 1
145000 16.459699630737305 0.10143128 0.102303706
Saving checkpoint at epoch 146000 with improved loss: 16.32067108154297
Model checkpoint saved at epoch 146000, batch 1
146000 16.357545852661133 0.10127353 0.102420524
Saving checkpoint at epoch 147000 with improved loss: 16.271596908569336
Model checkpoint saved at epoch 147000, batch 1
147000 16.2766056060791 0.10114801 0.10211845
Checkpoint not saved at epoch 148000, loss did not improve.
148000 16.4649715423584 0.101439394 0.101761885
Saving checkpoint at epoch 149000 with improved loss: 16.03754425048828
Model checkpoint saved at epoch 149000, batch 1
149000 15.99690055847168 0.100710645 0.101819076
Checkpoint not saved at epoch 150000, loss did not improve.
150000 16.197559356689453 0.101024985 0.10201014
Saving checkpoint at epoch 151000 with improved loss: 15.77505111694336
Model checkpoint saved at epoch 151000, batch 1
151000 15.80632495880127 0.100409344 0.10174971
Checkpoint not saved at epoch 152000, loss did not improve.
152000 15.971414566040039 0.10067051 0.10204421
Saving checkpoint at epoch 153000 with improved loss: 15.69066047668457
Model checkpoint saved at epoch 153000, batch 1
153000 15.683649063110352 0.10021395 0.10128277
Saving checkpoint at epoch 154000 with improved loss: 15.588990211486816
Model checkpoint saved at epoch 154000, batch 1
154000 15.60565185546875 0.10008913 0.10118014
Checkpoint not saved at epoch 155000, loss did not improve.
155000 15.802776336669922 0.10040371 0.10093693
Saving checkpoint at epoch 156000 with improved loss: 15.409168243408203
Model checkpoint saved at epoch 156000, batch 1
156000 15.433868408203125 0.099812545 0.100746475
Checkpoint not saved at epoch 157000, loss did not improve.
157000 15.35602855682373 0.09968646 0.10054798
Saving checkpoint at epoch 158000 with improved loss: 15.242119789123535
Model checkpoint saved at epoch 158000, batch 1
158000 15.238167762756348 0.09949462 0.10075572
Saving checkpoint at epoch 159000 with improved loss: 15.180947303771973
Model checkpoint saved at epoch 159000, batch 1
159000 15.17619514465332 0.09939331 0.100509636
Saving checkpoint at epoch 160000 with improved loss: 15.08746337890625
Model checkpoint saved at epoch 160000, batch 1
160000 15.077812194824219 0.09923183 0.10012474
Saving checkpoint at epoch 161000 with improved loss: 14.990842819213867
Model checkpoint saved at epoch 161000, batch 1
161000 14.968700408935547 0.09905182 0.09995458
Saving checkpoint at epoch 162000 with improved loss: 14.932411193847656
Model checkpoint saved at epoch 162000, batch 1
162000 14.893535614013672 0.09892723 0.09970616
Saving checkpoint at epoch 163000 with improved loss: 14.820331573486328
Model checkpoint saved at epoch 163000, batch 1
163000 14.830910682678223 0.09882308 0.09977804
Checkpoint not saved at epoch 164000, loss did not improve.
164000 14.95966911315918 0.09903688 0.10036786
Saving checkpoint at epoch 165000 with improved loss: 14.701939582824707
Model checkpoint saved at epoch 165000, batch 1
165000 14.67588996887207 0.09856382 0.09951957
Saving checkpoint at epoch 166000 with improved loss: 14.657097816467285
Model checkpoint saved at epoch 166000, batch 1
166000 14.771869659423828 0.098724574 0.09973492
Saving checkpoint at epoch 167000 with improved loss: 14.503531455993652
Model checkpoint saved at epoch 167000, batch 1
167000 14.521995544433594 0.098304406 0.09918205
Saving checkpoint at epoch 168000 with improved loss: 14.457423210144043
Model checkpoint saved at epoch 168000, batch 1
168000 14.488807678222656 0.09824819 0.09896168
Saving checkpoint at epoch 169000 with improved loss: 14.38493824005127
Model checkpoint saved at epoch 169000, batch 1
169000 14.399155616760254 0.098095864 0.098977916
Saving checkpoint at epoch 170000 with improved loss: 14.321858406066895
Model checkpoint saved at epoch 170000, batch 1
170000 14.446357727050781 0.09817615 0.099208094
Saving checkpoint at epoch 171000 with improved loss: 14.203227043151855
Model checkpoint saved at epoch 171000, batch 1
171000 14.21762752532959 0.09778522 0.09872559
Checkpoint not saved at epoch 172000, loss did not improve.
172000 14.673163414001465 0.098559245 0.09957131
Checkpoint not saved at epoch 173000, loss did not improve.
173000 14.297883987426758 0.09792292 0.09885145
Checkpoint not saved at epoch 174000, loss did not improve.
174000 14.268352508544922 0.09787232 0.098913066
Saving checkpoint at epoch 175000 with improved loss: 14.191655158996582
Model checkpoint saved at epoch 175000, batch 1
175000 14.117744445800781 0.09761302 0.09815802
Saving checkpoint at epoch 176000 with improved loss: 13.908650398254395
Model checkpoint saved at epoch 176000, batch 1
176000 13.910686492919922 0.09725312 0.09822799
Checkpoint not saved at epoch 177000, loss did not improve.
177000 14.277606010437012 0.09788817 0.098950885
Saving checkpoint at epoch 178000 with improved loss: 13.907416343688965
Model checkpoint saved at epoch 178000, batch 1
178000 13.779282569885254 0.09702263 0.097859055
Saving checkpoint at epoch 179000 with improved loss: 13.703156471252441
Model checkpoint saved at epoch 179000, batch 1
179000 13.70913028717041 0.09689892 0.098219804
Saving checkpoint at epoch 180000 with improved loss: 13.53628158569336
Model checkpoint saved at epoch 180000, batch 1
180000 13.546127319335938 0.09660959 0.098585464
Checkpoint not saved at epoch 181000, loss did not improve.
181000 13.554200172424316 0.096623965 0.09816627
Checkpoint not saved at epoch 182000, loss did not improve.
182000 13.519412994384766 0.096561916 0.09735414
Saving checkpoint at epoch 183000 with improved loss: 13.436782836914062
Model checkpoint saved at epoch 183000, batch 1
183000 13.452263832092285 0.09644179 0.09713773
Checkpoint not saved at epoch 184000, loss did not improve.
184000 13.868766784667969 0.09717977 0.09944568
Saving checkpoint at epoch 185000 with improved loss: 13.33444595336914
Model checkpoint saved at epoch 185000, batch 1
185000 13.335031509399414 0.09623098 0.09721349
Saving checkpoint at epoch 186000 with improved loss: 13.240021705627441
Model checkpoint saved at epoch 186000, batch 1
186000 13.26334285736084 0.09610139 0.097269006
Saving checkpoint at epoch 187000 with improved loss: 13.17102336883545
Model checkpoint saved at epoch 187000, batch 1
187000 13.172228813171387 0.09593591 0.0969209
Checkpoint not saved at epoch 188000, loss did not improve.
188000 13.408965110778809 0.096364096 0.09764274
Checkpoint not saved at epoch 189000, loss did not improve.
189000 13.38855266571045 0.0963274 0.0979141
Saving checkpoint at epoch 190000 with improved loss: 13.047383308410645
Model checkpoint saved at epoch 190000, batch 1
190000 13.040759086608887 0.09569564 0.09644174
Saving checkpoint at epoch 191000 with improved loss: 12.960057258605957
Model checkpoint saved at epoch 191000, batch 1
191000 12.959195137023926 0.09554566 0.0965311
Checkpoint not saved at epoch 192000, loss did not improve.
192000 12.964675903320312 0.09555575 0.09623604
Checkpoint not saved at epoch 193000, loss did not improve.
193000 13.69766902923584 0.09687865 0.09715717
Checkpoint not saved at epoch 194000, loss did not improve.
194000 13.02547836303711 0.09566759 0.09607647
Saving checkpoint at epoch 195000 with improved loss: 12.856197357177734
Model checkpoint saved at epoch 195000, batch 1
195000 12.849898338317871 0.09534356 0.09618038
Saving checkpoint at epoch 196000 with improved loss: 12.82619857788086
Model checkpoint saved at epoch 196000, batch 1
196000 12.763503074645996 0.09518288 0.095952146
Saving checkpoint at epoch 197000 with improved loss: 12.763062477111816
Model checkpoint saved at epoch 197000, batch 1
197000 12.651984214782715 0.094974294 0.095856115
Saving checkpoint at epoch 198000 with improved loss: 12.575713157653809
Model checkpoint saved at epoch 198000, batch 1
198000 12.604323387145996 0.09488472 0.09586622
Saving checkpoint at epoch 199000 with improved loss: 12.49856185913086
Model checkpoint saved at epoch 199000, batch 1
199000 12.498527526855469 0.09468499 0.09578895
Checkpoint not saved at epoch 200000, loss did not improve.
200000 12.590483665466309 0.09485867 0.096534334
Saving checkpoint at epoch 201000 with improved loss: 12.42357349395752
Model checkpoint saved at epoch 201000, batch 1
201000 12.419867515563965 0.094535656 0.09555617
Saving checkpoint at epoch 202000 with improved loss: 12.375288963317871
Model checkpoint saved at epoch 202000, batch 1
202000 12.37593936920166 0.09445196 0.09541853
Saving checkpoint at epoch 203000 with improved loss: 12.252501487731934
Model checkpoint saved at epoch 203000, batch 1
203000 12.256217956542969 0.0942227 0.09506134
Saving checkpoint at epoch 204000 with improved loss: 12.225640296936035
Model checkpoint saved at epoch 204000, batch 1
204000 12.194759368896484 0.09410436 0.095551506
Saving checkpoint at epoch 205000 with improved loss: 12.190329551696777
Model checkpoint saved at epoch 205000, batch 1
205000 12.183403968811035 0.09408244 0.09501267
Checkpoint not saved at epoch 206000, loss did not improve.
206000 12.910533905029297 0.095455825 0.09552401
Checkpoint not saved at epoch 207000, loss did not improve.
207000 12.752631187438965 0.095162615 0.096059225
Saving checkpoint at epoch 208000 with improved loss: 12.138550758361816
Model checkpoint saved at epoch 208000, batch 1
208000 12.116592407226562 0.0939532 0.09517923
Saving checkpoint at epoch 209000 with improved loss: 12.003274917602539
Model checkpoint saved at epoch 209000, batch 1
209000 11.986875534057617 0.09370072 0.094893694
Checkpoint not saved at epoch 210000, loss did not improve.
210000 12.069090843200684 0.09386098 0.09519004
Checkpoint not saved at epoch 211000, loss did not improve.
211000 12.251701354980469 0.094214015 0.09502721
Saving checkpoint at epoch 212000 with improved loss: 11.876687049865723
Model checkpoint saved at epoch 212000, batch 1
212000 11.901941299438477 0.09353428 0.095081866
Checkpoint not saved at epoch 213000, loss did not improve.
213000 12.361828804016113 0.09442502 0.09438231
Checkpoint not saved at epoch 214000, loss did not improve.
214000 12.164223670959473 0.09404539 0.09552837
Checkpoint not saved at epoch 215000, loss did not improve.
215000 12.421730995178223 0.0945392 0.09621518
Saving checkpoint at epoch 216000 with improved loss: 11.679773330688477
Model checkpoint saved at epoch 216000, batch 1
216000 11.654052734375 0.09304341 0.09414118
Checkpoint not saved at epoch 217000, loss did not improve.
217000 11.902106285095215 0.09353462 0.09383187
Checkpoint not saved at epoch 218000, loss did not improve.
218000 11.767890930175781 0.09326981 0.0940554
Checkpoint not saved at epoch 219000, loss did not improve.
219000 11.77376651763916 0.09328145 0.09359202
Checkpoint not saved at epoch 220000, loss did not improve.
220000 11.925929069519043 0.093581386 0.09434937
Checkpoint not saved at epoch 221000, loss did not improve.
221000 12.034041404724121 0.09379275 0.095180534
Checkpoint not saved at epoch 222000, loss did not improve.
222000 11.80315113067627 0.09333959 0.093387745
Saving checkpoint at epoch 223000 with improved loss: 11.654787063598633
Model checkpoint saved at epoch 223000, batch 1
223000 11.671409606933594 0.09307804 0.0938705
Saving checkpoint at epoch 224000 with improved loss: 11.314619064331055
Model checkpoint saved at epoch 224000, batch 1
224000 11.346613883972168 0.092423625 0.09310692
Saving checkpoint at epoch 225000 with improved loss: 11.301763534545898
Model checkpoint saved at epoch 225000, batch 1
225000 11.281357765197754 0.092290446 0.09331822
Checkpoint not saved at epoch 226000, loss did not improve.
226000 11.31316089630127 0.09235543 0.09300866
Checkpoint not saved at epoch 227000, loss did not improve.
227000 11.351984977722168 0.092434555 0.092841245
Saving checkpoint at epoch 228000 with improved loss: 11.158742904663086
Model checkpoint saved at epoch 228000, batch 1
228000 11.166685104370117 0.092055015 0.09274267
Checkpoint not saved at epoch 229000, loss did not improve.
229000 11.207564353942871 0.092139155 0.09348468
Saving checkpoint at epoch 230000 with improved loss: 11.089359283447266
Model checkpoint saved at epoch 230000, batch 1
230000 11.104939460754395 0.091927506 0.09316757
Checkpoint not saved at epoch 231000, loss did not improve.
231000 11.106035232543945 0.09192977 0.092577666
Checkpoint not saved at epoch 232000, loss did not improve.
232000 11.172788619995117 0.0920676 0.09265601
Saving checkpoint at epoch 233000 with improved loss: 10.995545387268066
Model checkpoint saved at epoch 233000, batch 1
233000 10.98671817779541 0.09168186 0.09255375
Saving checkpoint at epoch 234000 with improved loss: 10.912052154541016
Model checkpoint saved at epoch 234000, batch 1
234000 10.88274097442627 0.09146417 0.092228204
Saving checkpoint at epoch 235000 with improved loss: 10.843096733093262
Model checkpoint saved at epoch 235000, batch 1
235000 10.854889869689941 0.091405585 0.092206076
Checkpoint not saved at epoch 236000, loss did not improve.
236000 10.876911163330078 0.09145192 0.09207386
Saving checkpoint at epoch 237000 with improved loss: 10.8070707321167
Model checkpoint saved at epoch 237000, batch 1
237000 10.824398040771484 0.09134133 0.09233223
Saving checkpoint at epoch 238000 with improved loss: 10.80407428741455
Model checkpoint saved at epoch 238000, batch 1
238000 10.841501235961914 0.09137739 0.09200493
Checkpoint not saved at epoch 239000, loss did not improve.
239000 10.976377487182617 0.09166028 0.09260501
Checkpoint not saved at epoch 240000, loss did not improve.
240000 10.775764465332031 0.09123856 0.09185321
Checkpoint not saved at epoch 241000, loss did not improve.
241000 10.87501049041748 0.09144792 0.09215571
Saving checkpoint at epoch 242000 with improved loss: 10.629155158996582
Model checkpoint saved at epoch 242000, batch 1
242000 10.630522727966309 0.09092956 0.09170643
Checkpoint not saved at epoch 243000, loss did not improve.
243000 11.099148750305176 0.09191552 0.09196771
Checkpoint not saved at epoch 244000, loss did not improve.
244000 11.47799015045166 0.092690006 0.09273161
Saving checkpoint at epoch 245000 with improved loss: 10.55799674987793
Model checkpoint saved at epoch 245000, batch 1
245000 10.579946517944336 0.09082121 0.09199679
Checkpoint not saved at epoch 246000, loss did not improve.
246000 10.714492797851562 0.09110859 0.0914627
Saving checkpoint at epoch 247000 with improved loss: 10.490472793579102
Model checkpoint saved at epoch 247000, batch 1
247000 10.549360275268555 0.09075549 0.091278784
Checkpoint not saved at epoch 248000, loss did not improve.
248000 13.251134872436523 0.09607927 0.09661586
Saving checkpoint at epoch 249000 with improved loss: 10.401090621948242
Model checkpoint saved at epoch 249000, batch 1
249000 10.422090530395508 0.09048053 0.09124165
Saving checkpoint at epoch 250000 with improved loss: 10.33979606628418
Model checkpoint saved at epoch 250000, batch 1
250000 10.33942699432373 0.09030058 0.091021344
Checkpoint not saved at epoch 251000, loss did not improve.
251000 10.711886405944824 0.091103055 0.091249466
Saving checkpoint at epoch 252000 with improved loss: 10.291146278381348
Model checkpoint saved at epoch 252000, batch 1
252000 10.364291191101074 0.090354815 0.091420956
Checkpoint not saved at epoch 253000, loss did not improve.
253000 10.458043098449707 0.090558454 0.09138754
Saving checkpoint at epoch 254000 with improved loss: 10.27269172668457
Model checkpoint saved at epoch 254000, batch 1
254000 11.197473526000977 0.09211841 0.09241132
Saving checkpoint at epoch 255000 with improved loss: 10.21334171295166
Model checkpoint saved at epoch 255000, batch 1
255000 10.233614921569824 0.09006865 0.09081728
Saving checkpoint at epoch 256000 with improved loss: 10.137323379516602
Model checkpoint saved at epoch 256000, batch 1
256000 10.134615898132324 0.08985003 0.09107045
Checkpoint not saved at epoch 257000, loss did not improve.
257000 10.17554759979248 0.08994062 0.09112225
Saving checkpoint at epoch 258000 with improved loss: 10.109455108642578
Model checkpoint saved at epoch 258000, batch 1
258000 10.312768936157227 0.09024232 0.09172021
Saving checkpoint at epoch 259000 with improved loss: 10.001057624816895
Model checkpoint saved at epoch 259000, batch 1
259000 10.001643180847168 0.089553855 0.09169441
Checkpoint not saved at epoch 260000, loss did not improve.
260000 10.51193618774414 0.0906749 0.092945576
Checkpoint not saved at epoch 261000, loss did not improve.
261000 10.00893497467041 0.089570165 0.0906319
Checkpoint not saved at epoch 262000, loss did not improve.
262000 10.283535957336426 0.0901783 0.09197059
Checkpoint not saved at epoch 263000, loss did not improve.
263000 10.971357345581055 0.0916498 0.09419025
Saving checkpoint at epoch 264000 with improved loss: 9.987682342529297
Model checkpoint saved at epoch 264000, batch 1
264000 10.019454956054688 0.089593686 0.09157408
Saving checkpoint at epoch 265000 with improved loss: 9.87380313873291
Model checkpoint saved at epoch 265000, batch 1
265000 9.921953201293945 0.08937493 0.090069965
Checkpoint not saved at epoch 266000, loss did not improve.
266000 10.434588432312012 0.09050765 0.09195553
Saving checkpoint at epoch 267000 with improved loss: 9.8046875
Model checkpoint saved at epoch 267000, batch 1
267000 9.77028751373291 0.08903141 0.08969242
Saving checkpoint at epoch 268000 with improved loss: 9.720696449279785
Model checkpoint saved at epoch 268000, batch 1
268000 9.762613296508789 0.08901392 0.09005181
Checkpoint not saved at epoch 269000, loss did not improve.
269000 10.000442504882812 0.089551166 0.09019059
Checkpoint not saved at epoch 270000, loss did not improve.
270000 9.77521800994873 0.089042634 0.09063177
Saving checkpoint at epoch 271000 with improved loss: 9.67142105102539
Model checkpoint saved at epoch 271000, batch 1
271000 9.668710708618164 0.0887991 0.08974322
Checkpoint not saved at epoch 272000, loss did not improve.
272000 9.814962387084961 0.08913301 0.08962679
Checkpoint not saved at epoch 273000, loss did not improve.
273000 10.200518608093262 0.08999575 0.09008145
Saving checkpoint at epoch 274000 with improved loss: 9.52542495727539
Model checkpoint saved at epoch 274000, batch 1
274000 9.532692909240723 0.08848513 0.089339785
Checkpoint not saved at epoch 275000, loss did not improve.
275000 9.531682968139648 0.08848279 0.08944215
Checkpoint not saved at epoch 276000, loss did not improve.
276000 9.689105033874512 0.08884589 0.08934865
Checkpoint not saved at epoch 277000, loss did not improve.
277000 9.783248901367188 0.089060925 0.089515775
Checkpoint not saved at epoch 278000, loss did not improve.
278000 9.767987251281738 0.08902617 0.0895121
Saving checkpoint at epoch 279000 with improved loss: 9.450929641723633
Model checkpoint saved at epoch 279000, batch 1
279000 9.475797653198242 0.0883528 0.08938841
Saving checkpoint at epoch 280000 with improved loss: 9.36157512664795
Model checkpoint saved at epoch 280000, batch 1
280000 9.354696273803711 0.088069156 0.089292355
Checkpoint not saved at epoch 281000, loss did not improve.
281000 9.817380905151367 0.0891385 0.08954892
Checkpoint not saved at epoch 282000, loss did not improve.
282000 9.60864543914795 0.08866085 0.09019963
Checkpoint not saved at epoch 283000, loss did not improve.
283000 9.675211906433105 0.08881403 0.089057274
Checkpoint not saved at epoch 284000, loss did not improve.
284000 9.417860984802246 0.088217445 0.08911755
Checkpoint not saved at epoch 285000, loss did not improve.
285000 9.51771354675293 0.08845035 0.08886522
Saving checkpoint at epoch 286000 with improved loss: 9.224203109741211
Model checkpoint saved at epoch 286000, batch 1
286000 9.228233337402344 0.08776999 0.08841905
Checkpoint not saved at epoch 287000, loss did not improve.
287000 9.349393844604492 0.088056676 0.0889902
Checkpoint not saved at epoch 288000, loss did not improve.
288000 9.218390464782715 0.08774658 0.08811592
Checkpoint not saved at epoch 289000, loss did not improve.
289000 9.769951820373535 0.08903065 0.08925236
Saving checkpoint at epoch 290000 with improved loss: 9.048337936401367
Model checkpoint saved at epoch 290000, batch 1
290000 9.068592071533203 0.08738791 0.08869719
Checkpoint not saved at epoch 291000, loss did not improve.
291000 9.115888595581055 0.08750164 0.088629454
Saving checkpoint at epoch 292000 with improved loss: 9.022753715515137
Model checkpoint saved at epoch 292000, batch 1
292000 9.02726936340332 0.08728819 0.08811885
Checkpoint not saved at epoch 293000, loss did not improve.
293000 9.06086254119873 0.08736929 0.08809885
Checkpoint not saved at epoch 294000, loss did not improve.
294000 9.11866283416748 0.08750829 0.08852235
Checkpoint not saved at epoch 295000, loss did not improve.
295000 9.130624771118164 0.087536976 0.08866774
Saving checkpoint at epoch 296000 with improved loss: 8.984709739685059
Model checkpoint saved at epoch 296000, batch 1
296000 9.01623821258545 0.08726152 0.08780819
Saving checkpoint at epoch 297000 with improved loss: 8.97889232635498
Model checkpoint saved at epoch 297000, batch 1
297000 9.110137939453125 0.08748783 0.088274136
Saving checkpoint at epoch 298000 with improved loss: 8.939861297607422
Model checkpoint saved at epoch 298000, batch 1
298000 8.936630249023438 0.08706826 0.0884414
Checkpoint not saved at epoch 299000, loss did not improve.
299000 9.08298397064209 0.087422565 0.087633565
Saving checkpoint at epoch 300000 with improved loss: 8.840993881225586
Model checkpoint saved at epoch 300000, batch 1
300000 8.846549034118652 0.08684802 0.087688126
Checkpoint not saved at epoch 301000, loss did not improve.
301000 9.001317977905273 0.0872254 0.088684745
Saving checkpoint at epoch 302000 with improved loss: 8.737860679626465
Model checkpoint saved at epoch 302000, batch 1
302000 8.771808624267578 0.086664 0.08766657
Checkpoint not saved at epoch 303000, loss did not improve.
303000 8.842422485351562 0.08683788 0.08743925
Checkpoint not saved at epoch 304000, loss did not improve.
304000 8.7418212890625 0.08658983 0.08729612
Saving checkpoint at epoch 305000 with improved loss: 8.674158096313477
Model checkpoint saved at epoch 305000, batch 1
305000 8.677789688110352 0.08643083 0.08711509
Checkpoint not saved at epoch 306000, loss did not improve.
306000 8.881603240966797 0.08693392 0.08767538
Saving checkpoint at epoch 307000 with improved loss: 8.631492614746094
Model checkpoint saved at epoch 307000, batch 1
307000 8.636852264404297 0.086328715 0.08708893
Checkpoint not saved at epoch 308000, loss did not improve.
308000 8.837696075439453 0.08682628 0.08783215
Saving checkpoint at epoch 309000 with improved loss: 8.623684883117676
Model checkpoint saved at epoch 309000, batch 1
309000 8.605499267578125 0.08625027 0.087173164
Saving checkpoint at epoch 310000 with improved loss: 8.549972534179688
Model checkpoint saved at epoch 310000, batch 1
310000 8.567058563232422 0.08615378 0.08688889
Checkpoint not saved at epoch 311000, loss did not improve.
311000 8.658679008483887 0.086383216 0.08733635
Checkpoint not saved at epoch 312000, loss did not improve.
312000 8.96743106842041 0.08714318 0.087107085
Checkpoint not saved at epoch 313000, loss did not improve.
313000 8.77650260925293 0.086675584 0.08667397
Saving checkpoint at epoch 314000 with improved loss: 8.488882064819336
Model checkpoint saved at epoch 314000, batch 1
314000 8.488595962524414 0.08595584 0.08720395
Checkpoint not saved at epoch 315000, loss did not improve.
315000 8.580294609069824 0.08618705 0.08726341
Saving checkpoint at epoch 316000 with improved loss: 8.48788833618164
Model checkpoint saved at epoch 316000, batch 1
316000 8.457592010498047 0.08587725 0.08658229
Checkpoint not saved at epoch 317000, loss did not improve.
317000 8.579012870788574 0.08618382 0.086839944
Saving checkpoint at epoch 318000 with improved loss: 8.4030122756958
Model checkpoint saved at epoch 318000, batch 1
318000 8.40899658203125 0.08575362 0.08719679
Saving checkpoint at epoch 319000 with improved loss: 8.318079948425293
Model checkpoint saved at epoch 319000, batch 1
319000 8.314414024353027 0.08551146 0.086531006
Checkpoint not saved at epoch 320000, loss did not improve.
320000 8.951966285705566 0.087105595 0.08775769
Saving checkpoint at epoch 321000 with improved loss: 8.276609420776367
Model checkpoint saved at epoch 321000, batch 1
321000 8.278559684753418 0.085419126 0.08647111
Checkpoint not saved at epoch 322000, loss did not improve.
322000 8.59166431427002 0.086215585 0.08688473
Checkpoint not saved at epoch 323000, loss did not improve.
323000 8.383602142333984 0.0856888 0.08636223
Checkpoint not saved at epoch 324000, loss did not improve.
324000 8.500809669494629 0.08598674 0.086316094
Checkpoint not saved at epoch 325000, loss did not improve.
325000 8.334261894226074 0.085562445 0.08615367
Checkpoint not saved at epoch 326000, loss did not improve.
326000 8.297008514404297 0.08546668 0.086362764
Checkpoint not saved at epoch 327000, loss did not improve.
327000 8.358277320861816 0.085624024 0.086870395
Checkpoint not saved at epoch 328000, loss did not improve.
328000 8.357003211975098 0.08562075 0.08689887
Checkpoint not saved at epoch 329000, loss did not improve.
329000 8.409014701843262 0.085753664 0.08638725
Saving checkpoint at epoch 330000 with improved loss: 8.222710609436035
Model checkpoint saved at epoch 330000, batch 1
330000 8.15968132019043 0.08511081 0.08614659
Saving checkpoint at epoch 331000 with improved loss: 8.072949409484863
Model checkpoint saved at epoch 331000, batch 1
331000 8.074127197265625 0.08488683 0.08568376
Checkpoint not saved at epoch 332000, loss did not improve.
332000 8.74142837524414 0.08658886 0.08740676
Saving checkpoint at epoch 333000 with improved loss: 8.058852195739746
Model checkpoint saved at epoch 333000, batch 1
333000 8.08765697479248 0.08492237 0.08603743
Checkpoint not saved at epoch 334000, loss did not improve.
334000 8.295992851257324 0.08546405 0.08668338
Saving checkpoint at epoch 335000 with improved loss: 8.0076265335083
Model checkpoint saved at epoch 335000, batch 1
335000 7.998531341552734 0.084687434 0.085495844
Checkpoint not saved at epoch 336000, loss did not improve.
336000 8.030213356018066 0.08477117 0.085344195
Checkpoint not saved at epoch 337000, loss did not improve.
337000 8.160684585571289 0.08511343 0.08599724
Saving checkpoint at epoch 338000 with improved loss: 7.996261119842529
Model checkpoint saved at epoch 338000, batch 1
338000 7.959039211273193 0.08458271 0.08544715
Saving checkpoint at epoch 339000 with improved loss: 7.955079078674316
Model checkpoint saved at epoch 339000, batch 1
339000 7.945219993591309 0.08454597 0.085485876
Checkpoint not saved at epoch 340000, loss did not improve.
340000 8.093441009521484 0.08493754 0.085204996
Saving checkpoint at epoch 341000 with improved loss: 7.952800750732422
Model checkpoint saved at epoch 341000, batch 1
341000 7.905527114868164 0.08444018 0.08560737
Checkpoint not saved at epoch 342000, loss did not improve.
342000 7.9110493659973145 0.084454924 0.08602819
Checkpoint not saved at epoch 343000, loss did not improve.
343000 8.327357292175293 0.08554472 0.08600488
Saving checkpoint at epoch 344000 with improved loss: 7.9071831703186035
Model checkpoint saved at epoch 344000, batch 1
344000 7.8723368644714355 0.084351406 0.0849842
Saving checkpoint at epoch 345000 with improved loss: 7.826128005981445
Model checkpoint saved at epoch 345000, batch 1
345000 7.853847980499268 0.08430184 0.08559627
Checkpoint not saved at epoch 346000, loss did not improve.
346000 7.84031343460083 0.08426549 0.085392244
Checkpoint not saved at epoch 347000, loss did not improve.
347000 7.99704122543335 0.084683485 0.085689075
Checkpoint not saved at epoch 348000, loss did not improve.
348000 7.846315383911133 0.08428162 0.08535603
Saving checkpoint at epoch 349000 with improved loss: 7.806321144104004
Model checkpoint saved at epoch 349000, batch 1
349000 7.799091815948486 0.08415451 0.08483692
Checkpoint not saved at epoch 350000, loss did not improve.
350000 8.071012496948242 0.08487864 0.085360505
Checkpoint not saved at epoch 351000, loss did not improve.
351000 8.090161323547363 0.084928945 0.085354134
Saving checkpoint at epoch 352000 with improved loss: 7.649150371551514
Model checkpoint saved at epoch 352000, batch 1
352000 7.689732074737549 0.083857946 0.084875345
Checkpoint not saved at epoch 353000, loss did not improve.
353000 7.793362617492676 0.084139064 0.08621315
Saving checkpoint at epoch 354000 with improved loss: 7.6412153244018555
Model checkpoint saved at epoch 354000, batch 1
354000 7.630800724029541 0.08369682 0.085563585
Checkpoint not saved at epoch 355000, loss did not improve.
355000 7.6305694580078125 0.08369619 0.084681064
Checkpoint not saved at epoch 356000, loss did not improve.
356000 8.200321197509766 0.08521659 0.085868664
Saving checkpoint at epoch 357000 with improved loss: 7.571237564086914
Model checkpoint saved at epoch 357000, batch 1
357000 7.541408061981201 0.08345061 0.08475495
Checkpoint not saved at epoch 358000, loss did not improve.
358000 7.608968734741211 0.08363689 0.084305465
Checkpoint not saved at epoch 359000, loss did not improve.
359000 7.686903476715088 0.083850235 0.08423642
Checkpoint not saved at epoch 360000, loss did not improve.
360000 7.881289005279541 0.08437538 0.08491596
Saving checkpoint at epoch 361000 with improved loss: 7.463109970092773
Model checkpoint saved at epoch 361000, batch 1
361000 7.469671726226807 0.08325145 0.08415057
Checkpoint not saved at epoch 362000, loss did not improve.
362000 7.489323139190674 0.08330615 0.084125325
Checkpoint not saved at epoch 363000, loss did not improve.
363000 7.507349967956543 0.08335623 0.08445938
Checkpoint not saved at epoch 364000, loss did not improve.
364000 7.875457286834717 0.084359765 0.08474794
Checkpoint not saved at epoch 365000, loss did not improve.
365000 7.6430487632751465 0.083730385 0.0839685
Saving checkpoint at epoch 366000 with improved loss: 7.4263529777526855
Model checkpoint saved at epoch 366000, batch 1
366000 7.512927055358887 0.083371714 0.08454918
Saving checkpoint at epoch 367000 with improved loss: 7.419297218322754
Model checkpoint saved at epoch 367000, batch 1
367000 7.4161763191223145 0.08310199 0.084052205
Checkpoint not saved at epoch 368000, loss did not improve.
368000 7.564795017242432 0.08351524 0.0838299
Checkpoint not saved at epoch 369000, loss did not improve.
369000 7.591289520263672 0.083588265 0.08478552
Saving checkpoint at epoch 370000 with improved loss: 7.32365083694458
Model checkpoint saved at epoch 370000, batch 1
370000 7.311856269836426 0.0828082 0.08381741
Saving checkpoint at epoch 371000 with improved loss: 7.301331996917725
Model checkpoint saved at epoch 371000, batch 1
371000 7.304342746734619 0.08278691 0.083950795
Checkpoint not saved at epoch 372000, loss did not improve.
372000 7.42957878112793 0.08313952 0.08376353
Saving checkpoint at epoch 373000 with improved loss: 7.258279323577881
Model checkpoint saved at epoch 373000, batch 1
373000 7.3013787269592285 0.08277852 0.084160976
Saving checkpoint at epoch 374000 with improved loss: 7.224654197692871
Model checkpoint saved at epoch 374000, batch 1
374000 7.238591194152832 0.082599975 0.08426111
Checkpoint not saved at epoch 375000, loss did not improve.
375000 7.525380611419678 0.08340624 0.08403414
Checkpoint not saved at epoch 376000, loss did not improve.
376000 7.410586357116699 0.08308633 0.08407729
Saving checkpoint at epoch 377000 with improved loss: 7.206962585449219
Model checkpoint saved at epoch 377000, batch 1
377000 7.183682918548584 0.08244289 0.08346138
Checkpoint not saved at epoch 378000, loss did not improve.
378000 7.2017717361450195 0.08249474 0.08322639
Saving checkpoint at epoch 379000 with improved loss: 7.172891616821289
Model checkpoint saved at epoch 379000, batch 1
379000 7.172101974487305 0.082409635 0.08331611
Checkpoint not saved at epoch 380000, loss did not improve.
380000 7.2595438957214355 0.082659684 0.08344754
Saving checkpoint at epoch 381000 with improved loss: 7.16467809677124
Model checkpoint saved at epoch 381000, batch 1
381000 7.162930965423584 0.08238328 0.08283742
Checkpoint not saved at epoch 382000, loss did not improve.
382000 7.482120513916016 0.083286114 0.08322831
Checkpoint not saved at epoch 383000, loss did not improve.
383000 7.332228183746338 0.08286582 0.08408341
Checkpoint not saved at epoch 384000, loss did not improve.
384000 7.3909711837768555 0.0830313 0.08401421
Saving checkpoint at epoch 385000 with improved loss: 7.07853889465332
Model checkpoint saved at epoch 385000, batch 1
385000 7.083034038543701 0.08215259 0.08265331
Checkpoint not saved at epoch 386000, loss did not improve.
386000 7.104434013366699 0.08221457 0.08247776
Checkpoint not saved at epoch 387000, loss did not improve.
387000 7.109130859375 0.082228154 0.0824817
Saving checkpoint at epoch 388000 with improved loss: 7.065319538116455
Model checkpoint saved at epoch 388000, batch 1
388000 7.076287269592285 0.08213302 0.0825181
Checkpoint not saved at epoch 389000, loss did not improve.
389000 7.3171210289001465 0.08282309 0.082970336
Checkpoint not saved at epoch 390000, loss did not improve.
390000 8.196593284606934 0.0852069 0.08456299
Saving checkpoint at epoch 391000 with improved loss: 7.0478196144104
Model checkpoint saved at epoch 391000, batch 1
391000 7.061771392822266 0.08209087 0.082209736
Checkpoint not saved at epoch 392000, loss did not improve.
392000 7.438777923583984 0.083165236 0.0835232
Checkpoint not saved at epoch 393000, loss did not improve.
393000 7.153477668762207 0.082356095 0.08314811
Saving checkpoint at epoch 394000 with improved loss: 6.9959540367126465
Model checkpoint saved at epoch 394000, batch 1
394000 6.9782562255859375 0.08184707 0.08258913
Checkpoint not saved at epoch 395000, loss did not improve.
395000 7.139316082000732 0.0823153 0.08333624
Checkpoint not saved at epoch 396000, loss did not improve.
396000 7.004333019256592 0.081923425 0.08244283
Checkpoint not saved at epoch 397000, loss did not improve.
397000 7.174408912658691 0.08241627 0.08248218
Checkpoint not saved at epoch 398000, loss did not improve.
398000 7.2912492752075195 0.08274979 0.083118856
Checkpoint not saved at epoch 399000, loss did not improve.
399000 7.5452351570129395 0.083461195 0.084174864
Saving checkpoint at epoch 400000 with improved loss: 6.835301876068115
Model checkpoint saved at epoch 400000, batch 1
400000 6.816463470458984 0.08136848 0.08233646
Saving checkpoint at epoch 401000 with improved loss: 6.810534477233887
Model checkpoint saved at epoch 401000, batch 1
401000 6.8270955085754395 0.081400186 0.08260297
Checkpoint not saved at epoch 402000, loss did not improve.
402000 6.857769012451172 0.08149146 0.08221523
Checkpoint not saved at epoch 403000, loss did not improve.
403000 6.954458713531494 0.0817772 0.08206549
Checkpoint not saved at epoch 404000, loss did not improve.
404000 6.876466274261475 0.08154695 0.08215403
Checkpoint not saved at epoch 405000, loss did not improve.
405000 6.946006774902344 0.08175235 0.08273387
Checkpoint not saved at epoch 406000, loss did not improve.
406000 7.105223178863525 0.08221685 0.08279249
Saving checkpoint at epoch 407000 with improved loss: 6.735311985015869
Model checkpoint saved at epoch 407000, batch 1
407000 6.783409595489502 0.08126966 0.0827006
Checkpoint not saved at epoch 408000, loss did not improve.
408000 6.967251300811768 0.08181479 0.08228848
Checkpoint not saved at epoch 409000, loss did not improve.
409000 6.7772626876831055 0.08125125 0.08171117
Checkpoint not saved at epoch 410000, loss did not improve.
410000 7.061522960662842 0.08209015 0.08352399
Saving checkpoint at epoch 411000 with improved loss: 6.701925754547119
Model checkpoint saved at epoch 411000, batch 1
411000 6.719602584838867 0.081077866 0.081964135
Checkpoint not saved at epoch 412000, loss did not improve.
412000 6.708129405975342 0.08104324 0.08168457
Saving checkpoint at epoch 413000 with improved loss: 6.673773288726807
Model checkpoint saved at epoch 413000, batch 1
413000 6.721858978271484 0.081084676 0.082538724
Checkpoint not saved at epoch 414000, loss did not improve.
414000 6.801016807556152 0.08132236 0.08399623
Checkpoint not saved at epoch 415000, loss did not improve.
415000 7.0666093826293945 0.082104914 0.083963014
Checkpoint not saved at epoch 416000, loss did not improve.
416000 6.66964864730835 0.08092676 0.081805214
Checkpoint not saved at epoch 417000, loss did not improve.
417000 6.858470916748047 0.08149355 0.08416559
Checkpoint not saved at epoch 418000, loss did not improve.
418000 6.778469562530518 0.081254855 0.08316133
Checkpoint not saved at epoch 419000, loss did not improve.
419000 6.844964504241943 0.081453405 0.0819444
Saving checkpoint at epoch 420000 with improved loss: 6.64495325088501
Model checkpoint saved at epoch 420000, batch 1
420000 6.61639928817749 0.08076475 0.08148708
Saving checkpoint at epoch 421000 with improved loss: 6.593900680541992
Model checkpoint saved at epoch 421000, batch 1
421000 6.6506524085998535 0.08086908 0.0815145
Saving checkpoint at epoch 422000 with improved loss: 6.543041706085205
Model checkpoint saved at epoch 422000, batch 1
422000 6.5459723472595215 0.080548964 0.08136726
Saving checkpoint at epoch 423000 with improved loss: 6.512963771820068
Model checkpoint saved at epoch 423000, batch 1
423000 6.503770351409912 0.080418825 0.08095452
Checkpoint not saved at epoch 424000, loss did not improve.
424000 6.967889308929443 0.08181665 0.08165254
Checkpoint not saved at epoch 425000, loss did not improve.
425000 6.554645538330078 0.08057563 0.08150202
Checkpoint not saved at epoch 426000, loss did not improve.
426000 6.675509929656982 0.08094454 0.08222556
Checkpoint not saved at epoch 427000, loss did not improve.
427000 6.574258804321289 0.08063584 0.08127403
Checkpoint not saved at epoch 428000, loss did not improve.
428000 6.5077104568481445 0.08043101 0.081506334
Checkpoint not saved at epoch 429000, loss did not improve.
429000 6.476590156555176 0.08033467 0.081309214
Checkpoint not saved at epoch 430000, loss did not improve.
430000 6.640072822570801 0.0808369 0.08208486
Checkpoint not saved at epoch 431000, loss did not improve.
431000 6.4890546798706055 0.080373295 0.081199996
Checkpoint not saved at epoch 432000, loss did not improve.
432000 6.499845504760742 0.08040669 0.08086128
Saving checkpoint at epoch 433000 with improved loss: 6.422889232635498
Model checkpoint saved at epoch 433000, batch 1
433000 6.423080921173096 0.08016822 0.0809877
Saving checkpoint at epoch 434000 with improved loss: 6.418553352355957
Model checkpoint saved at epoch 434000, batch 1
434000 6.391950607299805 0.08007091 0.08146413
Checkpoint not saved at epoch 435000, loss did not improve.
435000 6.462394714355469 0.080290616 0.08079435
Checkpoint not saved at epoch 436000, loss did not improve.
436000 6.498705863952637 0.080403164 0.082023814
Checkpoint not saved at epoch 437000, loss did not improve.
437000 6.389050006866455 0.08006182 0.080950245
Checkpoint not saved at epoch 438000, loss did not improve.
438000 6.506215572357178 0.08042638 0.08187065
Saving checkpoint at epoch 439000 with improved loss: 6.390198230743408
Model checkpoint saved at epoch 439000, batch 1
439000 6.465165615081787 0.08029922 0.081205614
Checkpoint not saved at epoch 440000, loss did not improve.
440000 6.413344383239746 0.08013783 0.08182587
Checkpoint not saved at epoch 441000, loss did not improve.
441000 6.484447956085205 0.08035903 0.08145623
Saving checkpoint at epoch 442000 with improved loss: 6.316470146179199
Model checkpoint saved at epoch 442000, batch 1
442000 6.369211673736572 0.0799996 0.08143191
Checkpoint not saved at epoch 443000, loss did not improve.
443000 6.579723834991455 0.080652595 0.08174633
Checkpoint not saved at epoch 444000, loss did not improve.
444000 6.382519721984863 0.08004136 0.08010675
Saving checkpoint at epoch 445000 with improved loss: 6.272917747497559
Model checkpoint saved at epoch 445000, batch 1
445000 6.305659294128418 0.079799294 0.08007611
Checkpoint not saved at epoch 446000, loss did not improve.
446000 6.525167942047119 0.08048488 0.08097244
Saving checkpoint at epoch 447000 with improved loss: 6.185199737548828
Model checkpoint saved at epoch 447000, batch 1
447000 6.1844048500061035 0.07941287 0.08024385
Checkpoint not saved at epoch 448000, loss did not improve.
448000 6.564947605133057 0.080607265 0.08144921
Checkpoint not saved at epoch 449000, loss did not improve.
449000 6.516958713531494 0.080459565 0.080515206
Checkpoint not saved at epoch 450000, loss did not improve.
450000 6.419867515563965 0.08015819 0.080569774
Checkpoint not saved at epoch 451000, loss did not improve.
451000 6.1773552894592285 0.079390235 0.08081901
Saving checkpoint at epoch 452000 with improved loss: 6.180448055267334
Model checkpoint saved at epoch 452000, batch 1
452000 6.205695152282715 0.07948113 0.080110334
Checkpoint not saved at epoch 453000, loss did not improve.
453000 6.457858562469482 0.08027652 0.07990702
Saving checkpoint at epoch 454000 with improved loss: 6.137576103210449
Model checkpoint saved at epoch 454000, batch 1
454000 6.131640434265137 0.07924294 0.080438666
Checkpoint not saved at epoch 455000, loss did not improve.
455000 6.320164203643799 0.079845145 0.079746276
Checkpoint not saved at epoch 456000, loss did not improve.
456000 6.238907337188721 0.07958726 0.08114977
Saving checkpoint at epoch 457000 with improved loss: 6.076549530029297
Model checkpoint saved at epoch 457000, batch 1
457000 6.094752311706543 0.07912349 0.080514245
Saving checkpoint at epoch 458000 with improved loss: 6.072394371032715
Model checkpoint saved at epoch 458000, batch 1
458000 6.070010185241699 0.07904307 0.080025
Saving checkpoint at epoch 459000 with improved loss: 6.052929401397705
Model checkpoint saved at epoch 459000, batch 1
459000 6.062743186950684 0.0790194 0.07968513
Checkpoint not saved at epoch 460000, loss did not improve.
460000 6.389194488525391 0.080062285 0.0812869
Checkpoint not saved at epoch 461000, loss did not improve.
461000 6.187132358551025 0.07942163 0.07986988
Checkpoint not saved at epoch 462000, loss did not improve.
462000 6.3514909744262695 0.079943895 0.08079105
Checkpoint not saved at epoch 463000, loss did not improve.
463000 6.043527603149414 0.07895671 0.079781435
Saving checkpoint at epoch 464000 with improved loss: 6.038059234619141
Model checkpoint saved at epoch 464000, batch 1
464000 6.026246547698975 0.07890021 0.07949927
Checkpoint not saved at epoch 465000, loss did not improve.
465000 6.050456523895264 0.078979336 0.07965074
Checkpoint not saved at epoch 466000, loss did not improve.
466000 6.350832462310791 0.079941824 0.080642015
Saving checkpoint at epoch 467000 with improved loss: 6.007699012756348
Model checkpoint saved at epoch 467000, batch 1
467000 5.993377685546875 0.0787924 0.07961326
Checkpoint not saved at epoch 468000, loss did not improve.
468000 6.107303142547607 0.07916419 0.07953642
Saving checkpoint at epoch 469000 with improved loss: 5.959198951721191
Model checkpoint saved at epoch 469000, batch 1
469000 5.973910331726074 0.07872834 0.07944145
Saving checkpoint at epoch 470000 with improved loss: 5.912914276123047
Model checkpoint saved at epoch 470000, batch 1
470000 5.906020164489746 0.078503706 0.07939515
Checkpoint not saved at epoch 471000, loss did not improve.
471000 6.0244574546813965 0.07889435 0.07972167
Checkpoint not saved at epoch 472000, loss did not improve.
472000 5.911125659942627 0.07852066 0.07922024
Checkpoint not saved at epoch 473000, loss did not improve.
473000 5.999885559082031 0.078813784 0.07932566
Checkpoint not saved at epoch 474000, loss did not improve.
474000 6.0962042808532715 0.0791282 0.07989821
Checkpoint not saved at epoch 475000, loss did not improve.
475000 6.190078258514404 0.07943108 0.08010489
Checkpoint not saved at epoch 476000, loss did not improve.
476000 6.0659894943237305 0.07902997 0.07958092
Checkpoint not saved at epoch 477000, loss did not improve.
477000 6.116369247436523 0.079193555 0.07926322
Checkpoint not saved at epoch 478000, loss did not improve.
478000 5.911103248596191 0.078520596 0.07937503
Checkpoint not saved at epoch 479000, loss did not improve.
479000 6.651415824890137 0.080871396 0.08196964
Saving checkpoint at epoch 480000 with improved loss: 5.8281965255737305
Model checkpoint saved at epoch 480000, batch 1
480000 5.91366720199585 0.07852911 0.07947008
Checkpoint not saved at epoch 481000, loss did not improve.
481000 6.064293384552002 0.07902445 0.07930146
Checkpoint not saved at epoch 482000, loss did not improve.
482000 5.868450164794922 0.07837856 0.07988164
Checkpoint not saved at epoch 483000, loss did not improve.
483000 12.83502197265625 0.09531595 0.09613275
Checkpoint not saved at epoch 484000, loss did not improve.
484000 6.047171115875244 0.078968614 0.079881445
Checkpoint not saved at epoch 485000, loss did not improve.
485000 5.849698066711426 0.07831587 0.07902514
Checkpoint not saved at epoch 486000, loss did not improve.
486000 6.129638671875 0.07923648 0.07954665
Checkpoint not saved at epoch 487000, loss did not improve.
487000 5.852294445037842 0.07832456 0.07902092
Checkpoint not saved at epoch 488000, loss did not improve.
488000 6.009050369262695 0.07884386 0.07907903
Checkpoint not saved at epoch 489000, loss did not improve.
489000 6.011203289031982 0.078850925 0.079012245
Saving checkpoint at epoch 490000 with improved loss: 5.804030895233154
Model checkpoint saved at epoch 490000, batch 1
490000 5.793736934661865 0.07812789 0.07909678
Saving checkpoint at epoch 491000 with improved loss: 5.760499000549316
Model checkpoint saved at epoch 491000, batch 1
491000 5.809294700622559 0.07818029 0.07858111
Checkpoint not saved at epoch 492000, loss did not improve.
492000 5.8601155281066895 0.078350715 0.07873864
Checkpoint not saved at epoch 493000, loss did not improve.
493000 6.024350643157959 0.078894004 0.079869926
Checkpoint not saved at epoch 494000, loss did not improve.
494000 6.06286096572876 0.079019785 0.07896821
Saving checkpoint at epoch 495000 with improved loss: 5.706099033355713
Model checkpoint saved at epoch 495000, batch 1
495000 5.68740177154541 0.07776692 0.0792363
Checkpoint not saved at epoch 496000, loss did not improve.
496000 6.315694808959961 0.07983103 0.0794615
Saving checkpoint at epoch 497000 with improved loss: 5.697103023529053
Model checkpoint saved at epoch 497000, batch 1
497000 5.678848743438721 0.07773767 0.080117695
Checkpoint not saved at epoch 498000, loss did not improve.
498000 6.455845355987549 0.08027026 0.086231194
Checkpoint not saved at epoch 499000, loss did not improve.
499000 5.679605960845947 0.07774025 0.07976599
Checkpoint not saved at epoch 500000, loss did not improve.
500000 5.851698875427246 0.07832257 0.081966735
Saving checkpoint at epoch 501000 with improved loss: 5.645535469055176
Model checkpoint saved at epoch 501000, batch 1
501000 5.641298770904541 0.077608846 0.07894969
Saving checkpoint at epoch 502000 with improved loss: 5.596691608428955
Model checkpoint saved at epoch 502000, batch 1
502000 5.616981029510498 0.07752507 0.07836974
Checkpoint not saved at epoch 503000, loss did not improve.
503000 5.751514434814453 0.07798516 0.07827248
Checkpoint not saved at epoch 504000, loss did not improve.
504000 5.594542026519775 0.077447526 0.078805625
Checkpoint not saved at epoch 505000, loss did not improve.
505000 6.947484493255615 0.08175669 0.07819448
Checkpoint not saved at epoch 506000, loss did not improve.
506000 5.585572719573975 0.077416465 0.07857044
Checkpoint not saved at epoch 507000, loss did not improve.
507000 5.632056713104248 0.07757703 0.07857057
Checkpoint not saved at epoch 508000, loss did not improve.
508000 5.792440414428711 0.078123525 0.07915217
Checkpoint not saved at epoch 509000, loss did not improve.
509000 5.6418070793151855 0.07761059 0.07879464
Checkpoint not saved at epoch 510000, loss did not improve.
510000 5.964268207550049 0.07869656 0.079663746
Checkpoint not saved at epoch 511000, loss did not improve.
511000 5.94225549697876 0.07862384 0.07839358
Checkpoint not saved at epoch 512000, loss did not improve.
512000 6.047399997711182 0.07896936 0.07908029
Saving checkpoint at epoch 513000 with improved loss: 5.561155319213867
Model checkpoint saved at epoch 513000, batch 1
513000 5.547835350036621 0.07728537 0.077737466
Checkpoint not saved at epoch 514000, loss did not improve.
514000 5.690690517425537 0.07777817 0.07863632
Checkpoint not saved at epoch 515000, loss did not improve.
515000 5.664726257324219 0.07768929 0.077749334
Saving checkpoint at epoch 516000 with improved loss: 5.551026821136475
Model checkpoint saved at epoch 516000, batch 1
516000 5.54335880279541 0.077269785 0.07796185
Checkpoint not saved at epoch 517000, loss did not improve.
517000 5.6077752113342285 0.07749329 0.079055294
Checkpoint not saved at epoch 518000, loss did not improve.
518000 5.636039733886719 0.07759074 0.079724565
Checkpoint not saved at epoch 519000, loss did not improve.
519000 5.759284019470215 0.07801148 0.07995242
Saving checkpoint at epoch 520000 with improved loss: 5.514153957366943
Model checkpoint saved at epoch 520000, batch 1
520000 5.491463661193848 0.0770883 0.07882966
Checkpoint not saved at epoch 521000, loss did not improve.
521000 5.665058612823486 0.07769043 0.0784935
Saving checkpoint at epoch 522000 with improved loss: 5.425707817077637
Model checkpoint saved at epoch 522000, batch 1
522000 5.426702499389648 0.07686001 0.0787252
Checkpoint not saved at epoch 523000, loss did not improve.
523000 5.655646800994873 0.07765814 0.07862678
Checkpoint not saved at epoch 524000, loss did not improve.
524000 6.257376670837402 0.079646096 0.080779605
Checkpoint not saved at epoch 525000, loss did not improve.
525000 6.3296284675598145 0.07987502 0.079068795
Checkpoint not saved at epoch 526000, loss did not improve.
526000 5.557460784912109 0.07731888 0.07832178
Checkpoint not saved at epoch 527000, loss did not improve.
527000 5.571295261383057 0.07736695 0.07891843
Checkpoint not saved at epoch 528000, loss did not improve.
528000 5.434815883636475 0.07688872 0.07733519
Saving checkpoint at epoch 529000 with improved loss: 5.402215957641602
Model checkpoint saved at epoch 529000, batch 1
529000 5.417332649230957 0.0768268 0.07754002
Checkpoint not saved at epoch 530000, loss did not improve.
530000 5.628028392791748 0.07756316 0.0780078
Checkpoint not saved at epoch 531000, loss did not improve.
531000 5.677972316741943 0.077734664 0.07787864
Checkpoint not saved at epoch 532000, loss did not improve.
532000 5.467929363250732 0.07700557 0.07730482
Checkpoint not saved at epoch 533000, loss did not improve.
533000 5.57469367980957 0.07737874 0.07827224
Checkpoint not saved at epoch 534000, loss did not improve.
534000 5.615877628326416 0.077521265 0.07772725
Checkpoint not saved at epoch 535000, loss did not improve.
535000 5.491205215454102 0.07708739 0.07763996
Checkpoint not saved at epoch 536000, loss did not improve.
536000 5.512367248535156 0.07716156 0.07848392
Checkpoint not saved at epoch 537000, loss did not improve.
537000 5.625390529632568 0.07755407 0.07791314
Checkpoint not saved at epoch 538000, loss did not improve.
538000 5.726509094238281 0.07790027 0.07720274
Checkpoint not saved at epoch 539000, loss did not improve.
539000 5.489681720733643 0.077082045 0.07762254
Saving checkpoint at epoch 540000 with improved loss: 5.280562400817871
Model checkpoint saved at epoch 540000, batch 1
540000 5.291593074798584 0.07637708 0.077477135
Checkpoint not saved at epoch 541000, loss did not improve.
541000 5.270693778991699 0.07630155 0.07693671
Checkpoint not saved at epoch 542000, loss did not improve.
542000 5.807091236114502 0.07817287 0.083929375
Checkpoint not saved at epoch 543000, loss did not improve.
543000 5.352326393127441 0.07659529 0.07702093
Checkpoint not saved at epoch 544000, loss did not improve.
544000 5.499861717224121 0.077117756 0.07805092
Saving checkpoint at epoch 545000 with improved loss: 5.260623931884766
Model checkpoint saved at epoch 545000, batch 1
545000 5.280220985412598 0.07633601 0.07754593
Checkpoint not saved at epoch 546000, loss did not improve.
546000 5.311670303344727 0.07644942 0.07744045
Saving checkpoint at epoch 547000 with improved loss: 5.249695301055908
Model checkpoint saved at epoch 547000, batch 1
547000 5.284240245819092 0.07635053 0.07781836
Checkpoint not saved at epoch 548000, loss did not improve.
548000 5.315274238586426 0.07646238 0.07759807
Saving checkpoint at epoch 549000 with improved loss: 5.2195143699646
Model checkpoint saved at epoch 549000, batch 1
549000 5.219505786895752 0.07611562 0.07720751
Checkpoint not saved at epoch 550000, loss did not improve.
550000 5.270317077636719 0.07630019 0.0771923
Checkpoint not saved at epoch 551000, loss did not improve.
551000 5.242544174194336 0.07619947 0.07722993
Checkpoint not saved at epoch 552000, loss did not improve.
552000 5.218123912811279 0.07611058 0.07725258
Saving checkpoint at epoch 553000 with improved loss: 5.208928108215332
Model checkpoint saved at epoch 553000, batch 1
553000 5.220909595489502 0.076120734 0.07805831
Checkpoint not saved at epoch 554000, loss did not improve.
554000 5.283217430114746 0.07634684 0.07703538
Checkpoint not saved at epoch 555000, loss did not improve.
555000 5.252616882324219 0.07623605 0.07727525
Checkpoint not saved at epoch 556000, loss did not improve.
556000 5.264149188995361 0.076277845 0.07733444
Checkpoint not saved at epoch 557000, loss did not improve.
557000 5.202700614929199 0.076054275 0.0766507
Checkpoint not saved at epoch 558000, loss did not improve.
558000 5.190364360809326 0.076009154 0.07727895
Checkpoint not saved at epoch 559000, loss did not improve.
559000 5.564948081970215 0.0773449 0.07841733
Saving checkpoint at epoch 560000 with improved loss: 5.17655611038208
Model checkpoint saved at epoch 560000, batch 1
560000 5.174050807952881 0.075949356 0.07717532
Saving checkpoint at epoch 561000 with improved loss: 5.156348705291748
Model checkpoint saved at epoch 561000, batch 1
561000 5.201074600219727 0.07604833 0.0777933
Checkpoint not saved at epoch 562000, loss did not improve.
562000 5.21555757522583 0.07610121 0.07633382
Checkpoint not saved at epoch 563000, loss did not improve.
563000 5.137115001678467 0.07581345 0.07667626
Saving checkpoint at epoch 564000 with improved loss: 5.122845649719238
Model checkpoint saved at epoch 564000, batch 1
564000 5.117220401763916 0.075739935 0.07679027
Checkpoint not saved at epoch 565000, loss did not improve.
565000 5.345156669616699 0.076569624 0.07862717
Checkpoint not saved at epoch 566000, loss did not improve.
566000 5.214060306549072 0.07609575 0.0760631
Checkpoint not saved at epoch 567000, loss did not improve.
567000 5.26636266708374 0.07628587 0.07598653
Saving checkpoint at epoch 568000 with improved loss: 5.081546306610107
Model checkpoint saved at epoch 568000, batch 1
568000 5.096432685852051 0.075662896 0.075916536
Checkpoint not saved at epoch 569000, loss did not improve.
569000 5.1547932624816895 0.07587859 0.076051556
Checkpoint not saved at epoch 570000, loss did not improve.
570000 5.422624588012695 0.076845564 0.0777858
Checkpoint not saved at epoch 571000, loss did not improve.
571000 5.148802757263184 0.07585653 0.076625206
Checkpoint not saved at epoch 572000, loss did not improve.
572000 5.045212745666504 0.07547208 0.07609448
Saving checkpoint at epoch 573000 with improved loss: 5.062521457672119
Model checkpoint saved at epoch 573000, batch 1
573000 5.0384440422058105 0.075446755 0.07643465
Checkpoint not saved at epoch 574000, loss did not improve.
574000 5.099381446838379 0.07567384 0.076384224
Checkpoint not saved at epoch 575000, loss did not improve.
575000 5.194014072418213 0.07602251 0.07756204
Checkpoint not saved at epoch 576000, loss did not improve.
576000 5.154168128967285 0.07587629 0.076087914
Checkpoint not saved at epoch 577000, loss did not improve.
577000 5.0818610191345215 0.07560876 0.0760329
Checkpoint not saved at epoch 578000, loss did not improve.
578000 5.46282434463501 0.076987594 0.07785751
Saving checkpoint at epoch 579000 with improved loss: 5.021684169769287
Model checkpoint saved at epoch 579000, batch 1
579000 5.026480197906494 0.075401925 0.07644536
Saving checkpoint at epoch 580000 with improved loss: 4.980111122131348
Model checkpoint saved at epoch 580000, batch 1
580000 5.003006458282471 0.07531373 0.075947925
Checkpoint not saved at epoch 581000, loss did not improve.
581000 5.011713981628418 0.075346485 0.07609907
Checkpoint not saved at epoch 582000, loss did not improve.
582000 5.456680774688721 0.07696593 0.07855046
Checkpoint not saved at epoch 583000, loss did not improve.
583000 5.047545433044434 0.0754808 0.07636298
Checkpoint not saved at epoch 584000, loss did not improve.
584000 4.988809585571289 0.075260244 0.07603338
Checkpoint not saved at epoch 585000, loss did not improve.
585000 5.0291218757629395 0.07541183 0.07644557
Saving checkpoint at epoch 586000 with improved loss: 4.95918607711792
Model checkpoint saved at epoch 586000, batch 1
586000 4.965316295623779 0.07517149 0.07555537
Checkpoint not saved at epoch 587000, loss did not improve.
587000 5.005524635314941 0.07532322 0.0756141
Checkpoint not saved at epoch 588000, loss did not improve.
588000 5.14255428314209 0.07583351 0.07541062
Checkpoint not saved at epoch 589000, loss did not improve.
589000 5.055080413818359 0.075508945 0.07585276
Checkpoint not saved at epoch 590000, loss did not improve.
590000 5.092132568359375 0.07564693 0.07608183
Checkpoint not saved at epoch 591000, loss did not improve.
591000 4.935914039611816 0.075059965 0.07541782
Checkpoint not saved at epoch 592000, loss did not improve.
592000 5.859297275543213 0.07834797 0.078439966
Checkpoint not saved at epoch 593000, loss did not improve.
593000 5.336810111999512 0.07653972 0.07653985
Checkpoint not saved at epoch 594000, loss did not improve.
594000 5.085134029388428 0.075620934 0.076935135
Saving checkpoint at epoch 595000 with improved loss: 4.915894508361816
Model checkpoint saved at epoch 595000, batch 1
595000 4.87935733795166 0.07484401 0.07560568
Saving checkpoint at epoch 596000 with improved loss: 4.893391132354736
Model checkpoint saved at epoch 596000, batch 1
596000 4.87054443359375 0.0748102 0.07556265
Saving checkpoint at epoch 597000 with improved loss: 4.8927507400512695
Model checkpoint saved at epoch 597000, batch 1
597000 4.9487385749816895 0.07510867 0.07594113
Checkpoint not saved at epoch 598000, loss did not improve.
598000 4.93496036529541 0.07505633 0.07569766
Checkpoint not saved at epoch 599000, loss did not improve.
599000 4.874407768249512 0.074825026 0.07545758
Checkpoint not saved at epoch 600000, loss did not improve.
600000 4.880949974060059 0.07485013 0.0753964
Checkpoint not saved at epoch 601000, loss did not improve.
601000 4.975679397583008 0.07521068 0.07642178
Checkpoint not saved at epoch 602000, loss did not improve.
602000 4.9611639976501465 0.07515577 0.0753673
Checkpoint not saved at epoch 603000, loss did not improve.
603000 5.281797885894775 0.0763417 0.07713513
Checkpoint not saved at epoch 604000, loss did not improve.
604000 4.927204132080078 0.07502682 0.07589173
Checkpoint not saved at epoch 605000, loss did not improve.
605000 5.220575332641602 0.07611952 0.0761294
Saving checkpoint at epoch 606000 with improved loss: 4.8067522048950195
Model checkpoint saved at epoch 606000, batch 1
606000 4.8124566078186035 0.074586146 0.075487
Checkpoint not saved at epoch 607000, loss did not improve.
607000 4.8607025146484375 0.07477237 0.07571198
Checkpoint not saved at epoch 608000, loss did not improve.
608000 4.809988975524902 0.07457658 0.0751855
Checkpoint not saved at epoch 609000, loss did not improve.
609000 5.020680904388428 0.075380154 0.07583613
Checkpoint not saved at epoch 610000, loss did not improve.
610000 4.983694076538086 0.07524095 0.07474367
Checkpoint not saved at epoch 611000, loss did not improve.
611000 5.079803466796875 0.07560111 0.07560676
Checkpoint not saved at epoch 612000, loss did not improve.
612000 5.2442402839660645 0.076205626 0.07611186
Checkpoint not saved at epoch 613000, loss did not improve.
613000 4.8017802238464355 0.07454474 0.07508523
Checkpoint not saved at epoch 614000, loss did not improve.
614000 4.8882880210876465 0.07487824 0.075515345
Checkpoint not saved at epoch 615000, loss did not improve.
615000 4.97888708114624 0.075222805 0.07575128
Saving checkpoint at epoch 616000 with improved loss: 4.751312255859375
Model checkpoint saved at epoch 616000, batch 1
616000 4.761229991912842 0.07438686 0.07555658
Checkpoint not saved at epoch 617000, loss did not improve.
617000 4.87646484375 0.074832916 0.07560414
Checkpoint not saved at epoch 618000, loss did not improve.
618000 4.743448734283447 0.074317314 0.075002775
Saving checkpoint at epoch 619000 with improved loss: 4.719017028808594
Model checkpoint saved at epoch 619000, batch 1
619000 4.719506740570068 0.074223354 0.07510706
Checkpoint not saved at epoch 620000, loss did not improve.
620000 4.814748764038086 0.07459502 0.07571044
Checkpoint not saved at epoch 621000, loss did not improve.
621000 7.138829231262207 0.082313895 0.08156524
Checkpoint not saved at epoch 622000, loss did not improve.
622000 5.0231523513793945 0.07538944 0.07622835
Checkpoint not saved at epoch 623000, loss did not improve.
623000 4.74161958694458 0.074310146 0.0749191
Checkpoint not saved at epoch 624000, loss did not improve.
624000 6.028777122497559 0.07890849 0.081006505
Saving checkpoint at epoch 625000 with improved loss: 4.6884355545043945
Model checkpoint saved at epoch 625000, batch 1
625000 4.680510520935059 0.07406956 0.07503818
Checkpoint not saved at epoch 626000, loss did not improve.
626000 5.350533485412598 0.07658887 0.07487178
Checkpoint not saved at epoch 627000, loss did not improve.
627000 4.823225975036621 0.07462783 0.076154746
Checkpoint not saved at epoch 628000, loss did not improve.
628000 4.8881916999816895 0.074877866 0.07523702
Checkpoint not saved at epoch 629000, loss did not improve.
629000 4.906724452972412 0.07494874 0.07529804
Checkpoint not saved at epoch 630000, loss did not improve.
630000 4.769862651824951 0.07442056 0.07670639
Checkpoint not saved at epoch 631000, loss did not improve.
631000 4.727808952331543 0.07425597 0.075257465
Checkpoint not saved at epoch 632000, loss did not improve.
632000 5.172231197357178 0.07594268 0.080358125
Checkpoint not saved at epoch 633000, loss did not improve.
633000 4.738120079040527 0.07429643 0.076458886
Checkpoint not saved at epoch 634000, loss did not improve.
634000 4.770142078399658 0.07442164 0.075156
Checkpoint not saved at epoch 635000, loss did not improve.
635000 4.8092241287231445 0.07457361 0.07781399
Checkpoint not saved at epoch 636000, loss did not improve.
636000 4.677163124084473 0.07405631 0.07537557
Checkpoint not saved at epoch 637000, loss did not improve.
637000 4.718898773193359 0.07422096 0.076121405
Checkpoint not saved at epoch 638000, loss did not improve.
638000 4.998222827911377 0.075295724 0.076985784
Saving checkpoint at epoch 639000 with improved loss: 4.636110782623291
Model checkpoint saved at epoch 639000, batch 1
639000 4.685093402862549 0.07408768 0.07646168
Checkpoint not saved at epoch 640000, loss did not improve.
640000 5.257015705108643 0.076252 0.078067735
Checkpoint not saved at epoch 641000, loss did not improve.
641000 4.988544940948486 0.075259246 0.07805598
Checkpoint not saved at epoch 642000, loss did not improve.
642000 4.9341654777526855 0.07505331 0.07552282
Checkpoint not saved at epoch 643000, loss did not improve.
643000 4.667324066162109 0.07401733 0.07673165
Saving checkpoint at epoch 644000 with improved loss: 4.571836471557617
Model checkpoint saved at epoch 644000, batch 1
644000 4.5669264793396 0.07361603 0.07537234
Checkpoint not saved at epoch 645000, loss did not improve.
645000 4.885558128356934 0.074867785 0.07576756
Checkpoint not saved at epoch 646000, loss did not improve.
646000 4.709501266479492 0.074183986 0.0771169
Checkpoint not saved at epoch 647000, loss did not improve.
647000 4.604424476623535 0.073766686 0.07615677
Checkpoint not saved at epoch 648000, loss did not improve.
648000 4.584762096405029 0.07368781 0.07571063
Saving checkpoint at epoch 649000 with improved loss: 4.5093207359313965
Model checkpoint saved at epoch 649000, batch 1
649000 4.513814926147461 0.07340106 0.07490326
Checkpoint not saved at epoch 650000, loss did not improve.
650000 4.519459247589111 0.073424 0.073874496
Checkpoint not saved at epoch 651000, loss did not improve.
651000 4.5418314933776855 0.0735147 0.0745314
Checkpoint not saved at epoch 652000, loss did not improve.
652000 4.518493175506592 0.07342008 0.074333474
Checkpoint not saved at epoch 653000, loss did not improve.
653000 4.542719841003418 0.07351829 0.07534698
Saving checkpoint at epoch 654000 with improved loss: 4.496028423309326
Model checkpoint saved at epoch 654000, batch 1
654000 4.509017467498779 0.07338155 0.07513584
Checkpoint not saved at epoch 655000, loss did not improve.
655000 4.623283863067627 0.07384211 0.07512516
Checkpoint not saved at epoch 656000, loss did not improve.
656000 4.623728275299072 0.07384388 0.075519815
Checkpoint not saved at epoch 657000, loss did not improve.
657000 5.253631591796875 0.07623973 0.07385166
Checkpoint not saved at epoch 658000, loss did not improve.
658000 4.685936450958252 0.07409101 0.07450505
Saving checkpoint at epoch 659000 with improved loss: 4.48001766204834
Model checkpoint saved at epoch 659000, batch 1
659000 4.554998874664307 0.07356792 0.074823804
Checkpoint not saved at epoch 660000, loss did not improve.
660000 4.479286193847656 0.073260285 0.07475476
Checkpoint not saved at epoch 661000, loss did not improve.
661000 4.548470497131348 0.073541544 0.074457824
Saving checkpoint at epoch 662000 with improved loss: 4.46052885055542
Model checkpoint saved at epoch 662000, batch 1
662000 4.464948654174805 0.0732016 0.074162595
Saving checkpoint at epoch 663000 with improved loss: 4.428715229034424
Model checkpoint saved at epoch 663000, batch 1
663000 4.442552089691162 0.07310963 0.07478904
Checkpoint not saved at epoch 664000, loss did not improve.
664000 5.038029670715332 0.0754452 0.07738592
Checkpoint not saved at epoch 665000, loss did not improve.
665000 4.461783409118652 0.07318862 0.07388345
Checkpoint not saved at epoch 666000, loss did not improve.
666000 4.629167556762695 0.073865585 0.07462745
Checkpoint not saved at epoch 667000, loss did not improve.
667000 4.758565425872803 0.07437645 0.07684749
Checkpoint not saved at epoch 668000, loss did not improve.
668000 4.642016887664795 0.07391679 0.0740765
Checkpoint not saved at epoch 669000, loss did not improve.
669000 4.696832656860352 0.074134044 0.07540775
Checkpoint not saved at epoch 670000, loss did not improve.
670000 4.4656982421875 0.07320467 0.07384167
Checkpoint not saved at epoch 671000, loss did not improve.
671000 4.44576358795166 0.07312283 0.0737037
Checkpoint not saved at epoch 672000, loss did not improve.
672000 4.577958583831787 0.073660456 0.074253984
Checkpoint not saved at epoch 673000, loss did not improve.
673000 4.594549179077148 0.0737271 0.0747172
Checkpoint not saved at epoch 674000, loss did not improve.
674000 4.42722225189209 0.07304647 0.07374026
Checkpoint not saved at epoch 675000, loss did not improve.
675000 4.918025493621826 0.07499187 0.07560834
Saving checkpoint at epoch 676000 with improved loss: 4.397610187530518
Model checkpoint saved at epoch 676000, batch 1
676000 4.394283771514893 0.07291023 0.07401239
Saving checkpoint at epoch 677000 with improved loss: 4.395015716552734
Model checkpoint saved at epoch 677000, batch 1
677000 4.397820949554443 0.07292489 0.0739028
Checkpoint not saved at epoch 678000, loss did not improve.
678000 4.4625396728515625 0.07319172 0.07453532
Checkpoint not saved at epoch 679000, loss did not improve.
679000 4.3684983253479 0.072803035 0.07320819
Checkpoint not saved at epoch 680000, loss did not improve.
680000 4.384945869445801 0.07287146 0.07327223
Checkpoint not saved at epoch 681000, loss did not improve.
681000 4.494194030761719 0.07332116 0.073998466
Saving checkpoint at epoch 682000 with improved loss: 4.363603115081787
Model checkpoint saved at epoch 682000, batch 1
682000 4.358397483825684 0.07276091 0.07328389
Checkpoint not saved at epoch 683000, loss did not improve.
683000 4.461121559143066 0.073185906 0.07331059
Checkpoint not saved at epoch 684000, loss did not improve.
684000 4.496662139892578 0.07333123 0.07335569
Checkpoint not saved at epoch 685000, loss did not improve.
685000 4.405732154846191 0.07295767 0.074833535
Checkpoint not saved at epoch 686000, loss did not improve.
686000 5.540801048278809 0.07726087 0.08009181
Checkpoint not saved at epoch 687000, loss did not improve.
687000 4.378309726715088 0.07284387 0.07361965
Checkpoint not saved at epoch 688000, loss did not improve.
688000 4.390077114105225 0.07289278 0.07373575
Checkpoint not saved at epoch 689000, loss did not improve.
689000 4.769492149353027 0.07441911 0.07569033
Saving checkpoint at epoch 690000 with improved loss: 4.313154697418213
Model checkpoint saved at epoch 690000, batch 1
690000 4.361891746520996 0.07277549 0.0746302
Checkpoint not saved at epoch 691000, loss did not improve.
691000 4.326338291168213 0.07262674 0.073878124
Saving checkpoint at epoch 692000 with improved loss: 4.302126884460449
Model checkpoint saved at epoch 692000, batch 1
692000 4.387639045715332 0.072882645 0.07430142
Checkpoint not saved at epoch 693000, loss did not improve.
693000 4.288372993469238 0.07246688 0.073342614
Checkpoint not saved at epoch 694000, loss did not improve.
694000 4.531071186065674 0.07347112 0.073390745
Checkpoint not saved at epoch 695000, loss did not improve.
695000 4.860197067260742 0.07477043 0.0735381
Checkpoint not saved at epoch 696000, loss did not improve.
696000 4.347078323364258 0.07271362 0.07357112
Checkpoint not saved at epoch 697000, loss did not improve.
697000 4.293293476104736 0.07248765 0.073293366
Checkpoint not saved at epoch 698000, loss did not improve.
698000 4.308043479919434 0.072549835 0.07327456
Checkpoint not saved at epoch 699000, loss did not improve.
699000 4.375292778015137 0.072831325 0.07449775
Checkpoint not saved at epoch 700000, loss did not improve.
700000 4.49089241027832 0.0733077 0.07503503
Saving checkpoint at epoch 701000 with improved loss: 4.291656017303467
Model checkpoint saved at epoch 701000, batch 1
701000 4.293975353240967 0.072490536 0.07308447
Checkpoint not saved at epoch 702000, loss did not improve.
702000 4.899209499359131 0.07492003 0.076309815
Checkpoint not saved at epoch 703000, loss did not improve.
703000 4.336954593658447 0.07267125 0.0736886
Checkpoint not saved at epoch 704000, loss did not improve.
704000 4.360424995422363 0.07276937 0.074709594
Saving checkpoint at epoch 705000 with improved loss: 4.219759941101074
Model checkpoint saved at epoch 705000, batch 1
705000 4.218533039093018 0.07217001 0.07361195
Saving checkpoint at epoch 706000 with improved loss: 4.210947513580322
Model checkpoint saved at epoch 706000, batch 1
706000 4.212953567504883 0.07214613 0.07340978
Saving checkpoint at epoch 707000 with improved loss: 4.202007293701172
Model checkpoint saved at epoch 707000, batch 1
707000 4.220314025878906 0.07217763 0.073258035
Checkpoint not saved at epoch 708000, loss did not improve.
708000 4.519693851470947 0.07342496 0.07512065
Checkpoint not saved at epoch 709000, loss did not improve.
709000 4.205784320831299 0.07211543 0.073286906
Checkpoint not saved at epoch 710000, loss did not improve.
710000 4.364889621734619 0.072787985 0.07384361
Checkpoint not saved at epoch 711000, loss did not improve.
711000 4.282838344573975 0.072443485 0.07407208
Checkpoint not saved at epoch 712000, loss did not improve.
712000 5.0096306800842285 0.07533865 0.07961807
Checkpoint not saved at epoch 713000, loss did not improve.
713000 4.660974979400635 0.07399214 0.073490165
Checkpoint not saved at epoch 714000, loss did not improve.
714000 4.386743068695068 0.07287893 0.073685765
Saving checkpoint at epoch 715000 with improved loss: 4.189007759094238
Model checkpoint saved at epoch 715000, batch 1
715000 4.178502559661865 0.071998194 0.07258743
Checkpoint not saved at epoch 716000, loss did not improve.
716000 4.3072686195373535 0.07254657 0.07292951
Checkpoint not saved at epoch 717000, loss did not improve.
717000 4.268631458282471 0.07238333 0.07329509
Saving checkpoint at epoch 718000 with improved loss: 4.158775806427002
Model checkpoint saved at epoch 718000, batch 1
718000 4.1832356452941895 0.07201857 0.07272105
Checkpoint not saved at epoch 719000, loss did not improve.
719000 4.425543785095215 0.073039554 0.07368321
Checkpoint not saved at epoch 720000, loss did not improve.
720000 4.158748149871826 0.071912944 0.07260763
Checkpoint not saved at epoch 721000, loss did not improve.
721000 4.343079090118408 0.072696894 0.073931135
Checkpoint not saved at epoch 722000, loss did not improve.
722000 4.345587730407715 0.07270739 0.072485425
Saving checkpoint at epoch 723000 with improved loss: 4.122287750244141
Model checkpoint saved at epoch 723000, batch 1
723000 4.126242160797119 0.07177201 0.072374456
Checkpoint not saved at epoch 724000, loss did not improve.
724000 4.128637790679932 0.071782425 0.07237488
Checkpoint not saved at epoch 725000, loss did not improve.
725000 4.239649295806885 0.07226016 0.072425544
Checkpoint not saved at epoch 726000, loss did not improve.
726000 4.382448673248291 0.07286109 0.07489112
Checkpoint not saved at epoch 727000, loss did not improve.
727000 4.149885177612305 0.071874596 0.073050015
Checkpoint not saved at epoch 728000, loss did not improve.
728000 4.235799789428711 0.07224375 0.072984
Checkpoint not saved at epoch 729000, loss did not improve.
729000 4.442343235015869 0.07310876 0.07288289
Checkpoint not saved at epoch 730000, loss did not improve.
730000 4.266058921813965 0.07237242 0.072861515
Checkpoint not saved at epoch 731000, loss did not improve.
731000 4.397955894470215 0.07292545 0.075508446
Checkpoint not saved at epoch 732000, loss did not improve.
732000 4.148108005523682 0.07186691 0.07248018
Checkpoint not saved at epoch 733000, loss did not improve.
733000 4.186725616455078 0.07203359 0.0726146
Checkpoint not saved at epoch 734000, loss did not improve.
734000 4.194817066192627 0.07206837 0.07261846
Saving checkpoint at epoch 735000 with improved loss: 4.113108158111572
Model checkpoint saved at epoch 735000, batch 1
735000 4.109784126281738 0.071700335 0.07312095
Checkpoint not saved at epoch 736000, loss did not improve.
736000 4.253638744354248 0.072319694 0.0752231
Checkpoint not saved at epoch 737000, loss did not improve.
737000 4.178090572357178 0.07199642 0.0729837
Checkpoint not saved at epoch 738000, loss did not improve.
738000 4.244016170501709 0.07227875 0.074798435
Checkpoint not saved at epoch 739000, loss did not improve.
739000 4.358337879180908 0.072760664 0.07225543
Checkpoint not saved at epoch 740000, loss did not improve.
740000 4.3223652839660645 0.072610065 0.07588441
Checkpoint not saved at epoch 741000, loss did not improve.
741000 4.170854091644287 0.071965225 0.0723927
Checkpoint not saved at epoch 742000, loss did not improve.
742000 4.293585300445557 0.07248889 0.07387796
Saving checkpoint at epoch 743000 with improved loss: 4.076637268066406
Model checkpoint saved at epoch 743000, batch 1
743000 4.088662624359131 0.07160803 0.07220529
Checkpoint not saved at epoch 744000, loss did not improve.
744000 4.264659881591797 0.07236649 0.072275646
Checkpoint not saved at epoch 745000, loss did not improve.
745000 4.11121129989624 0.071706556 0.07201064
Checkpoint not saved at epoch 746000, loss did not improve.
746000 4.146204471588135 0.07185866 0.07310112
Checkpoint not saved at epoch 747000, loss did not improve.
747000 4.064814567565918 0.071503386 0.07210866
Checkpoint not saved at epoch 748000, loss did not improve.
748000 4.448334217071533 0.073133394 0.07318579
Checkpoint not saved at epoch 749000, loss did not improve.
749000 4.242428302764893 0.072271995 0.074307084
Checkpoint not saved at epoch 750000, loss did not improve.
750000 4.166196823120117 0.07194512 0.072638795
Checkpoint not saved at epoch 751000, loss did not improve.
751000 4.37019157409668 0.07281008 0.07241505
Checkpoint not saved at epoch 752000, loss did not improve.
752000 4.383607864379883 0.0728659 0.07370238
Checkpoint not saved at epoch 753000, loss did not improve.
753000 4.660998344421387 0.07399224 0.07473144
Checkpoint not saved at epoch 754000, loss did not improve.
754000 5.840613842010498 0.07828545 0.078404665
Checkpoint not saved at epoch 755000, loss did not improve.
755000 4.348923683166504 0.07272134 0.07270412
Saving checkpoint at epoch 756000 with improved loss: 4.035843849182129
Model checkpoint saved at epoch 756000, batch 1
756000 4.051246643066406 0.07144365 0.07255019
Checkpoint not saved at epoch 757000, loss did not improve.
757000 4.085839748382568 0.07159567 0.073360465
Saving checkpoint at epoch 758000 with improved loss: 3.990373373031616
Model checkpoint saved at epoch 758000, batch 1
758000 4.007053852081299 0.07124801 0.07211007
Checkpoint not saved at epoch 759000, loss did not improve.
759000 4.004549026489258 0.07123687 0.07232224
Checkpoint not saved at epoch 760000, loss did not improve.
760000 4.168422222137451 0.07195473 0.07218138
Saving checkpoint at epoch 761000 with improved loss: 3.9884533882141113
Model checkpoint saved at epoch 761000, batch 1
761000 4.101773738861084 0.07166537 0.072979674
Checkpoint not saved at epoch 762000, loss did not improve.
762000 4.204085350036621 0.07210814 0.07208435
Checkpoint not saved at epoch 763000, loss did not improve.
763000 4.055453777313232 0.071462184 0.07210001
Checkpoint not saved at epoch 764000, loss did not improve.
764000 4.050421714782715 0.071440004 0.0724338
Checkpoint not saved at epoch 765000, loss did not improve.
765000 4.013432025909424 0.07127634 0.0715325
Checkpoint not saved at epoch 766000, loss did not improve.
766000 4.274816036224365 0.07240954 0.07268814
Checkpoint not saved at epoch 767000, loss did not improve.
767000 4.016108512878418 0.07128822 0.072636455
Checkpoint not saved at epoch 768000, loss did not improve.
768000 4.04154109954834 0.07140082 0.07190992
Checkpoint not saved at epoch 769000, loss did not improve.
769000 4.137292385101318 0.07182001 0.07146025
Checkpoint not saved at epoch 770000, loss did not improve.
770000 4.103004455566406 0.07167074 0.07147772
Checkpoint not saved at epoch 771000, loss did not improve.
771000 4.046670913696289 0.071423456 0.0727491
Checkpoint not saved at epoch 772000, loss did not improve.
772000 4.177810192108154 0.071995206 0.07416054
Checkpoint not saved at epoch 773000, loss did not improve.
773000 4.036627769470215 0.0713791 0.073481634
Saving checkpoint at epoch 774000 with improved loss: 3.9347078800201416
Model checkpoint saved at epoch 774000, batch 1
774000 3.9237611293792725 0.07087483 0.07178196
Checkpoint not saved at epoch 775000, loss did not improve.
775000 4.0472211837768555 0.071425885 0.07175095
Checkpoint not saved at epoch 776000, loss did not improve.
776000 3.92002272605896 0.07085794 0.0719405
Checkpoint not saved at epoch 777000, loss did not improve.
777000 3.9245941638946533 0.070878595 0.073205225
Checkpoint not saved at epoch 778000, loss did not improve.
778000 3.9716832637786865 0.07109026 0.0735854
Checkpoint not saved at epoch 779000, loss did not improve.
779000 4.263917446136475 0.07236335 0.076138385
Checkpoint not saved at epoch 780000, loss did not improve.
780000 4.051272869110107 0.07144376 0.073963836
Checkpoint not saved at epoch 781000, loss did not improve.
781000 4.370233058929443 0.072810255 0.07138254
Checkpoint not saved at epoch 782000, loss did not improve.
782000 4.136564254760742 0.07181685 0.071214676
Saving checkpoint at epoch 783000 with improved loss: 3.8987386226654053
Model checkpoint saved at epoch 783000, batch 1
783000 4.090624809265137 0.07161663 0.071854
Checkpoint not saved at epoch 784000, loss did not improve.
784000 4.354235649108887 0.07274354 0.07143318
Checkpoint not saved at epoch 785000, loss did not improve.
785000 3.9811694622039795 0.07113267 0.07148692
Checkpoint not saved at epoch 786000, loss did not improve.
786000 3.9714465141296387 0.07108919 0.07222122
Checkpoint not saved at epoch 787000, loss did not improve.
787000 4.016613006591797 0.071290456 0.07342067
Checkpoint not saved at epoch 788000, loss did not improve.
788000 4.239531517028809 0.07225965 0.07131416
Checkpoint not saved at epoch 789000, loss did not improve.
789000 4.149374008178711 0.07187239 0.07343634
Checkpoint not saved at epoch 790000, loss did not improve.
790000 4.039281845092773 0.07139084 0.07218947
Saving checkpoint at epoch 791000 with improved loss: 3.8816442489624023
Model checkpoint saved at epoch 791000, batch 1
791000 3.8810157775878906 0.07068101 0.07129658
Checkpoint not saved at epoch 792000, loss did not improve.
792000 4.070432186126709 0.07152808 0.07201317
Checkpoint not saved at epoch 793000, loss did not improve.
793000 3.9802675247192383 0.071128644 0.07257962
Checkpoint not saved at epoch 794000, loss did not improve.
794000 3.9714958667755127 0.07108942 0.07109271
Checkpoint not saved at epoch 795000, loss did not improve.
795000 3.8746116161346436 0.07065184 0.07135299
Checkpoint not saved at epoch 796000, loss did not improve.
796000 4.040809631347656 0.07139759 0.07293717
Checkpoint not saved at epoch 797000, loss did not improve.
797000 5.226102828979492 0.07613965 0.074267164
Saving checkpoint at epoch 798000 with improved loss: 3.8394482135772705
Model checkpoint saved at epoch 798000, batch 1
798000 3.833050012588501 0.07046161 0.07124692
Checkpoint not saved at epoch 799000, loss did not improve.
799000 3.920192241668701 0.07085872 0.0722669
Checkpoint not saved at epoch 800000, loss did not improve.
800000 3.9535508155822754 0.07100898 0.0726109
Checkpoint not saved at epoch 801000, loss did not improve.
801000 3.970771074295044 0.071086176 0.07432429
Checkpoint not saved at epoch 802000, loss did not improve.
802000 3.875152349472046 0.0706543 0.07360358
Checkpoint not saved at epoch 803000, loss did not improve.
803000 3.8733906745910645 0.07064627 0.07271408
Checkpoint not saved at epoch 804000, loss did not improve.
804000 4.027537822723389 0.071338885 0.07303928
Checkpoint not saved at epoch 805000, loss did not improve.
805000 3.861722707748413 0.07059301 0.07212365
Checkpoint not saved at epoch 806000, loss did not improve.
806000 4.03228759765625 0.07135991 0.07369725
Checkpoint not saved at epoch 807000, loss did not improve.
807000 3.9860987663269043 0.07115468 0.07128293
Checkpoint not saved at epoch 808000, loss did not improve.
808000 3.9298715591430664 0.070902415 0.071181685
Checkpoint not saved at epoch 809000, loss did not improve.
809000 3.868374824523926 0.07062339 0.07315717
Checkpoint not saved at epoch 810000, loss did not improve.
810000 3.9543206691741943 0.07101244 0.07365599
Saving checkpoint at epoch 811000 with improved loss: 3.828702688217163
Model checkpoint saved at epoch 811000, batch 1
811000 3.8060338497161865 0.07033712 0.07186927
Saving checkpoint at epoch 812000 with improved loss: 3.79573655128479
Model checkpoint saved at epoch 812000, batch 1
812000 3.8003435134887695 0.070310816 0.071721695
Checkpoint not saved at epoch 813000, loss did not improve.
813000 3.7883455753326416 0.07025525 0.0721635
Checkpoint not saved at epoch 814000, loss did not improve.
814000 3.863232374191284 0.070599906 0.071044154
Checkpoint not saved at epoch 815000, loss did not improve.
815000 3.898526191711426 0.0707606 0.07180226
Saving checkpoint at epoch 816000 with improved loss: 3.764248847961426
Model checkpoint saved at epoch 816000, batch 1
816000 3.768770933151245 0.07016432 0.07184118
Checkpoint not saved at epoch 817000, loss did not improve.
817000 3.9339005947113037 0.07092058 0.07377785
Checkpoint not saved at epoch 818000, loss did not improve.
818000 3.8605103492736816 0.07058747 0.07196252
Checkpoint not saved at epoch 819000, loss did not improve.
819000 4.478242874145508 0.07325602 0.07085374
Checkpoint not saved at epoch 820000, loss did not improve.
820000 3.784019947052002 0.07023519 0.072016366
Checkpoint not saved at epoch 821000, loss did not improve.
821000 5.447253227233887 0.076932676 0.0755398
Checkpoint not saved at epoch 822000, loss did not improve.
822000 3.8164684772491455 0.07038528 0.07103917
Checkpoint not saved at epoch 823000, loss did not improve.
823000 4.044249057769775 0.07141277 0.07243091
Checkpoint not saved at epoch 824000, loss did not improve.
824000 3.815685987472534 0.07038167 0.070470124
Checkpoint not saved at epoch 825000, loss did not improve.
825000 3.8009886741638184 0.0703138 0.07141807
Checkpoint not saved at epoch 826000, loss did not improve.
826000 3.9520201683044434 0.0710021 0.07059251
Saving checkpoint at epoch 827000 with improved loss: 3.7441835403442383
Model checkpoint saved at epoch 827000, batch 1
827000 3.741093397140503 0.07003515 0.070610285
Checkpoint not saved at epoch 828000, loss did not improve.
828000 4.152982711791992 0.071888015 0.07383428
Checkpoint not saved at epoch 829000, loss did not improve.
829000 3.8010177612304688 0.07031393 0.07135193
Checkpoint not saved at epoch 830000, loss did not improve.
830000 3.8255674839019775 0.070427194 0.071078055
Checkpoint not saved at epoch 831000, loss did not improve.
831000 4.31662130355835 0.072585925 0.072771624
Checkpoint not saved at epoch 832000, loss did not improve.
832000 3.9117190837860107 0.07082039 0.070517264
Saving checkpoint at epoch 833000 with improved loss: 3.727435350418091
Model checkpoint saved at epoch 833000, batch 1
833000 3.710975408554077 0.06989376 0.07033387
Checkpoint not saved at epoch 834000, loss did not improve.
834000 3.8498241901397705 0.070538566 0.07079933
Checkpoint not saved at epoch 835000, loss did not improve.
835000 3.910065174102783 0.0708129 0.071585
Saving checkpoint at epoch 836000 with improved loss: 3.7224316596984863
Model checkpoint saved at epoch 836000, batch 1
836000 3.7172272205352783 0.069923185 0.07036439
Checkpoint not saved at epoch 837000, loss did not improve.
837000 4.270460605621338 0.072391085 0.07187013
Checkpoint not saved at epoch 838000, loss did not improve.
838000 3.7216451168060303 0.06994395 0.07047755
Checkpoint not saved at epoch 839000, loss did not improve.
839000 3.928920269012451 0.07089812 0.071071535
Checkpoint not saved at epoch 840000, loss did not improve.
840000 3.9291086196899414 0.070898965 0.072104625
Checkpoint not saved at epoch 841000, loss did not improve.
841000 3.9767582416534424 0.07111296 0.069855794
Checkpoint not saved at epoch 842000, loss did not improve.
842000 4.102807998657227 0.07166989 0.07143647
Checkpoint not saved at epoch 843000, loss did not improve.
843000 3.807166576385498 0.07034235 0.07023741
Saving checkpoint at epoch 844000 with improved loss: 3.7004001140594482
Model checkpoint saved at epoch 844000, batch 1
844000 3.692854881286621 0.06980829 0.070102684
Checkpoint not saved at epoch 845000, loss did not improve.
845000 3.862130641937256 0.07059487 0.07118347
Checkpoint not saved at epoch 846000, loss did not improve.
846000 3.7204067707061768 0.06993813 0.070400074
Checkpoint not saved at epoch 847000, loss did not improve.
847000 3.6878600120544434 0.06978468 0.07077511
Checkpoint not saved at epoch 848000, loss did not improve.
848000 3.843507766723633 0.07050962 0.07026513
Checkpoint not saved at epoch 849000, loss did not improve.
849000 3.8244447708129883 0.07042202 0.07146914
Checkpoint not saved at epoch 850000, loss did not improve.
850000 3.927910327911377 0.07089356 0.071219675
Checkpoint not saved at epoch 851000, loss did not improve.
851000 3.746342658996582 0.0700597 0.070714146
Checkpoint not saved at epoch 852000, loss did not improve.
852000 3.769500494003296 0.07016773 0.07042652
Checkpoint not saved at epoch 853000, loss did not improve.
853000 4.827706813812256 0.074645154 0.07792824
Checkpoint not saved at epoch 854000, loss did not improve.
854000 3.838636875152588 0.07048727 0.0699822
Checkpoint not saved at epoch 855000, loss did not improve.
855000 3.684147596359253 0.0697671 0.07008274
Checkpoint not saved at epoch 856000, loss did not improve.
856000 3.7921621799468994 0.070272945 0.07171261
Checkpoint not saved at epoch 857000, loss did not improve.
857000 3.767277717590332 0.07015737 0.072124094
Checkpoint not saved at epoch 858000, loss did not improve.
858000 3.8828911781311035 0.07068955 0.07058114
Checkpoint not saved at epoch 859000, loss did not improve.
859000 3.9638617038726807 0.07105523 0.070918575
Checkpoint not saved at epoch 860000, loss did not improve.
860000 3.76139497756958 0.07012997 0.07077625
Checkpoint not saved at epoch 861000, loss did not improve.
861000 3.7044875621795654 0.0698632 0.07115317
Saving checkpoint at epoch 862000 with improved loss: 3.6743924617767334
Model checkpoint saved at epoch 862000, batch 1
862000 3.666130781173706 0.06968165 0.07076317
Checkpoint not saved at epoch 863000, loss did not improve.
863000 3.7811636924743652 0.07022194 0.07024347
Checkpoint not saved at epoch 864000, loss did not improve.
864000 3.691765069961548 0.06980314 0.07117655
Saving checkpoint at epoch 865000 with improved loss: 3.6674437522888184
Model checkpoint saved at epoch 865000, batch 1
865000 3.6698458194732666 0.069699295 0.07062469
Saving checkpoint at epoch 866000 with improved loss: 3.6623342037200928
Model checkpoint saved at epoch 866000, batch 1
866000 3.675441265106201 0.06972585 0.07185517
Checkpoint not saved at epoch 867000, loss did not improve.
867000 3.793989419937134 0.070281416 0.0725754
Checkpoint not saved at epoch 868000, loss did not improve.
868000 3.7384674549102783 0.07002286 0.07058344
Checkpoint not saved at epoch 869000, loss did not improve.
869000 3.742394208908081 0.07004123 0.07139966
Checkpoint not saved at epoch 870000, loss did not improve.
870000 3.9597415924072266 0.071036756 0.07434451
Checkpoint not saved at epoch 871000, loss did not improve.
871000 3.7730712890625 0.070184335 0.070910454
Checkpoint not saved at epoch 872000, loss did not improve.
872000 3.664802074432373 0.069675334 0.07219101
Checkpoint not saved at epoch 873000, loss did not improve.
873000 3.7297723293304443 0.06998211 0.07029218
Saving checkpoint at epoch 874000 with improved loss: 3.609447717666626
Model checkpoint saved at epoch 874000, batch 1
874000 3.6361782550811768 0.069538884 0.07065529
Checkpoint not saved at epoch 875000, loss did not improve.
875000 3.6717946529388428 0.06970855 0.073948614
Checkpoint not saved at epoch 876000, loss did not improve.
876000 3.740858554840088 0.07003405 0.07146187
Saving checkpoint at epoch 877000 with improved loss: 3.6086058616638184
Model checkpoint saved at epoch 877000, batch 1
877000 3.581225633621216 0.06927466 0.07110278
Checkpoint not saved at epoch 878000, loss did not improve.
878000 3.6118414402008057 0.06942224 0.072554104
Checkpoint not saved at epoch 879000, loss did not improve.
879000 3.8368406295776367 0.07047902 0.07083524
Checkpoint not saved at epoch 880000, loss did not improve.
880000 3.763659715652466 0.070140526 0.0753029
Checkpoint not saved at epoch 881000, loss did not improve.
881000 4.57777738571167 0.07365972 0.075825036
Checkpoint not saved at epoch 882000, loss did not improve.
882000 3.646925687789917 0.06959022 0.07345246
Saving checkpoint at epoch 883000 with improved loss: 3.5907838344573975
Model checkpoint saved at epoch 883000, batch 1
883000 3.5853471755981445 0.06929458 0.0721564
Checkpoint not saved at epoch 884000, loss did not improve.
884000 3.686675548553467 0.06977907 0.0729212
Checkpoint not saved at epoch 885000, loss did not improve.
885000 3.7669317722320557 0.07015576 0.07255924
Checkpoint not saved at epoch 886000, loss did not improve.
886000 3.6571388244628906 0.069638886 0.0718286
Saving checkpoint at epoch 887000 with improved loss: 3.570312976837158
Model checkpoint saved at epoch 887000, batch 1
887000 3.572788953781128 0.06923381 0.072106436
Checkpoint not saved at epoch 888000, loss did not improve.
888000 3.7307357788085938 0.06998663 0.072697885
Checkpoint not saved at epoch 889000, loss did not improve.
889000 4.151291370391846 0.07188069 0.07810122
Checkpoint not saved at epoch 890000, loss did not improve.
890000 3.9874417781829834 0.07116067 0.07420079
Checkpoint not saved at epoch 891000, loss did not improve.
891000 3.5899758338928223 0.06931692 0.071618184
Checkpoint not saved at epoch 892000, loss did not improve.
892000 3.5887537002563477 0.06931103 0.07041684
Checkpoint not saved at epoch 893000, loss did not improve.
893000 4.10920524597168 0.0716978 0.07495411
Checkpoint not saved at epoch 894000, loss did not improve.
894000 3.6450910568237305 0.06958146 0.07316236
Checkpoint not saved at epoch 895000, loss did not improve.
895000 3.6320509910583496 0.06951914 0.069870315
Checkpoint not saved at epoch 896000, loss did not improve.
896000 3.6742794513702393 0.069720335 0.07355327
Checkpoint not saved at epoch 897000, loss did not improve.
897000 3.650970220565796 0.0696095 0.07305426
Checkpoint not saved at epoch 898000, loss did not improve.
898000 3.856480836868286 0.07056904 0.07142189
Saving checkpoint at epoch 899000 with improved loss: 3.5260801315307617
Model checkpoint saved at epoch 899000, batch 1
899000 3.523484468460083 0.06899372 0.07034617
Checkpoint not saved at epoch 900000, loss did not improve.
900000 3.6375818252563477 0.06954559 0.071632445
Checkpoint not saved at epoch 901000, loss did not improve.
901000 3.553123712539673 0.06913835 0.070041224
Checkpoint not saved at epoch 902000, loss did not improve.
902000 3.5657081604003906 0.06919949 0.07027674
Checkpoint not saved at epoch 903000, loss did not improve.
903000 3.592818260192871 0.06933065 0.06993236
Checkpoint not saved at epoch 904000, loss did not improve.
904000 3.7072126865386963 0.069876045 0.070061065
Checkpoint not saved at epoch 905000, loss did not improve.
905000 3.7377264499664307 0.07001938 0.071056865
Checkpoint not saved at epoch 906000, loss did not improve.
906000 3.565457582473755 0.06919827 0.07071368
Checkpoint not saved at epoch 907000, loss did not improve.
907000 4.154043197631836 0.0718926 0.073961325
Saving checkpoint at epoch 908000 with improved loss: 3.508390426635742
Model checkpoint saved at epoch 908000, batch 1
908000 3.530996799468994 0.06903046 0.06990368
Checkpoint not saved at epoch 909000, loss did not improve.
909000 3.6883158683776855 0.06978683 0.06962699
Checkpoint not saved at epoch 910000, loss did not improve.
910000 3.5990617275238037 0.06936075 0.06971355
Checkpoint not saved at epoch 911000, loss did not improve.
911000 3.688898801803589 0.06978958 0.06945926
Saving checkpoint at epoch 912000 with improved loss: 3.459461212158203
Model checkpoint saved at epoch 912000, batch 1
912000 3.466176748275757 0.068711445 0.07016097
Checkpoint not saved at epoch 913000, loss did not improve.
913000 3.5099987983703613 0.06892761 0.07022071
Checkpoint not saved at epoch 914000, loss did not improve.
914000 3.4711825847625732 0.06873624 0.06980942
Checkpoint not saved at epoch 915000, loss did not improve.
915000 3.471933364868164 0.068739966 0.06971917
Checkpoint not saved at epoch 916000, loss did not improve.
916000 3.4800593852996826 0.06878015 0.06939891
Checkpoint not saved at epoch 917000, loss did not improve.
917000 3.6261117458343506 0.06949071 0.069695264
Saving checkpoint at epoch 918000 with improved loss: 3.4540958404541016
Model checkpoint saved at epoch 918000, batch 1
918000 3.452972650527954 0.06864592 0.07014647
Checkpoint not saved at epoch 919000, loss did not improve.
919000 3.667897939682007 0.06969004 0.07269675
Saving checkpoint at epoch 920000 with improved loss: 3.4418060779571533
Model checkpoint saved at epoch 920000, batch 1
920000 3.4588146209716797 0.06867493 0.06948204
Checkpoint not saved at epoch 921000, loss did not improve.
921000 3.4552149772644043 0.068657055 0.06942904
Checkpoint not saved at epoch 922000, loss did not improve.
922000 3.6471028327941895 0.06959105 0.07047901
Checkpoint not saved at epoch 923000, loss did not improve.
923000 3.4855799674987793 0.06880741 0.069913745
Checkpoint not saved at epoch 924000, loss did not improve.
924000 3.4500603675842285 0.06863143 0.06916082
Checkpoint not saved at epoch 925000, loss did not improve.
925000 3.6342568397521973 0.0695297 0.06941812
Checkpoint not saved at epoch 926000, loss did not improve.
926000 3.4667582511901855 0.06871433 0.06960849
Checkpoint not saved at epoch 927000, loss did not improve.
927000 3.495737314224243 0.06885748 0.06991427
Checkpoint not saved at epoch 928000, loss did not improve.
928000 3.9166619777679443 0.07084275 0.07166138
Checkpoint not saved at epoch 929000, loss did not improve.
929000 3.6240921020507812 0.06948103 0.06972749
Checkpoint not saved at epoch 930000, loss did not improve.
930000 3.6447412967681885 0.06957978 0.06993514
Saving checkpoint at epoch 931000 with improved loss: 3.4247241020202637
Model checkpoint saved at epoch 931000, batch 1
931000 3.425161123275757 0.06850728 0.06928281
Checkpoint not saved at epoch 932000, loss did not improve.
932000 3.5169851779937744 0.06896187 0.0703026
Saving checkpoint at epoch 933000 with improved loss: 3.420516014099121
Model checkpoint saved at epoch 933000, batch 1
933000 3.4266109466552734 0.06851452 0.069430746
Checkpoint not saved at epoch 934000, loss did not improve.
934000 3.558953046798706 0.06916669 0.06914035
Saving checkpoint at epoch 935000 with improved loss: 3.385554790496826
Model checkpoint saved at epoch 935000, batch 1
935000 3.3991570472717285 0.06837687 0.06888075
Checkpoint not saved at epoch 936000, loss did not improve.
936000 3.4282658100128174 0.06852279 0.06908099
Checkpoint not saved at epoch 937000, loss did not improve.
937000 3.3743033409118652 0.068251535 0.07003389
Checkpoint not saved at epoch 938000, loss did not improve.
938000 4.050594806671143 0.07144077 0.07330847
Checkpoint not saved at epoch 939000, loss did not improve.
939000 3.5680959224700928 0.069211066 0.07002836
Checkpoint not saved at epoch 940000, loss did not improve.
940000 3.6406478881835938 0.069560245 0.070137724
Checkpoint not saved at epoch 941000, loss did not improve.
941000 3.702796220779419 0.06985522 0.07156991
Checkpoint not saved at epoch 942000, loss did not improve.
942000 3.5244815349578857 0.06899859 0.069496006
Checkpoint not saved at epoch 943000, loss did not improve.
943000 3.4587395191192627 0.06867456 0.06961439
Checkpoint not saved at epoch 944000, loss did not improve.
944000 3.407580614089966 0.068419196 0.069439724
Checkpoint not saved at epoch 945000, loss did not improve.
945000 3.9619107246398926 0.07104649 0.07216762
Checkpoint not saved at epoch 946000, loss did not improve.
946000 3.527013063430786 0.06901098 0.070426136
Checkpoint not saved at epoch 947000, loss did not improve.
947000 3.9238483905792236 0.07087523 0.07134457
Checkpoint not saved at epoch 948000, loss did not improve.
948000 3.4919562339782715 0.06883885 0.069371775
Checkpoint not saved at epoch 949000, loss did not improve.
949000 3.9887118339538574 0.07116634 0.06991019
Checkpoint not saved at epoch 950000, loss did not improve.
950000 3.4100077152252197 0.06843137 0.06970797
Checkpoint not saved at epoch 951000, loss did not improve.
951000 3.544766426086426 0.06909766 0.07102973
Checkpoint not saved at epoch 952000, loss did not improve.
952000 3.4223670959472656 0.0684933 0.070047975
Checkpoint not saved at epoch 953000, loss did not improve.
953000 4.2083845138549805 0.07212657 0.071438916
Checkpoint not saved at epoch 954000, loss did not improve.
954000 3.530890464782715 0.069029935 0.06995628
Checkpoint not saved at epoch 955000, loss did not improve.
955000 3.9898576736450195 0.07117144 0.070393644
Checkpoint not saved at epoch 956000, loss did not improve.
956000 4.024929046630859 0.07132733 0.07181586
Saving checkpoint at epoch 957000 with improved loss: 3.354304790496826
Model checkpoint saved at epoch 957000, batch 1
957000 3.3539557456970215 0.06814841 0.069299944
Checkpoint not saved at epoch 958000, loss did not improve.
958000 3.3866121768951416 0.068313695 0.06887413
Checkpoint not saved at epoch 959000, loss did not improve.
959000 3.5649874210357666 0.069195986 0.07036845
Saving checkpoint at epoch 960000 with improved loss: 3.349802255630493
Model checkpoint saved at epoch 960000, batch 1
960000 3.3499536514282227 0.06812808 0.069722764
Checkpoint not saved at epoch 961000, loss did not improve.
961000 3.5209197998046875 0.068981156 0.06869112
Checkpoint not saved at epoch 962000, loss did not improve.
962000 3.543971061706543 0.06909378 0.07159584
Checkpoint not saved at epoch 963000, loss did not improve.
963000 3.3618128299713135 0.068188295 0.069120005
Checkpoint not saved at epoch 964000, loss did not improve.
964000 3.7693915367126465 0.07016721 0.06866349
Checkpoint not saved at epoch 965000, loss did not improve.
965000 3.5233500003814697 0.068993054 0.06857851
Checkpoint not saved at epoch 966000, loss did not improve.
966000 3.391218900680542 0.06833692 0.07074354
Checkpoint not saved at epoch 967000, loss did not improve.
967000 3.7730932235717773 0.07018444 0.07190389
Checkpoint not saved at epoch 968000, loss did not improve.
968000 3.42252779006958 0.0684941 0.06988183
Checkpoint not saved at epoch 969000, loss did not improve.
969000 3.5389602184295654 0.06906935 0.07221042
Checkpoint not saved at epoch 970000, loss did not improve.
970000 3.483766794204712 0.06879845 0.07165429
Checkpoint not saved at epoch 971000, loss did not improve.
971000 3.5160605907440186 0.06895734 0.06871162
Saving checkpoint at epoch 972000 with improved loss: 3.3091366291046143
Model checkpoint saved at epoch 972000, batch 1
972000 3.3135602474212646 0.067942284 0.06942689
Checkpoint not saved at epoch 973000, loss did not improve.
973000 4.20167350769043 0.07209779 0.07351324
Checkpoint not saved at epoch 974000, loss did not improve.
974000 3.3014187812805176 0.06787996 0.06937629
Checkpoint not saved at epoch 975000, loss did not improve.
975000 3.319361686706543 0.067972004 0.06932839
Checkpoint not saved at epoch 976000, loss did not improve.
976000 3.7270150184631348 0.06996917 0.07034141
Checkpoint not saved at epoch 977000, loss did not improve.
977000 3.908615827560425 0.07080635 0.072311215
Checkpoint not saved at epoch 978000, loss did not improve.
978000 3.3169798851013184 0.06795981 0.06952353
Checkpoint not saved at epoch 979000, loss did not improve.
979000 3.3191003799438477 0.06797066 0.069685966
Checkpoint not saved at epoch 980000, loss did not improve.
980000 3.327028751373291 0.06801122 0.07149217
Checkpoint not saved at epoch 981000, loss did not improve.
981000 3.6362075805664062 0.069539025 0.07314747
Checkpoint not saved at epoch 982000, loss did not improve.
982000 3.523695707321167 0.068994746 0.07187559
Checkpoint not saved at epoch 983000, loss did not improve.
983000 3.611161231994629 0.06941897 0.072464235
Checkpoint not saved at epoch 984000, loss did not improve.
984000 3.361598014831543 0.0681872 0.069293514
Checkpoint not saved at epoch 985000, loss did not improve.
985000 3.439760446548462 0.06858016 0.07232496
Checkpoint not saved at epoch 986000, loss did not improve.
986000 3.696293354034424 0.06982453 0.07137761
Checkpoint not saved at epoch 987000, loss did not improve.
987000 3.504805564880371 0.0689021 0.0699527
Saving checkpoint at epoch 988000 with improved loss: 3.308668613433838
Model checkpoint saved at epoch 988000, batch 1
988000 3.275907516479492 0.06774844 0.0704148
Checkpoint not saved at epoch 989000, loss did not improve.
989000 3.4745399951934814 0.06875286 0.07236429
Checkpoint not saved at epoch 990000, loss did not improve.
990000 3.3175787925720215 0.06796288 0.06891302
Saving checkpoint at epoch 991000 with improved loss: 3.2683045864105225
Model checkpoint saved at epoch 991000, batch 1
991000 3.3089590072631836 0.06791869 0.070414275
Saving checkpoint at epoch 992000 with improved loss: 3.26518177986145
Model checkpoint saved at epoch 992000, batch 1
992000 3.309051752090454 0.067919165 0.07120016
Checkpoint not saved at epoch 993000, loss did not improve.
993000 3.259070873260498 0.067661226 0.0703919
Saving checkpoint at epoch 994000 with improved loss: 3.256661891937256
Model checkpoint saved at epoch 994000, batch 1
994000 3.244645595550537 0.06758623 0.069875956
Saving checkpoint at epoch 995000 with improved loss: 3.251009702682495
Model checkpoint saved at epoch 995000, batch 1
995000 3.2451372146606445 0.0675888 0.0691768
Checkpoint not saved at epoch 996000, loss did not improve.
996000 4.383565425872803 0.07286573 0.06938032
Checkpoint not saved at epoch 997000, loss did not improve.
997000 3.351771831512451 0.06813731 0.07038293
Checkpoint not saved at epoch 998000, loss did not improve.
998000 3.7117364406585693 0.069897346 0.070354104
Checkpoint not saved at epoch 999000, loss did not improve.
999000 3.2651445865631104 0.06769273 0.069228336
Checkpoint not saved at epoch 1000000, loss did not improve.
1000000 3.267188310623169 0.067703314 0.068956144
Checkpoint not saved at epoch 1001000, loss did not improve.
1001000 3.6165621280670166 0.0694449 0.073249765
Checkpoint not saved at epoch 1002000, loss did not improve.
1002000 3.429612636566162 0.06852952 0.06833927
Checkpoint not saved at epoch 1003000, loss did not improve.
1003000 3.3917837142944336 0.068339765 0.06823607
Checkpoint not saved at epoch 1004000, loss did not improve.
1004000 3.268429756164551 0.06770975 0.06980098
Saving checkpoint at epoch 1005000 with improved loss: 3.2406277656555176
Model checkpoint saved at epoch 1005000, batch 1
1005000 3.274285078048706 0.06774005 0.06825428
Checkpoint not saved at epoch 1006000, loss did not improve.
1006000 3.3127965927124023 0.06793837 0.07039282
Checkpoint not saved at epoch 1007000, loss did not improve.
1007000 3.3189697265625 0.06796999 0.07293018
Saving checkpoint at epoch 1008000 with improved loss: 3.2077159881591797
Model checkpoint saved at epoch 1008000, batch 1
1008000 3.214446783065796 0.067428425 0.06872284
Checkpoint not saved at epoch 1009000, loss did not improve.
1009000 3.961177349090576 0.07104319 0.07142342
Checkpoint not saved at epoch 1010000, loss did not improve.
1010000 3.3561666011810303 0.06815964 0.06999115
Saving checkpoint at epoch 1011000 with improved loss: 3.205883264541626
Model checkpoint saved at epoch 1011000, batch 1
1011000 3.2012953758239746 0.06735935 0.06828781
Checkpoint not saved at epoch 1012000, loss did not improve.
1012000 3.294562339782715 0.06784469 0.06983575
Checkpoint not saved at epoch 1013000, loss did not improve.
1013000 3.3315136432647705 0.06803413 0.06839923
Checkpoint not saved at epoch 1014000, loss did not improve.
1014000 3.2492868900299072 0.06761039 0.06924287
Checkpoint not saved at epoch 1015000, loss did not improve.
1015000 3.245323657989502 0.06758977 0.067831196
Checkpoint not saved at epoch 1016000, loss did not improve.
1016000 3.371108055114746 0.068235375 0.06880869
Checkpoint not saved at epoch 1017000, loss did not improve.
1017000 3.256150245666504 0.067646064 0.06839215
Checkpoint not saved at epoch 1018000, loss did not improve.
1018000 3.3491573333740234 0.068124026 0.069473386
Checkpoint not saved at epoch 1019000, loss did not improve.
1019000 3.4129347801208496 0.068446055 0.06972499
Saving checkpoint at epoch 1020000 with improved loss: 3.1747019290924072
Model checkpoint saved at epoch 1020000, batch 1
1020000 3.177018642425537 0.06723127 0.068238884
Checkpoint not saved at epoch 1021000, loss did not improve.
1021000 3.1861650943756104 0.067279615 0.06835763
Checkpoint not saved at epoch 1022000, loss did not improve.
1022000 3.2647135257720947 0.0676905 0.06844749
Checkpoint not saved at epoch 1023000, loss did not improve.
1023000 3.3514504432678223 0.06813568 0.06991169
Checkpoint not saved at epoch 1024000, loss did not improve.
1024000 3.436554431915283 0.06856418 0.068625286
Checkpoint not saved at epoch 1025000, loss did not improve.
1025000 3.5616962909698486 0.06918002 0.06953733
Checkpoint not saved at epoch 1026000, loss did not improve.
1026000 3.1789472103118896 0.067241475 0.06769776
Checkpoint not saved at epoch 1027000, loss did not improve.
1027000 3.3030245304107666 0.06788821 0.068506554
Checkpoint not saved at epoch 1028000, loss did not improve.
1028000 3.8911094665527344 0.070726916 0.07025873
Checkpoint not saved at epoch 1029000, loss did not improve.
1029000 3.4423537254333496 0.06859308 0.06886981
Checkpoint not saved at epoch 1030000, loss did not improve.
1030000 3.5851199626922607 0.06929348 0.071306586
Checkpoint not saved at epoch 1031000, loss did not improve.
1031000 3.4138522148132324 0.06845065 0.0707051
Checkpoint not saved at epoch 1032000, loss did not improve.
1032000 3.3426003456115723 0.068090655 0.068025194
Checkpoint not saved at epoch 1033000, loss did not improve.
1033000 3.644979476928711 0.06958093 0.07059484
Checkpoint not saved at epoch 1034000, loss did not improve.
1034000 3.24985933303833 0.06761336 0.06799085
Checkpoint not saved at epoch 1035000, loss did not improve.
1035000 3.917541980743408 0.07084674 0.06974782
Checkpoint not saved at epoch 1036000, loss did not improve.
1036000 3.6870291233062744 0.06978074 0.07109161
Checkpoint not saved at epoch 1037000, loss did not improve.
1037000 3.7172608375549316 0.069923334 0.06828901
Checkpoint not saved at epoch 1038000, loss did not improve.
1038000 3.2775514125823975 0.06775694 0.068911605
Checkpoint not saved at epoch 1039000, loss did not improve.
1039000 3.2225911617279053 0.067471094 0.06836557
Checkpoint not saved at epoch 1040000, loss did not improve.
1040000 3.2777633666992188 0.06775803 0.06743489
Checkpoint not saved at epoch 1041000, loss did not improve.
1041000 3.2181625366210938 0.06744789 0.06826556
Checkpoint not saved at epoch 1042000, loss did not improve.
1042000 3.5601634979248047 0.06917257 0.07123222
Checkpoint not saved at epoch 1043000, loss did not improve.
1043000 3.8413846492767334 0.07049988 0.06843294
Checkpoint not saved at epoch 1044000, loss did not improve.
1044000 4.017810344696045 0.07129577 0.07033128
Saving checkpoint at epoch 1045000 with improved loss: 3.147756576538086
Model checkpoint saved at epoch 1045000, batch 1
1045000 3.143381357192993 0.06705261 0.06790432
Checkpoint not saved at epoch 1046000, loss did not improve.
1046000 3.1721980571746826 0.06720576 0.067951754
Checkpoint not saved at epoch 1047000, loss did not improve.
1047000 3.179671287536621 0.067245305 0.06737848
Checkpoint not saved at epoch 1048000, loss did not improve.
1048000 3.325080633163452 0.068001255 0.06741269
Saving checkpoint at epoch 1049000 with improved loss: 3.141979694366455
Model checkpoint saved at epoch 1049000, batch 1
1049000 3.1462371349334717 0.06706783 0.068318024
Checkpoint not saved at epoch 1050000, loss did not improve.
1050000 3.214338541030884 0.06742785 0.06748931
Checkpoint not saved at epoch 1051000, loss did not improve.
1051000 3.330430030822754 0.0680286 0.06759279
Checkpoint not saved at epoch 1052000, loss did not improve.
1052000 3.148453712463379 0.06707965 0.06823046
Checkpoint not saved at epoch 1053000, loss did not improve.
1053000 3.4651412963867188 0.06870632 0.06872453
Checkpoint not saved at epoch 1054000, loss did not improve.
1054000 3.312082290649414 0.06793471 0.06718378
Checkpoint not saved at epoch 1055000, loss did not improve.
1055000 3.18312406539917 0.06726356 0.0678675
Saving checkpoint at epoch 1056000 with improved loss: 3.123255729675293
Model checkpoint saved at epoch 1056000, batch 1
1056000 3.1223227977752686 0.066940024 0.0673686
Checkpoint not saved at epoch 1057000, loss did not improve.
1057000 3.2073349952697754 0.06739109 0.06720487
Checkpoint not saved at epoch 1058000, loss did not improve.
1058000 3.42911958694458 0.06852706 0.07076375
Checkpoint not saved at epoch 1059000, loss did not improve.
1059000 3.3663082122802734 0.06821107 0.06774088
Checkpoint not saved at epoch 1060000, loss did not improve.
1060000 3.1993982791900635 0.06734936 0.068160675
Saving checkpoint at epoch 1061000 with improved loss: 3.111389398574829
Model checkpoint saved at epoch 1061000, batch 1
1061000 3.1155784130096436 0.066903844 0.067411795
Saving checkpoint at epoch 1062000 with improved loss: 3.088698625564575
Model checkpoint saved at epoch 1062000, batch 1
1062000 3.0945851802825928 0.06679086 0.06725556
Checkpoint not saved at epoch 1063000, loss did not improve.
1063000 3.325068712234497 0.0680012 0.0698144
Checkpoint not saved at epoch 1064000, loss did not improve.
1064000 3.225794553756714 0.06748785 0.06718425
Checkpoint not saved at epoch 1065000, loss did not improve.
1065000 4.010515213012695 0.07126338 0.07366233
Checkpoint not saved at epoch 1066000, loss did not improve.
1066000 3.5484390258789062 0.06911555 0.06758665
Checkpoint not saved at epoch 1067000, loss did not improve.
1067000 3.7146105766296387 0.06991088 0.071895435
Checkpoint not saved at epoch 1068000, loss did not improve.
1068000 3.121480941772461 0.06693551 0.06717229
Checkpoint not saved at epoch 1069000, loss did not improve.
1069000 3.080641984939575 0.0667155 0.06769723
Checkpoint not saved at epoch 1070000, loss did not improve.
1070000 7.644095420837402 0.08373325 0.070211925
Checkpoint not saved at epoch 1071000, loss did not improve.
1071000 3.092585802078247 0.066780075 0.06725389
Checkpoint not saved at epoch 1072000, loss did not improve.
1072000 3.2657458782196045 0.06769585 0.07069177
Checkpoint not saved at epoch 1073000, loss did not improve.
1073000 3.10054612159729 0.066823 0.068361446
Checkpoint not saved at epoch 1074000, loss did not improve.
1074000 3.8468832969665527 0.070525095 0.074277624
Checkpoint not saved at epoch 1075000, loss did not improve.
1075000 3.2019803524017334 0.06736295 0.06781636
Checkpoint not saved at epoch 1076000, loss did not improve.
1076000 3.076228380203247 0.06669159 0.06787309
Checkpoint not saved at epoch 1077000, loss did not improve.
1077000 3.258734941482544 0.06765948 0.06961807
Checkpoint not saved at epoch 1078000, loss did not improve.
1078000 3.3451309204101562 0.068103544 0.06800206
Checkpoint not saved at epoch 1079000, loss did not improve.
1079000 3.2219624519348145 0.0674678 0.07005953
Checkpoint not saved at epoch 1080000, loss did not improve.
1080000 3.2582528591156006 0.06765698 0.067154154
Checkpoint not saved at epoch 1081000, loss did not improve.
1081000 3.481645107269287 0.068787985 0.069084555
Checkpoint not saved at epoch 1082000, loss did not improve.
1082000 3.2018332481384277 0.06736217 0.06834142
Checkpoint not saved at epoch 1083000, loss did not improve.
1083000 3.157679319381714 0.067128725 0.068647824
Checkpoint not saved at epoch 1084000, loss did not improve.
1084000 3.9054839611053467 0.07079215 0.06856824
Checkpoint not saved at epoch 1085000, loss did not improve.
1085000 3.235111951828003 0.06753653 0.07001057
Checkpoint not saved at epoch 1086000, loss did not improve.
1086000 3.433385133743286 0.06854836 0.068198904
Checkpoint not saved at epoch 1087000, loss did not improve.
1087000 3.1205668449401855 0.066930614 0.06743629
Checkpoint not saved at epoch 1088000, loss did not improve.
1088000 3.261523485183716 0.06767395 0.067273505
Checkpoint not saved at epoch 1089000, loss did not improve.
1089000 3.074970245361328 0.06668477 0.06741131
Checkpoint not saved at epoch 1090000, loss did not improve.
1090000 3.5593488216400146 0.069168605 0.071682625
Checkpoint not saved at epoch 1091000, loss did not improve.
1091000 3.4182534217834473 0.068472706 0.06902563
Checkpoint not saved at epoch 1092000, loss did not improve.
1092000 3.119590997695923 0.06692538 0.06720292
Checkpoint not saved at epoch 1093000, loss did not improve.
1093000 3.236783981323242 0.06754526 0.06783329
Checkpoint not saved at epoch 1094000, loss did not improve.
1094000 3.2142200469970703 0.06742723 0.06945333
Saving checkpoint at epoch 1095000 with improved loss: 3.0794730186462402
Model checkpoint saved at epoch 1095000, batch 1
1095000 3.1038289070129395 0.06684068 0.06886364
Checkpoint not saved at epoch 1096000, loss did not improve.
1096000 3.365823745727539 0.06820862 0.06950226
Saving checkpoint at epoch 1097000 with improved loss: 3.0720157623291016
Model checkpoint saved at epoch 1097000, batch 1
1097000 3.0591862201690674 0.06659903 0.067126825
Saving checkpoint at epoch 1098000 with improved loss: 3.069387674331665
Model checkpoint saved at epoch 1098000, batch 1
1098000 3.0369973182678223 0.06647794 0.067684464
Checkpoint not saved at epoch 1099000, loss did not improve.
1099000 3.2783262729644775 0.067760944 0.06834019
Checkpoint not saved at epoch 1100000, loss did not improve.
1100000 3.2732651233673096 0.06773478 0.07069662
Checkpoint not saved at epoch 1101000, loss did not improve.
1101000 3.0635910034179688 0.06662299 0.06704781
Checkpoint not saved at epoch 1102000, loss did not improve.
1102000 3.645113229751587 0.06958156 0.077542044
Checkpoint not saved at epoch 1103000, loss did not improve.
1103000 3.5881006717681885 0.06930787 0.071331725
Checkpoint not saved at epoch 1104000, loss did not improve.
1104000 3.362201690673828 0.06819026 0.067883596
Checkpoint not saved at epoch 1105000, loss did not improve.
1105000 3.200934886932373 0.06735745 0.0677602
Saving checkpoint at epoch 1106000 with improved loss: 3.022740602493286
Model checkpoint saved at epoch 1106000, batch 1
1106000 3.0305416584014893 0.06644258 0.06744423
Checkpoint not saved at epoch 1107000, loss did not improve.
1107000 3.1144766807556152 0.06689793 0.06741832
Checkpoint not saved at epoch 1108000, loss did not improve.
1108000 3.090461254119873 0.066768594 0.067689456
Checkpoint not saved at epoch 1109000, loss did not improve.
1109000 3.20316481590271 0.06736918 0.067675404
Checkpoint not saved at epoch 1110000, loss did not improve.
1110000 3.111501932144165 0.066881955 0.06898581
Saving checkpoint at epoch 1111000 with improved loss: 3.0152597427368164
Model checkpoint saved at epoch 1111000, batch 1
1111000 3.021155834197998 0.06639107 0.067204304
Checkpoint not saved at epoch 1112000, loss did not improve.
1112000 3.5038211345672607 0.06889725 0.06786123
Checkpoint not saved at epoch 1113000, loss did not improve.
1113000 3.0267739295959473 0.06642191 0.068019725
Checkpoint not saved at epoch 1114000, loss did not improve.
1114000 3.0142340660095215 0.066353016 0.067351
Checkpoint not saved at epoch 1115000, loss did not improve.
1115000 3.0896406173706055 0.06676417 0.07044409
Checkpoint not saved at epoch 1116000, loss did not improve.
1116000 3.058001756668091 0.06659258 0.06885406
Checkpoint not saved at epoch 1117000, loss did not improve.
1117000 3.138787031173706 0.0670281 0.071136944
Checkpoint not saved at epoch 1118000, loss did not improve.
1118000 3.4372305870056152 0.068567544 0.07263418
Checkpoint not saved at epoch 1119000, loss did not improve.
1119000 3.033734083175659 0.066460066 0.06769799
Checkpoint not saved at epoch 1120000, loss did not improve.
1120000 3.4000813961029053 0.06838152 0.06712859
Checkpoint not saved at epoch 1121000, loss did not improve.
1121000 3.0216007232666016 0.066393524 0.06762033
Checkpoint not saved at epoch 1122000, loss did not improve.
1122000 3.9218571186065674 0.070866235 0.07279687
Checkpoint not saved at epoch 1123000, loss did not improve.
1123000 3.448436975479126 0.068623364 0.067520365
Checkpoint not saved at epoch 1124000, loss did not improve.
1124000 3.602118730545044 0.06937547 0.072331816
Checkpoint not saved at epoch 1125000, loss did not improve.
1125000 3.371342182159424 0.06823657 0.06937762
Checkpoint not saved at epoch 1126000, loss did not improve.
1126000 3.32877779006958 0.06802015 0.06773628
Checkpoint not saved at epoch 1127000, loss did not improve.
1127000 3.318507432937622 0.06796763 0.07100085
Checkpoint not saved at epoch 1128000, loss did not improve.
1128000 3.0032312870025635 0.06629238 0.067202054
Checkpoint not saved at epoch 1129000, loss did not improve.
1129000 3.0214693546295166 0.066392794 0.06822202
Checkpoint not saved at epoch 1130000, loss did not improve.
1130000 3.3833765983581543 0.06829738 0.07062539
Saving checkpoint at epoch 1131000 with improved loss: 2.9780678749084473
Model checkpoint saved at epoch 1131000, batch 1
1131000 2.97908616065979 0.06615874 0.06756648
Saving checkpoint at epoch 1132000 with improved loss: 2.9655587673187256
Model checkpoint saved at epoch 1132000, batch 1
1132000 2.967391014099121 0.066093706 0.06709357
Saving checkpoint at epoch 1133000 with improved loss: 2.9492151737213135
Model checkpoint saved at epoch 1133000, batch 1
1133000 2.9470014572143555 0.065979876 0.067371994
Checkpoint not saved at epoch 1134000, loss did not improve.
1134000 3.0874128341674805 0.06675213 0.0677756
Checkpoint not saved at epoch 1135000, loss did not improve.
1135000 2.971306324005127 0.0661155 0.06723647
Checkpoint not saved at epoch 1136000, loss did not improve.
1136000 2.980165958404541 0.066164725 0.06698673
Checkpoint not saved at epoch 1137000, loss did not improve.
1137000 2.971240758895874 0.06611513 0.06663895
Checkpoint not saved at epoch 1138000, loss did not improve.
1138000 2.986079692840576 0.06619753 0.06691341
Checkpoint not saved at epoch 1139000, loss did not improve.
1139000 3.1333234310150146 0.06699891 0.06898062
Checkpoint not saved at epoch 1140000, loss did not improve.
1140000 3.050086259841919 0.06654945 0.068374574
Checkpoint not saved at epoch 1141000, loss did not improve.
1141000 2.9414703845977783 0.065948896 0.06717396
Saving checkpoint at epoch 1142000 with improved loss: 2.9419820308685303
Model checkpoint saved at epoch 1142000, batch 1
1142000 2.96809983253479 0.06609765 0.067513175
Checkpoint not saved at epoch 1143000, loss did not improve.
1143000 3.0789968967437744 0.06670659 0.06727422
Checkpoint not saved at epoch 1144000, loss did not improve.
1144000 3.054483652114868 0.06657342 0.06714749
Checkpoint not saved at epoch 1145000, loss did not improve.
1145000 3.160672664642334 0.06714463 0.067236915
Checkpoint not saved at epoch 1146000, loss did not improve.
1146000 3.375073194503784 0.06825543 0.067724235
Saving checkpoint at epoch 1147000 with improved loss: 2.9368417263031006
Model checkpoint saved at epoch 1147000, batch 1
1147000 2.9166693687438965 0.06580944 0.06804476
Checkpoint not saved at epoch 1148000, loss did not improve.
1148000 3.1703908443450928 0.06719618 0.06946817
Checkpoint not saved at epoch 1149000, loss did not improve.
1149000 3.061340093612671 0.066610746 0.068238325
Saving checkpoint at epoch 1150000 with improved loss: 2.9111573696136475
Model checkpoint saved at epoch 1150000, batch 1
1150000 2.90509295463562 0.06574405 0.066732846
Checkpoint not saved at epoch 1151000, loss did not improve.
1151000 3.006624698638916 0.06631109 0.06733547
Checkpoint not saved at epoch 1152000, loss did not improve.
1152000 2.976790428161621 0.06614599 0.0667162
Checkpoint not saved at epoch 1153000, loss did not improve.
1153000 3.183926582336426 0.06726779 0.07031763
Checkpoint not saved at epoch 1154000, loss did not improve.
1154000 3.099912405014038 0.066819586 0.066720635
Checkpoint not saved at epoch 1155000, loss did not improve.
1155000 2.9236927032470703 0.06584902 0.06720937
Checkpoint not saved at epoch 1156000, loss did not improve.
1156000 3.0120317935943604 0.06634089 0.06688656
Checkpoint not saved at epoch 1157000, loss did not improve.
1157000 3.0563809871673584 0.06658376 0.06763576
Saving checkpoint at epoch 1158000 with improved loss: 2.910674571990967
Model checkpoint saved at epoch 1158000, batch 1
1158000 2.9338302612304688 0.06590603 0.066637225
Checkpoint not saved at epoch 1159000, loss did not improve.
1159000 2.9588332176208496 0.06604601 0.066551365
Saving checkpoint at epoch 1160000 with improved loss: 2.886366128921509
Model checkpoint saved at epoch 1160000, batch 1
1160000 2.899747848510742 0.065713786 0.06671117
Checkpoint not saved at epoch 1161000, loss did not improve.
1161000 3.2277441024780273 0.06749804 0.06816465
Checkpoint not saved at epoch 1162000, loss did not improve.
1162000 3.1214230060577393 0.066935204 0.06792269
Checkpoint not saved at epoch 1163000, loss did not improve.
1163000 2.893850088119507 0.06568034 0.066445865
Checkpoint not saved at epoch 1164000, loss did not improve.
1164000 2.990696907043457 0.0662231 0.06646156
Checkpoint not saved at epoch 1165000, loss did not improve.
1165000 3.014578342437744 0.06635491 0.067356244
Checkpoint not saved at epoch 1166000, loss did not improve.
1166000 2.9396114349365234 0.06593847 0.06655408
Checkpoint not saved at epoch 1167000, loss did not improve.
1167000 2.9974844455718994 0.06626064 0.067869365
Checkpoint not saved at epoch 1168000, loss did not improve.
1168000 2.9154860973358154 0.06580277 0.066206075
Checkpoint not saved at epoch 1169000, loss did not improve.
1169000 2.9124772548675537 0.06578578 0.06642428
Checkpoint not saved at epoch 1170000, loss did not improve.
1170000 3.1190457344055176 0.066922456 0.067578234
Checkpoint not saved at epoch 1171000, loss did not improve.
1171000 2.931248664855957 0.065891534 0.06682099
Checkpoint not saved at epoch 1172000, loss did not improve.
1172000 2.890796661376953 0.06566302 0.066386044
Checkpoint not saved at epoch 1173000, loss did not improve.
1173000 3.005434274673462 0.066304535 0.06753724
Checkpoint not saved at epoch 1174000, loss did not improve.
1174000 3.0757153034210205 0.066688806 0.06677634
Checkpoint not saved at epoch 1175000, loss did not improve.
1175000 3.014047145843506 0.06635199 0.0673873
Checkpoint not saved at epoch 1176000, loss did not improve.
1176000 3.306464195251465 0.06790588 0.06874955
Checkpoint not saved at epoch 1177000, loss did not improve.
1177000 2.951939582824707 0.0660075 0.06683344
Checkpoint not saved at epoch 1178000, loss did not improve.
1178000 2.8857080936431885 0.0656341 0.066513084
Checkpoint not saved at epoch 1179000, loss did not improve.
1179000 3.0511727333068848 0.06655537 0.068126746
Checkpoint not saved at epoch 1180000, loss did not improve.
1180000 3.040086507797241 0.06649483 0.06743574
Checkpoint not saved at epoch 1181000, loss did not improve.
1181000 3.050626039505005 0.06655239 0.0678715
Checkpoint not saved at epoch 1182000, loss did not improve.
1182000 3.6762661933898926 0.06972976 0.06886475
Checkpoint not saved at epoch 1183000, loss did not improve.
1183000 3.545266628265381 0.0691001 0.06963917
Checkpoint not saved at epoch 1184000, loss did not improve.
1184000 2.9426136016845703 0.0659553 0.06642557
Checkpoint not saved at epoch 1185000, loss did not improve.
1185000 3.0068516731262207 0.06631235 0.0664528
Checkpoint not saved at epoch 1186000, loss did not improve.
1186000 3.7291460037231445 0.06997917 0.07187362
Saving checkpoint at epoch 1187000 with improved loss: 2.8758811950683594
Model checkpoint saved at epoch 1187000, batch 1
1187000 2.8635895252227783 0.065507956 0.06653243
Checkpoint not saved at epoch 1188000, loss did not improve.
1188000 3.2313127517700195 0.06751669 0.069007196
Checkpoint not saved at epoch 1189000, loss did not improve.
1189000 2.9287703037261963 0.0658776 0.06646531
Checkpoint not saved at epoch 1190000, loss did not improve.
1190000 2.9900405406951904 0.06621947 0.0662632
Saving checkpoint at epoch 1191000 with improved loss: 2.847230911254883
Model checkpoint saved at epoch 1191000, batch 1
1191000 2.8492300510406494 0.06542569 0.06615158
Checkpoint not saved at epoch 1192000, loss did not improve.
1192000 2.8751378059387207 0.065573916 0.073015034
Checkpoint not saved at epoch 1193000, loss did not improve.
1193000 3.0608630180358887 0.06660815 0.067121886
Checkpoint not saved at epoch 1194000, loss did not improve.
1194000 5.928583145141602 0.07857858 0.09216203
Checkpoint not saved at epoch 1195000, loss did not improve.
1195000 2.8524155616760254 0.06544397 0.06625913
Checkpoint not saved at epoch 1196000, loss did not improve.
1196000 2.927931070327759 0.06587287 0.066148475
Checkpoint not saved at epoch 1197000, loss did not improve.
1197000 3.650308609008789 0.06960634 0.06928761
Checkpoint not saved at epoch 1198000, loss did not improve.
1198000 2.982436418533325 0.06617732 0.066721216
Checkpoint not saved at epoch 1199000, loss did not improve.
1199000 3.440499782562256 0.06858384 0.06693381
Checkpoint not saved at epoch 1200000, loss did not improve.
1200000 3.2800066471099854 0.067769624 0.06776786
Checkpoint not saved at epoch 1201000, loss did not improve.
1201000 3.0859076976776123 0.066743985 0.066806786
Saving checkpoint at epoch 1202000 with improved loss: 2.8423473834991455
Model checkpoint saved at epoch 1202000, batch 1
1202000 2.8474931716918945 0.06541572 0.06636781
Checkpoint not saved at epoch 1203000, loss did not improve.
1203000 2.8933658599853516 0.0656776 0.0669509
Checkpoint not saved at epoch 1204000, loss did not improve.
1204000 2.8840649127960205 0.06562476 0.066114195
Checkpoint not saved at epoch 1205000, loss did not improve.
1205000 3.0109498500823975 0.06633494 0.06708138
Checkpoint not saved at epoch 1206000, loss did not improve.
1206000 3.1263363361358643 0.06696153 0.066734426
Checkpoint not saved at epoch 1207000, loss did not improve.
1207000 2.931036949157715 0.065890335 0.06587666
Checkpoint not saved at epoch 1208000, loss did not improve.
1208000 2.8660316467285156 0.06552193 0.06590578
Checkpoint not saved at epoch 1209000, loss did not improve.
1209000 3.169050455093384 0.06718908 0.067709364
Checkpoint not saved at epoch 1210000, loss did not improve.
1210000 2.8708481788635254 0.06554943 0.06658682
Checkpoint not saved at epoch 1211000, loss did not improve.
1211000 3.807461738586426 0.07034372 0.06962116
Saving checkpoint at epoch 1212000 with improved loss: 2.835202693939209
Model checkpoint saved at epoch 1212000, batch 1
1212000 2.8864834308624268 0.065638505 0.06728643
Checkpoint not saved at epoch 1213000, loss did not improve.
1213000 3.1572322845458984 0.06712635 0.06805416
Checkpoint not saved at epoch 1214000, loss did not improve.
1214000 3.277252197265625 0.0677554 0.067568816
Checkpoint not saved at epoch 1215000, loss did not improve.
1215000 2.9276862144470215 0.0658715 0.06608319
Saving checkpoint at epoch 1216000 with improved loss: 2.8336098194122314
Model checkpoint saved at epoch 1216000, batch 1
1216000 2.880847215652466 0.065606445 0.066038296
Checkpoint not saved at epoch 1217000, loss did not improve.
1217000 3.1467926502227783 0.06707079 0.06798404
Checkpoint not saved at epoch 1218000, loss did not improve.
1218000 2.910867214202881 0.06577669 0.06571172
Checkpoint not saved at epoch 1219000, loss did not improve.
1219000 3.0292763710021973 0.06643564 0.06726146
Checkpoint not saved at epoch 1220000, loss did not improve.
1220000 2.9369006156921387 0.06592327 0.06554913
Checkpoint not saved at epoch 1221000, loss did not improve.
1221000 3.4661898612976074 0.06871151 0.06817312
Checkpoint not saved at epoch 1222000, loss did not improve.
1222000 2.8290469646453857 0.06530952 0.065835334
Checkpoint not saved at epoch 1223000, loss did not improve.
1223000 2.865638494491577 0.06551968 0.06593101
Checkpoint not saved at epoch 1224000, loss did not improve.
1224000 2.99397873878479 0.066241264 0.06924276
Checkpoint not saved at epoch 1225000, loss did not improve.
1225000 3.1665773391723633 0.06717597 0.066204645
Checkpoint not saved at epoch 1226000, loss did not improve.
1226000 3.087750196456909 0.06675395 0.06565537
Checkpoint not saved at epoch 1227000, loss did not improve.
1227000 2.9354376792907715 0.065915056 0.066991165
Checkpoint not saved at epoch 1228000, loss did not improve.
1228000 3.266288995742798 0.067698665 0.0678227
Checkpoint not saved at epoch 1229000, loss did not improve.
1229000 3.55462646484375 0.06914566 0.070309535
Saving checkpoint at epoch 1230000 with improved loss: 2.8233535289764404
Model checkpoint saved at epoch 1230000, batch 1
1230000 2.801771879196167 0.06515153 0.066111594
Checkpoint not saved at epoch 1231000, loss did not improve.
1231000 3.2869486808776855 0.067805454 0.070047736
Checkpoint not saved at epoch 1232000, loss did not improve.
1232000 2.967069625854492 0.066091925 0.066266194
Checkpoint not saved at epoch 1233000, loss did not improve.
1233000 2.9326136112213135 0.06589919 0.0658735
Checkpoint not saved at epoch 1234000, loss did not improve.
1234000 2.9464035034179688 0.06597654 0.06640928
Checkpoint not saved at epoch 1235000, loss did not improve.
1235000 3.0299971103668213 0.0664396 0.06615633
Checkpoint not saved at epoch 1236000, loss did not improve.
1236000 3.7129626274108887 0.06990312 0.07194558
Checkpoint not saved at epoch 1237000, loss did not improve.
1237000 2.882211923599243 0.065614216 0.06550767
Saving checkpoint at epoch 1238000 with improved loss: 2.822843313217163
Model checkpoint saved at epoch 1238000, batch 1
1238000 2.8036246299743652 0.06516229 0.06535759
Checkpoint not saved at epoch 1239000, loss did not improve.
1239000 2.8764476776123047 0.065581374 0.06568214
Checkpoint not saved at epoch 1240000, loss did not improve.
1240000 2.813133955001831 0.06521749 0.065081194
Checkpoint not saved at epoch 1241000, loss did not improve.
1241000 7.604365348815918 0.08362424 0.07321404
Checkpoint not saved at epoch 1242000, loss did not improve.
1242000 3.0801594257354736 0.066712886 0.06593915
Saving checkpoint at epoch 1243000 with improved loss: 2.8089842796325684
Model checkpoint saved at epoch 1243000, batch 1
1243000 2.832902193069458 0.06533175 0.06544476
Checkpoint not saved at epoch 1244000, loss did not improve.
1244000 3.383527994155884 0.06829814 0.07199367
Checkpoint not saved at epoch 1245000, loss did not improve.
1245000 3.0583462715148926 0.06659446 0.067791976
Saving checkpoint at epoch 1246000 with improved loss: 2.7879605293273926
Model checkpoint saved at epoch 1246000, batch 1
1246000 2.7885825634002686 0.06507472 0.06529126
Checkpoint not saved at epoch 1247000, loss did not improve.
1247000 2.862609624862671 0.06550236 0.06511759
Checkpoint not saved at epoch 1248000, loss did not improve.
1248000 2.9106709957122803 0.06577558 0.06612227
Saving checkpoint at epoch 1249000 with improved loss: 2.757925510406494
Model checkpoint saved at epoch 1249000, batch 1
1249000 2.7877800464630127 0.06507003 0.06576047
Checkpoint not saved at epoch 1250000, loss did not improve.
1250000 2.9794089794158936 0.06616052 0.067722455
Checkpoint not saved at epoch 1251000, loss did not improve.
1251000 4.081128120422363 0.07157502 0.0739752
Checkpoint not saved at epoch 1252000, loss did not improve.
1252000 2.8308942317962646 0.06532018 0.06519872
Checkpoint not saved at epoch 1253000, loss did not improve.
1253000 2.765409231185913 0.064939104 0.06484399
Checkpoint not saved at epoch 1254000, loss did not improve.
1254000 2.8613510131835938 0.065495156 0.06520073
Checkpoint not saved at epoch 1255000, loss did not improve.
1255000 3.2085964679718018 0.06739771 0.067451976
Checkpoint not saved at epoch 1256000, loss did not improve.
1256000 3.0007452964782715 0.06627865 0.0674449
Saving checkpoint at epoch 1257000 with improved loss: 2.755714178085327
Model checkpoint saved at epoch 1257000, batch 1
1257000 2.7851755619049072 0.065054834 0.066524476
Checkpoint not saved at epoch 1258000, loss did not improve.
1258000 3.162452220916748 0.06715408 0.065909915
Saving checkpoint at epoch 1259000 with improved loss: 2.7339160442352295
Model checkpoint saved at epoch 1259000, batch 1
1259000 2.728747606277466 0.0647228 0.065144785
Checkpoint not saved at epoch 1260000, loss did not improve.
1260000 2.765655040740967 0.06494054 0.065896966
Checkpoint not saved at epoch 1261000, loss did not improve.
1261000 2.958921432495117 0.0660465 0.06700686
Checkpoint not saved at epoch 1262000, loss did not improve.
1262000 2.763240098953247 0.06492636 0.06522433
Checkpoint not saved at epoch 1263000, loss did not improve.
1263000 3.4107046127319336 0.06843487 0.070125796
Checkpoint not saved at epoch 1264000, loss did not improve.
1264000 2.845496416091919 0.065404244 0.06528244
Checkpoint not saved at epoch 1265000, loss did not improve.
1265000 2.828331232070923 0.06530539 0.06587107
Checkpoint not saved at epoch 1266000, loss did not improve.
1266000 2.905367374420166 0.0657456 0.06709647
Checkpoint not saved at epoch 1267000, loss did not improve.
1267000 2.7930514812469482 0.065100774 0.06663378
Checkpoint not saved at epoch 1268000, loss did not improve.
1268000 3.19909930229187 0.06734779 0.069099955
Checkpoint not saved at epoch 1269000, loss did not improve.
1269000 2.8989439010620117 0.065709226 0.065964654
Checkpoint not saved at epoch 1270000, loss did not improve.
1270000 2.9354870319366455 0.06591534 0.06786608
Checkpoint not saved at epoch 1271000, loss did not improve.
1271000 2.9356472492218018 0.06591624 0.065780215
Checkpoint not saved at epoch 1272000, loss did not improve.
1272000 2.7495336532592773 0.064845696 0.066854134
Checkpoint not saved at epoch 1273000, loss did not improve.
1273000 3.030991554260254 0.066445045 0.066203035
Checkpoint not saved at epoch 1274000, loss did not improve.
1274000 2.775646924972534 0.06499911 0.06606045
Checkpoint not saved at epoch 1275000, loss did not improve.
1275000 2.8785555362701416 0.065593384 0.06622145
Checkpoint not saved at epoch 1276000, loss did not improve.
1276000 2.968165636062622 0.06609802 0.068938665
Checkpoint not saved at epoch 1277000, loss did not improve.
1277000 2.8143091201782227 0.06522429 0.06646445
Checkpoint not saved at epoch 1278000, loss did not improve.
1278000 2.7565488815307617 0.064887024 0.06660757
Checkpoint not saved at epoch 1279000, loss did not improve.
1279000 2.8443901538848877 0.06539789 0.06606556
Checkpoint not saved at epoch 1280000, loss did not improve.
1280000 2.9879567623138428 0.06620792 0.06709932
Checkpoint not saved at epoch 1281000, loss did not improve.
1281000 3.667846918106079 0.0696898 0.0700465
Checkpoint not saved at epoch 1282000, loss did not improve.
1282000 3.048140525817871 0.06653883 0.066961996
Checkpoint not saved at epoch 1283000, loss did not improve.
1283000 2.829373598098755 0.0653114 0.066736475
Checkpoint not saved at epoch 1284000, loss did not improve.
1284000 2.7585816383361816 0.064898975 0.06665538
Checkpoint not saved at epoch 1285000, loss did not improve.
1285000 3.4582040309906006 0.068671905 0.068324
Saving checkpoint at epoch 1286000 with improved loss: 2.7066569328308105
Model checkpoint saved at epoch 1286000, batch 1
1286000 2.6986353397369385 0.0645435 0.06561262
Saving checkpoint at epoch 1287000 with improved loss: 2.7048234939575195
Model checkpoint saved at epoch 1287000, batch 1
1287000 2.7099080085754395 0.064610794 0.06545864
Checkpoint not saved at epoch 1288000, loss did not improve.
1288000 2.832641363143921 0.065330245 0.06587675
Checkpoint not saved at epoch 1289000, loss did not improve.
1289000 3.243523597717285 0.06758039 0.0675885
Checkpoint not saved at epoch 1290000, loss did not improve.
1290000 3.072579860687256 0.06667181 0.067517854
Checkpoint not saved at epoch 1291000, loss did not improve.
1291000 2.8727242946624756 0.06556014 0.06565972
Checkpoint not saved at epoch 1292000, loss did not improve.
1292000 3.319061279296875 0.06797046 0.06935114
Checkpoint not saved at epoch 1293000, loss did not improve.
1293000 2.7121429443359375 0.0646241 0.06524071
Checkpoint not saved at epoch 1294000, loss did not improve.
1294000 2.7124650478363037 0.06462603 0.06529817
Checkpoint not saved at epoch 1295000, loss did not improve.
1295000 2.707979202270508 0.06459929 0.06489216
Checkpoint not saved at epoch 1296000, loss did not improve.
1296000 2.813072919845581 0.06521713 0.06476064
Checkpoint not saved at epoch 1297000, loss did not improve.
1297000 2.8171865940093994 0.06524096 0.06543253
Checkpoint not saved at epoch 1298000, loss did not improve.
1298000 2.8304443359375 0.06531758 0.06629328
Checkpoint not saved at epoch 1299000, loss did not improve.
1299000 2.797366142272949 0.06512591 0.065760724
Checkpoint not saved at epoch 1300000, loss did not improve.
1300000 2.7236573696136475 0.06469259 0.06546131
Checkpoint not saved at epoch 1301000, loss did not improve.
1301000 2.7298879623413086 0.06472956 0.06514379
Checkpoint not saved at epoch 1302000, loss did not improve.
1302000 2.6979644298553467 0.064539485 0.06619126
Checkpoint not saved at epoch 1303000, loss did not improve.
1303000 3.4551844596862793 0.06865691 0.07033608
Checkpoint not saved at epoch 1304000, loss did not improve.
1304000 2.7083802223205566 0.06460168 0.065363035
Checkpoint not saved at epoch 1305000, loss did not improve.
1305000 2.8711564540863037 0.0655512 0.066781804
Checkpoint not saved at epoch 1306000, loss did not improve.
1306000 2.7292983531951904 0.06472606 0.06522455
Checkpoint not saved at epoch 1307000, loss did not improve.
1307000 2.8230574131011963 0.06527492 0.065692596
Checkpoint not saved at epoch 1308000, loss did not improve.
1308000 2.7828054428100586 0.06504099 0.066861175
Checkpoint not saved at epoch 1309000, loss did not improve.
1309000 2.9959959983825684 0.06625242 0.06515886
Checkpoint not saved at epoch 1310000, loss did not improve.
1310000 2.7402069568634033 0.06479064 0.06592149
Checkpoint not saved at epoch 1311000, loss did not improve.
1311000 2.7460081577301025 0.0648249 0.06758972
Checkpoint not saved at epoch 1312000, loss did not improve.
1312000 2.753690719604492 0.06487019 0.065454036
Saving checkpoint at epoch 1313000 with improved loss: 2.6795928478240967
Model checkpoint saved at epoch 1313000, batch 1
1313000 2.6856653690338135 0.064465806 0.065651156
Checkpoint not saved at epoch 1314000, loss did not improve.
1314000 2.8626813888549805 0.06550277 0.067038715
Checkpoint not saved at epoch 1315000, loss did not improve.
1315000 3.083616018295288 0.066731595 0.06567545
Checkpoint not saved at epoch 1316000, loss did not improve.
1316000 2.6615872383117676 0.064320825 0.06493924
Saving checkpoint at epoch 1317000 with improved loss: 2.666100263595581
Model checkpoint saved at epoch 1317000, batch 1
1317000 2.6649463176727295 0.06434111 0.064967364
Checkpoint not saved at epoch 1318000, loss did not improve.
1318000 2.8957719802856445 0.06569125 0.06638533
Saving checkpoint at epoch 1319000 with improved loss: 2.6618688106536865
Model checkpoint saved at epoch 1319000, batch 1
1319000 2.6849329471588135 0.06446141 0.06527643
Checkpoint not saved at epoch 1320000, loss did not improve.
1320000 2.6813549995422363 0.06443992 0.06471439
Checkpoint not saved at epoch 1321000, loss did not improve.
1321000 2.71425199508667 0.06463667 0.06512543
Checkpoint not saved at epoch 1322000, loss did not improve.
1322000 2.721038579940796 0.06467704 0.064992495
Checkpoint not saved at epoch 1323000, loss did not improve.
1323000 2.7712953090667725 0.06497363 0.065568246
Checkpoint not saved at epoch 1324000, loss did not improve.
1324000 2.698457717895508 0.064542435 0.06482988
Checkpoint not saved at epoch 1325000, loss did not improve.
1325000 2.700401544570923 0.06455406 0.06472116
Checkpoint not saved at epoch 1326000, loss did not improve.
1326000 2.8737480640411377 0.06556599 0.067473166
Checkpoint not saved at epoch 1327000, loss did not improve.
1327000 3.6404945850372314 0.06955951 0.07432471
Checkpoint not saved at epoch 1328000, loss did not improve.
1328000 2.6970479488372803 0.064534 0.06523071
Checkpoint not saved at epoch 1329000, loss did not improve.
1329000 3.458120822906494 0.06867149 0.068044715
Checkpoint not saved at epoch 1330000, loss did not improve.
1330000 2.9076035022735596 0.06575824 0.06552645
Checkpoint not saved at epoch 1331000, loss did not improve.
1331000 2.7196145057678223 0.06466857 0.066562414
Checkpoint not saved at epoch 1332000, loss did not improve.
1332000 2.707216501235962 0.06459474 0.06476883
Checkpoint not saved at epoch 1333000, loss did not improve.
1333000 2.696871519088745 0.06453294 0.065593906
Checkpoint not saved at epoch 1334000, loss did not improve.
1334000 2.9918148517608643 0.066229284 0.06687689
Checkpoint not saved at epoch 1335000, loss did not improve.
1335000 2.760946750640869 0.06491289 0.06597303
Checkpoint not saved at epoch 1336000, loss did not improve.
1336000 2.6502978801727295 0.06425251 0.06460144
Checkpoint not saved at epoch 1337000, loss did not improve.
1337000 2.8372819423675537 0.065357 0.06644792
Saving checkpoint at epoch 1338000 with improved loss: 2.650179147720337
Model checkpoint saved at epoch 1338000, batch 1
1338000 2.6480214595794678 0.064238705 0.06435044
Checkpoint not saved at epoch 1339000, loss did not improve.
1339000 2.6671910285949707 0.06435465 0.06419691
Saving checkpoint at epoch 1340000 with improved loss: 2.6434555053710938
Model checkpoint saved at epoch 1340000, batch 1
1340000 2.6393980979919434 0.06418635 0.06452936
Saving checkpoint at epoch 1341000 with improved loss: 2.6215343475341797
Model checkpoint saved at epoch 1341000, batch 1
1341000 2.6251449584960938 0.06409952 0.06500372
Checkpoint not saved at epoch 1342000, loss did not improve.
1342000 2.979628801345825 0.066161744 0.06634944
Checkpoint not saved at epoch 1343000, loss did not improve.
1343000 2.7955825328826904 0.06511551 0.06435578
Checkpoint not saved at epoch 1344000, loss did not improve.
1344000 2.68772292137146 0.064478144 0.06515615
Checkpoint not saved at epoch 1345000, loss did not improve.
1345000 2.633164167404175 0.0641484 0.06476805
Checkpoint not saved at epoch 1346000, loss did not improve.
1346000 2.689239025115967 0.06448724 0.065844834
Saving checkpoint at epoch 1347000 with improved loss: 2.615424394607544
Model checkpoint saved at epoch 1347000, batch 1
1347000 2.631945848464966 0.06414099 0.064954154
Checkpoint not saved at epoch 1348000, loss did not improve.
1348000 2.606646776199341 0.0639863 0.065078616
Checkpoint not saved at epoch 1349000, loss did not improve.
1349000 2.8505942821502686 0.06543352 0.06468893
Checkpoint not saved at epoch 1350000, loss did not improve.
1350000 2.8863577842712402 0.06563779 0.066545635
Checkpoint not saved at epoch 1351000, loss did not improve.
1351000 2.628786563873291 0.06412174 0.06443103
Checkpoint not saved at epoch 1352000, loss did not improve.
1352000 2.8226492404937744 0.06527256 0.06640599
Checkpoint not saved at epoch 1353000, loss did not improve.
1353000 2.9851808547973633 0.066192545 0.06740755
Checkpoint not saved at epoch 1354000, loss did not improve.
1354000 2.778306484222412 0.06501469 0.06684021
Checkpoint not saved at epoch 1355000, loss did not improve.
1355000 2.618091344833374 0.06405641 0.064527154
Checkpoint not saved at epoch 1356000, loss did not improve.
1356000 2.941974401473999 0.06595173 0.06849568
Checkpoint not saved at epoch 1357000, loss did not improve.
1357000 3.131413221359253 0.0669887 0.06669757
Checkpoint not saved at epoch 1358000, loss did not improve.
1358000 2.9465320110321045 0.06597725 0.065484665
Checkpoint not saved at epoch 1359000, loss did not improve.
1359000 2.97088623046875 0.06611316 0.06821823
Checkpoint not saved at epoch 1360000, loss did not improve.
1360000 2.6140847206115723 0.06403189 0.06508224
Checkpoint not saved at epoch 1361000, loss did not improve.
1361000 2.6104276180267334 0.06400948 0.064250976
Checkpoint not saved at epoch 1362000, loss did not improve.
1362000 2.8495330810546875 0.06542742 0.064619094
Checkpoint not saved at epoch 1363000, loss did not improve.
1363000 2.749870777130127 0.06484768 0.066119954
Checkpoint not saved at epoch 1364000, loss did not improve.
1364000 2.662323236465454 0.06432527 0.06573984
Checkpoint not saved at epoch 1365000, loss did not improve.
1365000 2.908254384994507 0.065761924 0.067518294
Checkpoint not saved at epoch 1366000, loss did not improve.
1366000 2.6548149585723877 0.06427987 0.064112455
Saving checkpoint at epoch 1367000 with improved loss: 2.5835936069488525
Model checkpoint saved at epoch 1367000, batch 1
1367000 2.602431297302246 0.06396041 0.06588716
Checkpoint not saved at epoch 1368000, loss did not improve.
1368000 2.609508991241455 0.064003855 0.0639519
Checkpoint not saved at epoch 1369000, loss did not improve.
1369000 2.610530138015747 0.06401011 0.065738656
Checkpoint not saved at epoch 1370000, loss did not improve.
1370000 2.8899383544921875 0.06565814 0.06917524
Checkpoint not saved at epoch 1371000, loss did not improve.
1371000 2.608729124069214 0.06399907 0.0642823
Checkpoint not saved at epoch 1372000, loss did not improve.
1372000 2.8170061111450195 0.065239914 0.06427166
Checkpoint not saved at epoch 1373000, loss did not improve.
1373000 2.875317096710205 0.06557494 0.06593937
Checkpoint not saved at epoch 1374000, loss did not improve.
1374000 2.596679925918579 0.06392504 0.06405823
Checkpoint not saved at epoch 1375000, loss did not improve.
1375000 2.641451835632324 0.06419883 0.064299434
Checkpoint not saved at epoch 1376000, loss did not improve.
1376000 3.1547176837921143 0.06711298 0.06779278
Checkpoint not saved at epoch 1377000, loss did not improve.
1377000 2.7306509017944336 0.06473408 0.06466284
Checkpoint not saved at epoch 1378000, loss did not improve.
1378000 2.595917224884033 0.06392035 0.06414474
Checkpoint not saved at epoch 1379000, loss did not improve.
1379000 2.64688777923584 0.064231835 0.06445422
Checkpoint not saved at epoch 1380000, loss did not improve.
1380000 3.0180013179779053 0.06637374 0.06548973
Checkpoint not saved at epoch 1381000, loss did not improve.
1381000 2.928190231323242 0.06587433 0.06528974
Checkpoint not saved at epoch 1382000, loss did not improve.
1382000 2.675764560699463 0.06440631 0.06422456
Saving checkpoint at epoch 1383000 with improved loss: 2.5640063285827637
Model checkpoint saved at epoch 1383000, batch 1
1383000 2.5692520141601562 0.063755564 0.06401121
Checkpoint not saved at epoch 1384000, loss did not improve.
1384000 2.603736639022827 0.06396843 0.06392055
Checkpoint not saved at epoch 1385000, loss did not improve.
1385000 2.5757088661193848 0.06379559 0.064122096
Checkpoint not saved at epoch 1386000, loss did not improve.
1386000 2.672358751296997 0.0643858 0.064542785
Checkpoint not saved at epoch 1387000, loss did not improve.
1387000 2.692035675048828 0.06450399 0.065195896
Saving checkpoint at epoch 1388000 with improved loss: 2.5595576763153076
Model checkpoint saved at epoch 1388000, batch 1
1388000 2.5540378093719482 0.06366097 0.06433061
Checkpoint not saved at epoch 1389000, loss did not improve.
1389000 2.670099973678589 0.06437219 0.06497966
Checkpoint not saved at epoch 1390000, loss did not improve.
1390000 2.9556362628936768 0.066028155 0.06961472
Checkpoint not saved at epoch 1391000, loss did not improve.
1391000 2.6940696239471436 0.06451618 0.06568569
Checkpoint not saved at epoch 1392000, loss did not improve.
1392000 2.5657269954681396 0.06373368 0.06666236
Checkpoint not saved at epoch 1393000, loss did not improve.
1393000 2.754101514816284 0.064872615 0.06706317
Saving checkpoint at epoch 1394000 with improved loss: 2.553581476211548
Model checkpoint saved at epoch 1394000, batch 1
1394000 2.5905885696411133 0.063887514 0.06656466
Checkpoint not saved at epoch 1395000, loss did not improve.
1395000 2.566433906555176 0.06373808 0.06396805
Checkpoint not saved at epoch 1396000, loss did not improve.
1396000 2.761026620864868 0.064913355 0.06444882
Saving checkpoint at epoch 1397000 with improved loss: 2.5365395545959473
Model checkpoint saved at epoch 1397000, batch 1
1397000 2.5499541759490967 0.063635506 0.06457373
Checkpoint not saved at epoch 1398000, loss did not improve.
1398000 2.7490899562835693 0.06484308 0.06395382
Checkpoint not saved at epoch 1399000, loss did not improve.
1399000 2.752854108810425 0.06486526 0.065324195
Checkpoint not saved at epoch 1400000, loss did not improve.
1400000 3.0483627319335938 0.06654004 0.064409584
Checkpoint not saved at epoch 1401000, loss did not improve.
1401000 2.861588716506958 0.06549652 0.06533907
Checkpoint not saved at epoch 1402000, loss did not improve.
1402000 2.6073858737945557 0.06399083 0.063778035
Checkpoint not saved at epoch 1403000, loss did not improve.
1403000 2.7209270000457764 0.064676374 0.06428797
Checkpoint not saved at epoch 1404000, loss did not improve.
1404000 2.5519750118255615 0.06364811 0.06389495
Checkpoint not saved at epoch 1405000, loss did not improve.
1405000 2.812772512435913 0.06521538 0.06698135
Checkpoint not saved at epoch 1406000, loss did not improve.
1406000 2.575040102005005 0.06379144 0.06426436
Checkpoint not saved at epoch 1407000, loss did not improve.
1407000 2.6284337043762207 0.064119585 0.06450025
Checkpoint not saved at epoch 1408000, loss did not improve.
1408000 3.3019416332244873 0.06788265 0.067922205
Checkpoint not saved at epoch 1409000, loss did not improve.
1409000 2.5691676139831543 0.06375504 0.064216286
Checkpoint not saved at epoch 1410000, loss did not improve.
1410000 2.60512113571167 0.06397693 0.06425131
Checkpoint not saved at epoch 1411000, loss did not improve.
1411000 2.5664830207824707 0.063738376 0.06404292
Checkpoint not saved at epoch 1412000, loss did not improve.
1412000 2.7716662883758545 0.0649758 0.06477232
Checkpoint not saved at epoch 1413000, loss did not improve.
1413000 2.564734697341919 0.06372752 0.06508021
Checkpoint not saved at epoch 1414000, loss did not improve.
1414000 2.570141553878784 0.06376108 0.064938776
Checkpoint not saved at epoch 1415000, loss did not improve.
1415000 2.661006450653076 0.064317316 0.06509361
Checkpoint not saved at epoch 1416000, loss did not improve.
1416000 2.8606255054473877 0.06549101 0.067151204
Checkpoint not saved at epoch 1417000, loss did not improve.
1417000 2.538945436477661 0.06356671 0.06457862
Checkpoint not saved at epoch 1418000, loss did not improve.
1418000 2.588419198989868 0.06387414 0.06393345
Saving checkpoint at epoch 1419000 with improved loss: 2.5252134799957275
Model checkpoint saved at epoch 1419000, batch 1
1419000 2.52868390083313 0.063502386 0.064046405
Checkpoint not saved at epoch 1420000, loss did not improve.
1420000 2.5216376781463623 0.0634581 0.06433351
Checkpoint not saved at epoch 1421000, loss did not improve.
1421000 2.6416168212890625 0.06419983 0.06407423
Checkpoint not saved at epoch 1422000, loss did not improve.
1422000 3.0789496898651123 0.06670634 0.0686392
Checkpoint not saved at epoch 1423000, loss did not improve.
1423000 2.808884859085083 0.06519284 0.0640079
Checkpoint not saved at epoch 1424000, loss did not improve.
1424000 2.6308066844940186 0.06413405 0.064128764
Checkpoint not saved at epoch 1425000, loss did not improve.
1425000 2.67863392829895 0.06442357 0.0641193
Checkpoint not saved at epoch 1426000, loss did not improve.
1426000 2.654862403869629 0.06428016 0.06589113
Checkpoint not saved at epoch 1427000, loss did not improve.
1427000 2.5221261978149414 0.06346118 0.064163096
Checkpoint not saved at epoch 1428000, loss did not improve.
1428000 2.6996967792510986 0.06454984 0.064022794
Checkpoint not saved at epoch 1429000, loss did not improve.
1429000 2.5341126918792725 0.06353645 0.06467028
Checkpoint not saved at epoch 1430000, loss did not improve.
1430000 2.7701003551483154 0.06496663 0.0641462
Checkpoint not saved at epoch 1431000, loss did not improve.
1431000 2.5517122745513916 0.06364647 0.064849615
Checkpoint not saved at epoch 1432000, loss did not improve.
1432000 4.684693813323975 0.0740861 0.07505226
Checkpoint not saved at epoch 1433000, loss did not improve.
1433000 2.8892667293548584 0.06565432 0.065152854
Saving checkpoint at epoch 1434000 with improved loss: 2.4839611053466797
Model checkpoint saved at epoch 1434000, batch 1
1434000 2.5001282691955566 0.06332234 0.06445523
Checkpoint not saved at epoch 1435000, loss did not improve.
1435000 2.58809494972229 0.063872136 0.06380561
Checkpoint not saved at epoch 1436000, loss did not improve.
1436000 2.6752915382385254 0.06440346 0.06526959
Checkpoint not saved at epoch 1437000, loss did not improve.
1437000 2.4879627227783203 0.06324517 0.064292334
Checkpoint not saved at epoch 1438000, loss did not improve.
1438000 2.52947998046875 0.063507386 0.06545289
Checkpoint not saved at epoch 1439000, loss did not improve.
1439000 2.6159310340881348 0.06404319 0.06660598
Checkpoint not saved at epoch 1440000, loss did not improve.
1440000 2.9875705242156982 0.066205785 0.06689322
Checkpoint not saved at epoch 1441000, loss did not improve.
1441000 3.0150094032287598 0.066357285 0.06441722
Checkpoint not saved at epoch 1442000, loss did not improve.
1442000 2.55320143699646 0.06365576 0.06488696
Checkpoint not saved at epoch 1443000, loss did not improve.
1443000 2.4948930740356445 0.06328917 0.06515671
Checkpoint not saved at epoch 1444000, loss did not improve.
1444000 2.5086586475372314 0.063376285 0.06398695
Checkpoint not saved at epoch 1445000, loss did not improve.
1445000 2.7489871978759766 0.06484248 0.06772424
Checkpoint not saved at epoch 1446000, loss did not improve.
1446000 2.512634754180908 0.063401386 0.06481977
Checkpoint not saved at epoch 1447000, loss did not improve.
1447000 2.5407285690307617 0.06357787 0.066766515
Checkpoint not saved at epoch 1448000, loss did not improve.
1448000 2.8126065731048584 0.065214425 0.065639794
Checkpoint not saved at epoch 1449000, loss did not improve.
1449000 2.526099681854248 0.06348616 0.06372531
Saving checkpoint at epoch 1450000 with improved loss: 2.4835450649261475
Model checkpoint saved at epoch 1450000, batch 1
1450000 2.492826461791992 0.06327606 0.06370449
Checkpoint not saved at epoch 1451000, loss did not improve.
1451000 2.7555394172668457 0.06488109 0.06641085
Checkpoint not saved at epoch 1452000, loss did not improve.
1452000 2.835073709487915 0.065344274 0.06542493
Checkpoint not saved at epoch 1453000, loss did not improve.
1453000 2.6275997161865234 0.06411449 0.06485906
Checkpoint not saved at epoch 1454000, loss did not improve.
1454000 3.1349899768829346 0.06700781 0.07061116
Checkpoint not saved at epoch 1455000, loss did not improve.
1455000 2.5235447883605957 0.063470095 0.06454303
Checkpoint not saved at epoch 1456000, loss did not improve.
1456000 2.772688150405884 0.064981796 0.06406304
Checkpoint not saved at epoch 1457000, loss did not improve.
1457000 3.0124874114990234 0.0663434 0.06642723
Checkpoint not saved at epoch 1458000, loss did not improve.
1458000 2.6674036979675293 0.06435593 0.06611924
Checkpoint not saved at epoch 1459000, loss did not improve.
1459000 2.7717373371124268 0.06497623 0.06527915
Checkpoint not saved at epoch 1460000, loss did not improve.
1460000 2.5694642066955566 0.06375688 0.064355865
Checkpoint not saved at epoch 1461000, loss did not improve.
1461000 2.649625778198242 0.064248435 0.065435596
Checkpoint not saved at epoch 1462000, loss did not improve.
1462000 2.496861696243286 0.06330165 0.06398219
Checkpoint not saved at epoch 1463000, loss did not improve.
1463000 2.962573766708374 0.06606687 0.064037666
Saving checkpoint at epoch 1464000 with improved loss: 2.480079412460327
Model checkpoint saved at epoch 1464000, batch 1
1464000 2.5390326976776123 0.063567266 0.06433055
Checkpoint not saved at epoch 1465000, loss did not improve.
1465000 2.5837645530700684 0.06384541 0.063981
Saving checkpoint at epoch 1466000 with improved loss: 2.4674248695373535
Model checkpoint saved at epoch 1466000, batch 1
1466000 2.4774279594421387 0.063178115 0.06387364
Checkpoint not saved at epoch 1467000, loss did not improve.
1467000 2.7854511737823486 0.06505644 0.06693227
Checkpoint not saved at epoch 1468000, loss did not improve.
1468000 2.605800151824951 0.0639811 0.064169675
Checkpoint not saved at epoch 1469000, loss did not improve.
1469000 2.625293493270874 0.06410042 0.063369215
Checkpoint not saved at epoch 1470000, loss did not improve.
1470000 2.7576892375946045 0.06489374 0.0650397
Checkpoint not saved at epoch 1471000, loss did not improve.
1471000 2.630746603012085 0.06413368 0.06469342
Checkpoint not saved at epoch 1472000, loss did not improve.
1472000 2.802609920501709 0.0651564 0.06793296
Saving checkpoint at epoch 1473000 with improved loss: 2.466247797012329
Model checkpoint saved at epoch 1473000, batch 1
1473000 2.4648194313049316 0.06309759 0.06355414
Checkpoint not saved at epoch 1474000, loss did not improve.
1474000 2.582184076309204 0.06383564 0.06287617
Checkpoint not saved at epoch 1475000, loss did not improve.
1475000 2.5898501873016357 0.06388297 0.0637859
Checkpoint not saved at epoch 1476000, loss did not improve.
1476000 2.4733197689056396 0.06315191 0.06332078
Checkpoint not saved at epoch 1477000, loss did not improve.
1477000 2.9457128047943115 0.06597266 0.0633986
Checkpoint not saved at epoch 1478000, loss did not improve.
1478000 2.5961530208587646 0.063921794 0.06663154
Checkpoint not saved at epoch 1479000, loss did not improve.
1479000 2.6209607124328613 0.06407396 0.06438983
Checkpoint not saved at epoch 1480000, loss did not improve.
1480000 2.5480291843414307 0.063623495 0.062918864
Checkpoint not saved at epoch 1481000, loss did not improve.
1481000 2.602874279022217 0.06396313 0.063613065
Checkpoint not saved at epoch 1482000, loss did not improve.
1482000 2.6466426849365234 0.064230345 0.063895635
Checkpoint not saved at epoch 1483000, loss did not improve.
1483000 2.9427101612091064 0.06595584 0.063894294
Checkpoint not saved at epoch 1484000, loss did not improve.
1484000 2.4574332237243652 0.063050255 0.06495693
Checkpoint not saved at epoch 1485000, loss did not improve.
1485000 2.4810898303985596 0.06320145 0.062934496
Checkpoint not saved at epoch 1486000, loss did not improve.
1486000 2.5393097400665283 0.06356899 0.064695224
Checkpoint not saved at epoch 1487000, loss did not improve.
1487000 2.533785820007324 0.063534394 0.0644583
Checkpoint not saved at epoch 1488000, loss did not improve.
1488000 2.8305039405822754 0.06531792 0.06579521
Checkpoint not saved at epoch 1489000, loss did not improve.
1489000 2.6181654930114746 0.064056866 0.06583465
Checkpoint not saved at epoch 1490000, loss did not improve.
1490000 2.714409828186035 0.06463761 0.06565347
Checkpoint not saved at epoch 1491000, loss did not improve.
1491000 2.504589557647705 0.06335057 0.06325519
Checkpoint not saved at epoch 1492000, loss did not improve.
1492000 3.153559923171997 0.06710683 0.06605171
Checkpoint not saved at epoch 1493000, loss did not improve.
1493000 2.8014132976531982 0.06514944 0.06597937
Saving checkpoint at epoch 1494000 with improved loss: 2.4406185150146484
Model checkpoint saved at epoch 1494000, batch 1
1494000 2.437955379486084 0.062924944 0.06354898
Checkpoint not saved at epoch 1495000, loss did not improve.
1495000 2.484588384628296 0.06322372 0.063019685
Checkpoint not saved at epoch 1496000, loss did not improve.
1496000 2.6326510906219482 0.06414529 0.06372322
Checkpoint not saved at epoch 1497000, loss did not improve.
1497000 2.7943217754364014 0.06510817 0.064218365
Checkpoint not saved at epoch 1498000, loss did not improve.
1498000 2.4478931427001953 0.062988974 0.06371615
Checkpoint not saved at epoch 1499000, loss did not improve.
1499000 2.700917959213257 0.06455714 0.06465023
Checkpoint not saved at epoch 1500000, loss did not improve.
1500000 2.469764232635498 0.0631292 0.06328693
Checkpoint not saved at epoch 1501000, loss did not improve.
1501000 2.6791677474975586 0.06442677 0.06378566
Checkpoint not saved at epoch 1502000, loss did not improve.
1502000 3.151761531829834 0.067097254 0.067367174
Checkpoint not saved at epoch 1503000, loss did not improve.
1503000 2.950915575027466 0.06600178 0.06672582
Checkpoint not saved at epoch 1504000, loss did not improve.
1504000 2.5072994232177734 0.0633677 0.06371781
Checkpoint not saved at epoch 1505000, loss did not improve.
1505000 2.4927878379821777 0.063275814 0.06438554
Checkpoint not saved at epoch 1506000, loss did not improve.
1506000 2.891223907470703 0.06566544 0.06568181
Checkpoint not saved at epoch 1507000, loss did not improve.
1507000 2.517521858215332 0.063432194 0.06315717
Checkpoint not saved at epoch 1508000, loss did not improve.
1508000 2.4978749752044678 0.063308075 0.06329341
Saving checkpoint at epoch 1509000 with improved loss: 2.4343361854553223
Model checkpoint saved at epoch 1509000, batch 1
1509000 2.4297707080841064 0.06287207 0.06366948
Checkpoint not saved at epoch 1510000, loss did not improve.
1510000 2.574827194213867 0.06379013 0.06489672
Checkpoint not saved at epoch 1511000, loss did not improve.
1511000 2.5758116245269775 0.063796215 0.065314725
Checkpoint not saved at epoch 1512000, loss did not improve.
1512000 3.027933120727539 0.06642828 0.068284236
Checkpoint not saved at epoch 1513000, loss did not improve.
1513000 2.698660373687744 0.06454364 0.06530519
Checkpoint not saved at epoch 1514000, loss did not improve.
1514000 2.674046754837036 0.064395964 0.063779496
Saving checkpoint at epoch 1515000 with improved loss: 2.430314064025879
Model checkpoint saved at epoch 1515000, batch 1
1515000 2.5182933807373047 0.06343706 0.063611135
Checkpoint not saved at epoch 1516000, loss did not improve.
1516000 2.4992125034332275 0.063316554 0.06512587
Checkpoint not saved at epoch 1517000, loss did not improve.
1517000 2.716461181640625 0.06464981 0.06543232
Checkpoint not saved at epoch 1518000, loss did not improve.
1518000 2.6042239665985107 0.06397142 0.064477585
Checkpoint not saved at epoch 1519000, loss did not improve.
1519000 2.627943992614746 0.06411659 0.06405288
Saving checkpoint at epoch 1520000 with improved loss: 2.421001672744751
Model checkpoint saved at epoch 1520000, batch 1
1520000 2.44893217086792 0.06299566 0.0641601
Saving checkpoint at epoch 1521000 with improved loss: 2.414118528366089
Model checkpoint saved at epoch 1521000, batch 1
1521000 2.409121036529541 0.06273806 0.063317865
Checkpoint not saved at epoch 1522000, loss did not improve.
1522000 2.579939842224121 0.06382177 0.06354651
Checkpoint not saved at epoch 1523000, loss did not improve.
1523000 2.909208297729492 0.06576732 0.068006456
Checkpoint not saved at epoch 1524000, loss did not improve.
1524000 2.4594013690948486 0.06306288 0.06338173
Checkpoint not saved at epoch 1525000, loss did not improve.
1525000 2.4236154556274414 0.062832214 0.06346122
Checkpoint not saved at epoch 1526000, loss did not improve.
1526000 2.5356268882751465 0.06354593 0.064525045
Checkpoint not saved at epoch 1527000, loss did not improve.
1527000 2.408687114715576 0.06273524 0.06489023
Checkpoint not saved at epoch 1528000, loss did not improve.
1528000 2.422985315322876 0.06282812 0.06363077
Checkpoint not saved at epoch 1529000, loss did not improve.
1529000 2.727015733718872 0.06471252 0.06480327
Checkpoint not saved at epoch 1530000, loss did not improve.
1530000 2.4389266967773438 0.06293122 0.063000575
Checkpoint not saved at epoch 1531000, loss did not improve.
1531000 2.7288455963134766 0.06472338 0.065133885
Checkpoint not saved at epoch 1532000, loss did not improve.
1532000 2.4666967391967773 0.06310959 0.06363389
Saving checkpoint at epoch 1533000 with improved loss: 2.3998687267303467
Model checkpoint saved at epoch 1533000, batch 1
1533000 2.4000191688537598 0.06267872 0.063772745
Saving checkpoint at epoch 1534000 with improved loss: 2.398773670196533
Model checkpoint saved at epoch 1534000, batch 1
1534000 2.404433012008667 0.06270751 0.06374268
Saving checkpoint at epoch 1535000 with improved loss: 2.38413143157959
Model checkpoint saved at epoch 1535000, batch 1
1535000 2.3930327892303467 0.06263305 0.06392845
Checkpoint not saved at epoch 1536000, loss did not improve.
1536000 2.676227331161499 0.06440909 0.06366299
Checkpoint not saved at epoch 1537000, loss did not improve.
1537000 2.3967039585113525 0.06265706 0.06432349
Checkpoint not saved at epoch 1538000, loss did not improve.
1538000 2.3813819885253906 0.062556684 0.063200645
Checkpoint not saved at epoch 1539000, loss did not improve.
1539000 2.3937606811523438 0.06263782 0.06406028
Checkpoint not saved at epoch 1540000, loss did not improve.
1540000 2.6033895015716553 0.06396629 0.064546786
Checkpoint not saved at epoch 1541000, loss did not improve.
1541000 2.4373793601989746 0.062921226 0.063608475
Checkpoint not saved at epoch 1542000, loss did not improve.
1542000 2.6301820278167725 0.06413024 0.062989086
Checkpoint not saved at epoch 1543000, loss did not improve.
1543000 2.3897414207458496 0.062611505 0.06331575
Checkpoint not saved at epoch 1544000, loss did not improve.
1544000 2.4030423164367676 0.062698446 0.06431603
Checkpoint not saved at epoch 1545000, loss did not improve.
1545000 2.981705665588379 0.06617328 0.06405534
Checkpoint not saved at epoch 1546000, loss did not improve.
1546000 2.53645396232605 0.06355111 0.0641398
Checkpoint not saved at epoch 1547000, loss did not improve.
1547000 2.71146559715271 0.06462008 0.06497909
Checkpoint not saved at epoch 1548000, loss did not improve.
1548000 2.726578712463379 0.06470993 0.064372346
Checkpoint not saved at epoch 1549000, loss did not improve.
1549000 2.362679958343506 0.062433496 0.06308067
Checkpoint not saved at epoch 1550000, loss did not improve.
1550000 2.37858247756958 0.06253829 0.06275554
Checkpoint not saved at epoch 1551000, loss did not improve.
1551000 2.4266271591186523 0.06285172 0.06351898
Checkpoint not saved at epoch 1552000, loss did not improve.
1552000 2.4231550693511963 0.062829226 0.06287297
Checkpoint not saved at epoch 1553000, loss did not improve.
1553000 2.7695236206054688 0.064963244 0.06658814
Checkpoint not saved at epoch 1554000, loss did not improve.
1554000 2.3938381671905518 0.06263832 0.06261056
Checkpoint not saved at epoch 1555000, loss did not improve.
1555000 2.6332149505615234 0.06414872 0.06340732
Checkpoint not saved at epoch 1556000, loss did not improve.
1556000 2.4233603477478027 0.06283055 0.06273184
Checkpoint not saved at epoch 1557000, loss did not improve.
1557000 2.6776440143585205 0.064417616 0.064363964
Checkpoint not saved at epoch 1558000, loss did not improve.
1558000 2.418935537338257 0.06280186 0.06361096
Checkpoint not saved at epoch 1559000, loss did not improve.
1559000 2.4344847202301025 0.06290254 0.06365526
Saving checkpoint at epoch 1560000 with improved loss: 2.3542027473449707
Model checkpoint saved at epoch 1560000, batch 1
1560000 2.3644137382507324 0.062444948 0.06395485
Checkpoint not saved at epoch 1561000, loss did not improve.
1561000 2.394784688949585 0.06264452 0.06364286
Saving checkpoint at epoch 1562000 with improved loss: 2.326874017715454
Model checkpoint saved at epoch 1562000, batch 1
1562000 2.3263802528381348 0.062192295 0.06282545
Checkpoint not saved at epoch 1563000, loss did not improve.
1563000 2.328209161758423 0.062204514 0.06296528
Checkpoint not saved at epoch 1564000, loss did not improve.
1564000 2.3263349533081055 0.062191997 0.062671475
Checkpoint not saved at epoch 1565000, loss did not improve.
1565000 2.5862579345703125 0.063860804 0.064518124
Checkpoint not saved at epoch 1566000, loss did not improve.
1566000 2.3310179710388184 0.062223267 0.06293392
Checkpoint not saved at epoch 1567000, loss did not improve.
1567000 2.613373041152954 0.06402753 0.06351582
Checkpoint not saved at epoch 1568000, loss did not improve.
1568000 2.4181058406829834 0.06279647 0.06378498
Checkpoint not saved at epoch 1569000, loss did not improve.
1569000 2.4235997200012207 0.06283211 0.06451537
Checkpoint not saved at epoch 1570000, loss did not improve.
1570000 2.3552253246307373 0.06238419 0.06310814
Checkpoint not saved at epoch 1571000, loss did not improve.
1571000 2.3434693813323975 0.0623062 0.06400815
Checkpoint not saved at epoch 1572000, loss did not improve.
1572000 2.35258412361145 0.062366687 0.063915335
Checkpoint not saved at epoch 1573000, loss did not improve.
1573000 2.43367338180542 0.0628973 0.06582914
Checkpoint not saved at epoch 1574000, loss did not improve.
1574000 5.239623546600342 0.07618885 0.06708645
Checkpoint not saved at epoch 1575000, loss did not improve.
1575000 2.7570018768310547 0.06488969 0.06435737
Checkpoint not saved at epoch 1576000, loss did not improve.
1576000 2.363758087158203 0.06244062 0.06385734
Checkpoint not saved at epoch 1577000, loss did not improve.
1577000 2.4527535438537598 0.063020214 0.066351265
Checkpoint not saved at epoch 1578000, loss did not improve.
1578000 2.8422014713287354 0.065385304 0.063528836
Checkpoint not saved at epoch 1579000, loss did not improve.
1579000 2.5532386302948 0.063655995 0.06334971
Checkpoint not saved at epoch 1580000, loss did not improve.
1580000 2.5496020317077637 0.063633315 0.06545061
Checkpoint not saved at epoch 1581000, loss did not improve.
1581000 2.335336446762085 0.062252063 0.06496067
Checkpoint not saved at epoch 1582000, loss did not improve.
1582000 2.49084734916687 0.0632635 0.063164845
Checkpoint not saved at epoch 1583000, loss did not improve.
1583000 2.315643787384033 0.062120415 0.06550857
Checkpoint not saved at epoch 1584000, loss did not improve.
1584000 2.4557363986968994 0.06303937 0.06810348
Checkpoint not saved at epoch 1585000, loss did not improve.
1585000 2.5494227409362793 0.0636322 0.0660402
Checkpoint not saved at epoch 1586000, loss did not improve.
1586000 2.329378843307495 0.06221233 0.063490346
Checkpoint not saved at epoch 1587000, loss did not improve.
1587000 2.3465073108673096 0.062326375 0.063383736
Checkpoint not saved at epoch 1588000, loss did not improve.
1588000 2.482714891433716 0.0632118 0.06340725
Checkpoint not saved at epoch 1589000, loss did not improve.
1589000 2.4940831661224365 0.06328403 0.06432096
Checkpoint not saved at epoch 1590000, loss did not improve.
1590000 2.332490921020508 0.0622331 0.063323796
Checkpoint not saved at epoch 1591000, loss did not improve.
1591000 2.4134206771850586 0.06276604 0.06343964
Checkpoint not saved at epoch 1592000, loss did not improve.
1592000 2.4890964031219482 0.063252375 0.06673977
Checkpoint not saved at epoch 1593000, loss did not improve.
1593000 2.418614387512207 0.06279978 0.063348845
Checkpoint not saved at epoch 1594000, loss did not improve.
1594000 2.3680648803710938 0.06246904 0.06507893
Saving checkpoint at epoch 1595000 with improved loss: 2.3103249073028564
Model checkpoint saved at epoch 1595000, batch 1
1595000 2.3248541355133057 0.062182095 0.063780196
Checkpoint not saved at epoch 1596000, loss did not improve.
1596000 2.3671350479125977 0.062462904 0.065149926
Saving checkpoint at epoch 1597000 with improved loss: 2.2977001667022705
Model checkpoint saved at epoch 1597000, batch 1
1597000 2.2965660095214844 0.06199207 0.06428671
Checkpoint not saved at epoch 1598000, loss did not improve.
1598000 2.5011446475982666 0.06332878 0.064441614
Checkpoint not saved at epoch 1599000, loss did not improve.
1599000 2.596529006958008 0.06392411 0.06491561
Checkpoint not saved at epoch 1600000, loss did not improve.
1600000 2.331883430480957 0.06222904 0.065483265
Checkpoint not saved at epoch 1601000, loss did not improve.
1601000 2.3300745487213135 0.06221697 0.06506643
Checkpoint not saved at epoch 1602000, loss did not improve.
1602000 2.472895383834839 0.0631492 0.063205056
Checkpoint not saved at epoch 1603000, loss did not improve.
1603000 2.3337056636810303 0.062241197 0.06393283
Checkpoint not saved at epoch 1604000, loss did not improve.
1604000 2.4003312587738037 0.06268075 0.06946802
Checkpoint not saved at epoch 1605000, loss did not improve.
1605000 2.3045103549957275 0.062045615 0.066071086
Checkpoint not saved at epoch 1606000, loss did not improve.
1606000 2.495537757873535 0.063293256 0.07114829
Checkpoint not saved at epoch 1607000, loss did not improve.
1607000 2.5063416957855225 0.06336165 0.06424598
Checkpoint not saved at epoch 1608000, loss did not improve.
1608000 2.3487417697906494 0.06234121 0.06754961
Checkpoint not saved at epoch 1609000, loss did not improve.
1609000 2.355214834213257 0.06238412 0.06503735
Checkpoint not saved at epoch 1610000, loss did not improve.
1610000 2.3494973182678223 0.062346227 0.06508755
Checkpoint not saved at epoch 1611000, loss did not improve.
1611000 2.453096866607666 0.06302243 0.06822119
Checkpoint not saved at epoch 1612000, loss did not improve.
1612000 2.359691619873047 0.06241374 0.067501664
Checkpoint not saved at epoch 1613000, loss did not improve.
1613000 2.516887903213501 0.06342819 0.06935602
Checkpoint not saved at epoch 1614000, loss did not improve.
1614000 2.2971293926239014 0.061995875 0.0650596
Checkpoint not saved at epoch 1615000, loss did not improve.
1615000 2.3339052200317383 0.06224253 0.06517261
Checkpoint not saved at epoch 1616000, loss did not improve.
1616000 5.146216869354248 0.075847015 0.06627284
Checkpoint not saved at epoch 1617000, loss did not improve.
1617000 2.5977272987365723 0.06393149 0.06814368
Checkpoint not saved at epoch 1618000, loss did not improve.
1618000 2.451723337173462 0.0630136 0.066420436
Checkpoint not saved at epoch 1619000, loss did not improve.
1619000 2.4100935459136963 0.062744394 0.06424236
Checkpoint not saved at epoch 1620000, loss did not improve.
1620000 2.455395221710205 0.06303718 0.063779816
Saving checkpoint at epoch 1621000 with improved loss: 2.294010639190674
Model checkpoint saved at epoch 1621000, batch 1
1621000 2.2907931804656982 0.06195308 0.06578895
Saving checkpoint at epoch 1622000 with improved loss: 2.281355381011963
Model checkpoint saved at epoch 1622000, batch 1
1622000 2.2788028717041016 0.061871853 0.06403862
Checkpoint not saved at epoch 1623000, loss did not improve.
1623000 2.409747362136841 0.06274214 0.06961069
Checkpoint not saved at epoch 1624000, loss did not improve.
1624000 2.3991854190826416 0.06267327 0.0661053
Checkpoint not saved at epoch 1625000, loss did not improve.
1625000 2.2903542518615723 0.061950114 0.065311015
Checkpoint not saved at epoch 1626000, loss did not improve.
1626000 2.669682741165161 0.06436968 0.07160001
Checkpoint not saved at epoch 1627000, loss did not improve.
1627000 2.3421030044555664 0.062297113 0.06384378
Checkpoint not saved at epoch 1628000, loss did not improve.
1628000 3.0165207386016846 0.0663656 0.07451095
Checkpoint not saved at epoch 1629000, loss did not improve.
1629000 2.321563959121704 0.062160082 0.06785741
Checkpoint not saved at epoch 1630000, loss did not improve.
1630000 2.4361493587493896 0.06291329 0.068078496
Checkpoint not saved at epoch 1631000, loss did not improve.
1631000 2.2866556644439697 0.061925083 0.066705056
Checkpoint not saved at epoch 1632000, loss did not improve.
1632000 2.6143264770507812 0.06403337 0.062407307
Checkpoint not saved at epoch 1633000, loss did not improve.
1633000 2.562880516052246 0.063716 0.069529146
Checkpoint not saved at epoch 1634000, loss did not improve.
1634000 10.222230911254883 0.0900436 0.101633385
Checkpoint not saved at epoch 1635000, loss did not improve.
1635000 2.4190609455108643 0.06280267 0.064075515
Checkpoint not saved at epoch 1636000, loss did not improve.
1636000 2.9133670330047607 0.06579081 0.07341599
Checkpoint not saved at epoch 1637000, loss did not improve.
1637000 3.8065168857574463 0.07033935 0.06440169
Checkpoint not saved at epoch 1638000, loss did not improve.
1638000 2.4798214435577393 0.063193366 0.06367347
Checkpoint not saved at epoch 1639000, loss did not improve.
1639000 2.3228800296783447 0.062168892 0.06900203
Checkpoint not saved at epoch 1640000, loss did not improve.
1640000 2.4645004272460938 0.06309554 0.06526688
Checkpoint not saved at epoch 1641000, loss did not improve.
1641000 2.464376449584961 0.06309475 0.06236378
Checkpoint not saved at epoch 1642000, loss did not improve.
1642000 2.287107467651367 0.06192814 0.066004746
Checkpoint not saved at epoch 1643000, loss did not improve.
1643000 2.304476499557495 0.062045384 0.06647752
Checkpoint not saved at epoch 1644000, loss did not improve.
1644000 2.341797351837158 0.062295083 0.06568827
Checkpoint not saved at epoch 1645000, loss did not improve.
1645000 2.467243194580078 0.06311308 0.06336028
Checkpoint not saved at epoch 1646000, loss did not improve.
1646000 2.6332085132598877 0.06414868 0.063997425
Checkpoint not saved at epoch 1647000, loss did not improve.
1647000 2.540908098220825 0.06357899 0.06606756
Checkpoint not saved at epoch 1648000, loss did not improve.
1648000 2.347533702850342 0.062333193 0.063458875
Checkpoint not saved at epoch 1649000, loss did not improve.
1649000 3.091094493865967 0.06677202 0.06528741
Checkpoint not saved at epoch 1650000, loss did not improve.
1650000 3.7673354148864746 0.07015764 0.063842066
Checkpoint not saved at epoch 1651000, loss did not improve.
1651000 2.2834150791168213 0.061903134 0.06359543
Saving checkpoint at epoch 1652000 with improved loss: 2.2737700939178467
Model checkpoint saved at epoch 1652000, batch 1
1652000 2.2756600379943848 0.061850507 0.06438643
Checkpoint not saved at epoch 1653000, loss did not improve.
1653000 2.611992835998535 0.06401908 0.067438334
Saving checkpoint at epoch 1654000 with improved loss: 2.27199125289917
Model checkpoint saved at epoch 1654000, batch 1
1654000 2.2523627281188965 0.06169159 0.0631803
Checkpoint not saved at epoch 1655000, loss did not improve.
1655000 2.2759978771209717 0.06185281 0.06344832
Checkpoint not saved at epoch 1656000, loss did not improve.
1656000 2.4374563694000244 0.06292173 0.064330354
Saving checkpoint at epoch 1657000 with improved loss: 2.2696259021759033
Model checkpoint saved at epoch 1657000, batch 1
1657000 2.3328399658203125 0.062235426 0.06429707
Checkpoint not saved at epoch 1658000, loss did not improve.
1658000 2.5117902755737305 0.06339606 0.068425745
Checkpoint not saved at epoch 1659000, loss did not improve.
1659000 2.3689873218536377 0.062475123 0.064148575
Checkpoint not saved at epoch 1660000, loss did not improve.
1660000 2.4398109912872314 0.06293692 0.064992964
Checkpoint not saved at epoch 1661000, loss did not improve.
1661000 2.3740921020507812 0.06250875 0.06356488
Checkpoint not saved at epoch 1662000, loss did not improve.
1662000 2.3282153606414795 0.062204555 0.06655654
Checkpoint not saved at epoch 1663000, loss did not improve.
1663000 2.2635340690612793 0.06176795 0.064696565
Checkpoint not saved at epoch 1664000, loss did not improve.
1664000 2.305345058441162 0.062051233 0.06552216
Checkpoint not saved at epoch 1665000, loss did not improve.
1665000 2.4030797481536865 0.06269869 0.06327386
Checkpoint not saved at epoch 1666000, loss did not improve.
1666000 2.3095474243164062 0.062079497 0.06328959
Checkpoint not saved at epoch 1667000, loss did not improve.
1667000 2.4757227897644043 0.063167244 0.065944746
Checkpoint not saved at epoch 1668000, loss did not improve.
1668000 2.381772994995117 0.06255925 0.06564845
Checkpoint not saved at epoch 1669000, loss did not improve.
1669000 3.188713788986206 0.06729306 0.07271744
Checkpoint not saved at epoch 1670000, loss did not improve.
1670000 2.4347891807556152 0.06290451 0.06694428
Checkpoint not saved at epoch 1671000, loss did not improve.
1671000 2.2548532485961914 0.06170864 0.06404532
Checkpoint not saved at epoch 1672000, loss did not improve.
1672000 2.4066503047943115 0.06272197 0.06318928
Checkpoint not saved at epoch 1673000, loss did not improve.
1673000 2.2723474502563477 0.061827984 0.06351683
Saving checkpoint at epoch 1674000 with improved loss: 2.256859064102173
Model checkpoint saved at epoch 1674000, batch 1
1674000 2.286069631576538 0.061921116 0.06291403
Checkpoint not saved at epoch 1675000, loss did not improve.
1675000 2.3541977405548096 0.062377386 0.06541881
Checkpoint not saved at epoch 1676000, loss did not improve.
1676000 3.2334485054016113 0.067527846 0.06612456
Saving checkpoint at epoch 1677000 with improved loss: 2.2475216388702393
Model checkpoint saved at epoch 1677000, batch 1
1677000 2.243565320968628 0.061631266 0.06317773
Checkpoint not saved at epoch 1678000, loss did not improve.
1678000 2.350113868713379 0.062350318 0.064917736
Saving checkpoint at epoch 1679000 with improved loss: 2.2277719974517822
Model checkpoint saved at epoch 1679000, batch 1
1679000 2.254361629486084 0.06170528 0.065321006
Checkpoint not saved at epoch 1680000, loss did not improve.
1680000 4.148092746734619 0.07186683 0.07021418
Checkpoint not saved at epoch 1681000, loss did not improve.
1681000 2.342869281768799 0.06230221 0.06216534
Checkpoint not saved at epoch 1682000, loss did not improve.
1682000 3.1724660396575928 0.06720718 0.06892598
Checkpoint not saved at epoch 1683000, loss did not improve.
1683000 2.2491602897644043 0.061669655 0.06324303
Checkpoint not saved at epoch 1684000, loss did not improve.
1684000 2.244293451309204 0.061636265 0.06345568
Checkpoint not saved at epoch 1685000, loss did not improve.
1685000 2.3169338703155518 0.06212907 0.062188618
Checkpoint not saved at epoch 1686000, loss did not improve.
1686000 2.3402392864227295 0.062284715 0.062245138
Checkpoint not saved at epoch 1687000, loss did not improve.
1687000 2.4857494831085205 0.06323111 0.06509031
Checkpoint not saved at epoch 1688000, loss did not improve.
1688000 2.3105289936065674 0.062086087 0.0630313
Saving checkpoint at epoch 1689000 with improved loss: 2.2200212478637695
Model checkpoint saved at epoch 1689000, batch 1
1689000 2.2529356479644775 0.061695516 0.06389014
Checkpoint not saved at epoch 1690000, loss did not improve.
1690000 2.2380082607269287 0.061593067 0.063112006
Checkpoint not saved at epoch 1691000, loss did not improve.
1691000 2.3835833072662354 0.06257113 0.06435633
Checkpoint not saved at epoch 1692000, loss did not improve.
1692000 2.39219331741333 0.06262756 0.063485086
Checkpoint not saved at epoch 1693000, loss did not improve.
1693000 2.4781367778778076 0.06318264 0.062344324
Checkpoint not saved at epoch 1694000, loss did not improve.
1694000 2.3559019565582275 0.06238867 0.06475518
Checkpoint not saved at epoch 1695000, loss did not improve.
1695000 2.2241783142089844 0.061497696 0.06248762
Checkpoint not saved at epoch 1696000, loss did not improve.
1696000 2.677004337310791 0.06441376 0.066760726
Checkpoint not saved at epoch 1697000, loss did not improve.
1697000 2.4624009132385254 0.0630821 0.063747875
Checkpoint not saved at epoch 1698000, loss did not improve.
1698000 2.2185871601104736 0.06145901 0.06307536
Saving checkpoint at epoch 1699000 with improved loss: 2.2032647132873535
Model checkpoint saved at epoch 1699000, batch 1
1699000 2.2408790588378906 0.06161281 0.06174256
Checkpoint not saved at epoch 1700000, loss did not improve.
1700000 2.2164535522460938 0.061444227 0.0632766
Checkpoint not saved at epoch 1701000, loss did not improve.
1701000 2.9268741607666016 0.06586693 0.06829767
Checkpoint not saved at epoch 1702000, loss did not improve.
1702000 2.4057109355926514 0.06271584 0.06484734
Checkpoint not saved at epoch 1703000, loss did not improve.
1703000 2.266636610031128 0.061789103 0.06289425
Checkpoint not saved at epoch 1704000, loss did not improve.
1704000 2.441493272781372 0.062947765 0.06474739
Checkpoint not saved at epoch 1705000, loss did not improve.
1705000 2.4680867195129395 0.06311848 0.062026262
Checkpoint not saved at epoch 1706000, loss did not improve.
1706000 2.2582449913024902 0.061731834 0.06298611
Saving checkpoint at epoch 1707000 with improved loss: 2.199942111968994
Model checkpoint saved at epoch 1707000, batch 1
1707000 2.233099937438965 0.061559267 0.061970517
Checkpoint not saved at epoch 1708000, loss did not improve.
1708000 2.8100626468658447 0.06519967 0.065370955
Checkpoint not saved at epoch 1709000, loss did not improve.
1709000 2.2778375148773193 0.061865296 0.062042248
Checkpoint not saved at epoch 1710000, loss did not improve.
1710000 2.3678789138793945 0.062467813 0.062872626
Checkpoint not saved at epoch 1711000, loss did not improve.
1711000 2.379180669784546 0.06254222 0.06318159
Checkpoint not saved at epoch 1712000, loss did not improve.
1712000 2.325563430786133 0.062186833 0.062100194
Checkpoint not saved at epoch 1713000, loss did not improve.
1713000 2.2760961055755615 0.061853472 0.06169365
Checkpoint not saved at epoch 1714000, loss did not improve.
1714000 2.3543360233306885 0.062378302 0.06325946
Checkpoint not saved at epoch 1715000, loss did not improve.
1715000 2.3996312618255615 0.06267619 0.06285332
Checkpoint not saved at epoch 1716000, loss did not improve.
1716000 2.2224557399749756 0.061485782 0.06276068
Checkpoint not saved at epoch 1717000, loss did not improve.
1717000 2.708860158920288 0.06460454 0.06512623
Checkpoint not saved at epoch 1718000, loss did not improve.
1718000 2.223440408706665 0.06149259 0.061971623
Checkpoint not saved at epoch 1719000, loss did not improve.
1719000 2.4487900733947754 0.06299474 0.063839905
Checkpoint not saved at epoch 1720000, loss did not improve.
1720000 2.4622910022735596 0.0630814 0.061668493
Checkpoint not saved at epoch 1721000, loss did not improve.
1721000 2.8202109336853027 0.06525846 0.0655437
Checkpoint not saved at epoch 1722000, loss did not improve.
1722000 2.181936025619507 0.06120359 0.06172511
Checkpoint not saved at epoch 1723000, loss did not improve.
1723000 3.3888344764709473 0.0683249 0.0710707
Checkpoint not saved at epoch 1724000, loss did not improve.
1724000 2.427574396133423 0.06285785 0.061863016
Checkpoint not saved at epoch 1725000, loss did not improve.
1725000 2.899465560913086 0.06571218 0.064698376
Checkpoint not saved at epoch 1726000, loss did not improve.
1726000 2.431659698486328 0.06288428 0.06581611
Saving checkpoint at epoch 1727000 with improved loss: 2.199413776397705
Model checkpoint saved at epoch 1727000, batch 1
1727000 2.187344551086426 0.06124149 0.061998636
Checkpoint not saved at epoch 1728000, loss did not improve.
1728000 2.375309467315674 0.062516764 0.063159466
Checkpoint not saved at epoch 1729000, loss did not improve.
1729000 2.253225088119507 0.0616975 0.06406536
Checkpoint not saved at epoch 1730000, loss did not improve.
1730000 2.6610875129699707 0.06431781 0.062330652
Checkpoint not saved at epoch 1731000, loss did not improve.
1731000 2.2282252311706543 0.061525647 0.06317949
Checkpoint not saved at epoch 1732000, loss did not improve.
1732000 2.195016860961914 0.06129511 0.062377714
Saving checkpoint at epoch 1733000 with improved loss: 2.1877050399780273
Model checkpoint saved at epoch 1733000, batch 1
1733000 2.220592975616455 0.061472896 0.06205918
Checkpoint not saved at epoch 1734000, loss did not improve.
1734000 2.3473570346832275 0.06233202 0.062404275
Checkpoint not saved at epoch 1735000, loss did not improve.
1735000 2.3885505199432373 0.062603705 0.06340404
Saving checkpoint at epoch 1736000 with improved loss: 2.180896282196045
Model checkpoint saved at epoch 1736000, batch 1
1736000 2.1701111793518066 0.0611205 0.06263875
Checkpoint not saved at epoch 1737000, loss did not improve.
1737000 2.3732833862304688 0.06250343 0.064491816
Checkpoint not saved at epoch 1738000, loss did not improve.
1738000 2.394068479537964 0.062639825 0.06203564
Checkpoint not saved at epoch 1739000, loss did not improve.
1739000 2.164375066757202 0.061080076 0.061822806
Checkpoint not saved at epoch 1740000, loss did not improve.
1740000 2.373159170150757 0.06250261 0.06472785
Checkpoint not saved at epoch 1741000, loss did not improve.
1741000 2.277855396270752 0.06186542 0.062330265
Checkpoint not saved at epoch 1742000, loss did not improve.
1742000 2.736753225326538 0.064770214 0.06564278
Checkpoint not saved at epoch 1743000, loss did not improve.
1743000 2.440868616104126 0.062943734 0.06326908
Saving checkpoint at epoch 1744000 with improved loss: 2.1725237369537354
Model checkpoint saved at epoch 1744000, batch 1
1744000 2.176440477371216 0.061165016 0.06171897
Checkpoint not saved at epoch 1745000, loss did not improve.
1745000 2.4835262298583984 0.06321696 0.062640995
Checkpoint not saved at epoch 1746000, loss did not improve.
1746000 2.2369461059570312 0.061585758 0.06256498
Checkpoint not saved at epoch 1747000, loss did not improve.
1747000 4.065961837768555 0.07150843 0.07415695
Checkpoint not saved at epoch 1748000, loss did not improve.
1748000 2.288034439086914 0.06193442 0.06283642
Checkpoint not saved at epoch 1749000, loss did not improve.
1749000 4.260860919952393 0.07235037 0.07723814
Checkpoint not saved at epoch 1750000, loss did not improve.
1750000 2.2130303382873535 0.06142049 0.061223842
Checkpoint not saved at epoch 1751000, loss did not improve.
1751000 2.225071668624878 0.06150387 0.061773285
Checkpoint not saved at epoch 1752000, loss did not improve.
1752000 2.1861350536346436 0.06123302 0.06135784
Checkpoint not saved at epoch 1753000, loss did not improve.
1753000 2.3363287448883057 0.062258683 0.06151045
Checkpoint not saved at epoch 1754000, loss did not improve.
1754000 2.6005566120147705 0.063948885 0.06367005
Checkpoint not saved at epoch 1755000, loss did not improve.
1755000 2.43864369392395 0.062929384 0.062821336
Checkpoint not saved at epoch 1756000, loss did not improve.
1756000 2.181474447250366 0.061200358 0.061085932
Checkpoint not saved at epoch 1757000, loss did not improve.
1757000 4.402569770812988 0.072944574 0.071535476
Checkpoint not saved at epoch 1758000, loss did not improve.
1758000 2.3141496181488037 0.062110398 0.062036708
Checkpoint not saved at epoch 1759000, loss did not improve.
1759000 2.2653567790985107 0.06178038 0.06198362
Checkpoint not saved at epoch 1760000, loss did not improve.
1760000 2.478101968765259 0.06318241 0.06163083
Checkpoint not saved at epoch 1761000, loss did not improve.
1761000 2.22306489944458 0.061489996 0.06205212
Checkpoint not saved at epoch 1762000, loss did not improve.
1762000 2.261681079864502 0.061755303 0.061563794
Checkpoint not saved at epoch 1763000, loss did not improve.
1763000 2.1949734687805176 0.061294816 0.061713815
Checkpoint not saved at epoch 1764000, loss did not improve.
1764000 2.2273480892181396 0.06151959 0.061351273
Checkpoint not saved at epoch 1765000, loss did not improve.
1765000 2.2319438457489014 0.061551303 0.061118916
Checkpoint not saved at epoch 1766000, loss did not improve.
1766000 2.5059971809387207 0.06335947 0.06277736
Checkpoint not saved at epoch 1767000, loss did not improve.
1767000 2.1536080837249756 0.06100397 0.061559375
Checkpoint not saved at epoch 1768000, loss did not improve.
1768000 2.4951562881469727 0.063290834 0.062265903
Saving checkpoint at epoch 1769000 with improved loss: 2.166830539703369
Model checkpoint saved at epoch 1769000, batch 1
1769000 2.156574249267578 0.061024964 0.0621907
Checkpoint not saved at epoch 1770000, loss did not improve.
1770000 2.2853026390075684 0.061915923 0.06191752
Checkpoint not saved at epoch 1771000, loss did not improve.
1771000 2.263843297958374 0.061770055 0.06371661
Checkpoint not saved at epoch 1772000, loss did not improve.
1772000 2.1900136470794678 0.061260156 0.06290579
Checkpoint not saved at epoch 1773000, loss did not improve.
1773000 2.44563364982605 0.06297443 0.065394446
Checkpoint not saved at epoch 1774000, loss did not improve.
1774000 2.557806968688965 0.06368444 0.062020183
Saving checkpoint at epoch 1775000 with improved loss: 2.1508288383483887
Model checkpoint saved at epoch 1775000, batch 1
1775000 2.1629695892333984 0.06107016 0.06176936
Checkpoint not saved at epoch 1776000, loss did not improve.
1776000 2.209059953689575 0.06139292 0.0608034
Checkpoint not saved at epoch 1777000, loss did not improve.
1777000 2.189411163330078 0.061255943 0.062372364
Checkpoint not saved at epoch 1778000, loss did not improve.
1778000 2.5270638465881348 0.063492216 0.0647503
Checkpoint not saved at epoch 1779000, loss did not improve.
1779000 2.2169106006622314 0.06144739 0.06184164
Checkpoint not saved at epoch 1780000, loss did not improve.
1780000 2.2756688594818115 0.061850566 0.06389621
Checkpoint not saved at epoch 1781000, loss did not improve.
1781000 2.217439889907837 0.061451066 0.06272724
Checkpoint not saved at epoch 1782000, loss did not improve.
1782000 2.540762186050415 0.063578084 0.061881963
Checkpoint not saved at epoch 1783000, loss did not improve.
1783000 2.188162326812744 0.06124721 0.061093528
Checkpoint not saved at epoch 1784000, loss did not improve.
1784000 2.200259208679199 0.06133168 0.060975946
Checkpoint not saved at epoch 1785000, loss did not improve.
1785000 2.295494318008423 0.06198484 0.06138755
Checkpoint not saved at epoch 1786000, loss did not improve.
1786000 2.134939193725586 0.060871337 0.06168712
Saving checkpoint at epoch 1787000 with improved loss: 2.1483724117279053
Model checkpoint saved at epoch 1787000, batch 1
1787000 2.16435170173645 0.061079912 0.06156133
Checkpoint not saved at epoch 1788000, loss did not improve.
1788000 2.6583914756774902 0.06430151 0.06278091
Checkpoint not saved at epoch 1789000, loss did not improve.
1789000 2.3122644424438477 0.062097743 0.06241103
Checkpoint not saved at epoch 1790000, loss did not improve.
1790000 2.3701353073120117 0.06248269 0.063720554
Checkpoint not saved at epoch 1791000, loss did not improve.
1791000 2.1466424465179443 0.06095458 0.061645743
Checkpoint not saved at epoch 1792000, loss did not improve.
1792000 2.3613202571868896 0.062424507 0.06132189
Checkpoint not saved at epoch 1793000, loss did not improve.
1793000 2.2933623790740967 0.06197044 0.061878484
Saving checkpoint at epoch 1794000 with improved loss: 2.121697425842285
Model checkpoint saved at epoch 1794000, batch 1
1794000 2.265488386154175 0.061781272 0.06426614
Checkpoint not saved at epoch 1795000, loss did not improve.
1795000 2.3912196159362793 0.06262119 0.061778054
Checkpoint not saved at epoch 1796000, loss did not improve.
1796000 2.363626003265381 0.062439743 0.06175604
Checkpoint not saved at epoch 1797000, loss did not improve.
1797000 2.2356064319610596 0.061576538 0.061949056
Checkpoint not saved at epoch 1798000, loss did not improve.
1798000 2.7310428619384766 0.0647364 0.06382496
Checkpoint not saved at epoch 1799000, loss did not improve.
1799000 2.2118537425994873 0.061412323 0.06176638
Checkpoint not saved at epoch 1800000, loss did not improve.
1800000 2.3470582962036133 0.062330037 0.06277425
Checkpoint not saved at epoch 1801000, loss did not improve.
1801000 2.2281529903411865 0.061525147 0.062101796
Checkpoint not saved at epoch 1802000, loss did not improve.
1802000 2.20184063911438 0.061342705 0.061984368
Checkpoint not saved at epoch 1803000, loss did not improve.
1803000 2.2398109436035156 0.06160547 0.06131023
Checkpoint not saved at epoch 1804000, loss did not improve.
1804000 2.261622667312622 0.061754905 0.062155288
Checkpoint not saved at epoch 1805000, loss did not improve.
1805000 2.1692724227905273 0.061114594 0.061614096
Saving checkpoint at epoch 1806000 with improved loss: 2.120867967605591
Model checkpoint saved at epoch 1806000, batch 1
1806000 2.095611810684204 0.06058905 0.06115242
Checkpoint not saved at epoch 1807000, loss did not improve.
1807000 2.1286633014678955 0.060826544 0.06132061
Checkpoint not saved at epoch 1808000, loss did not improve.
1808000 2.126673936843872 0.060812335 0.0611858
Checkpoint not saved at epoch 1809000, loss did not improve.
1809000 2.0979397296905518 0.060605865 0.060870353
Checkpoint not saved at epoch 1810000, loss did not improve.
1810000 2.1709609031677246 0.06112649 0.061126925
Saving checkpoint at epoch 1811000 with improved loss: 2.095365047454834
Model checkpoint saved at epoch 1811000, batch 1
1811000 2.1069915294647217 0.06067114 0.0609176
Saving checkpoint at epoch 1812000 with improved loss: 2.0930964946746826
Model checkpoint saved at epoch 1812000, batch 1
1812000 2.1065878868103027 0.06066823 0.06065644
Checkpoint not saved at epoch 1813000, loss did not improve.
1813000 2.1200454235076904 0.060764894 0.06138386
Checkpoint not saved at epoch 1814000, loss did not improve.
1814000 6.134481430053711 0.07925212 0.101358116
Checkpoint not saved at epoch 1815000, loss did not improve.
1815000 2.0936367511749268 0.06057477 0.060535014
Checkpoint not saved at epoch 1816000, loss did not improve.
1816000 2.3868048191070557 0.06259226 0.061544348
Checkpoint not saved at epoch 1817000, loss did not improve.
1817000 2.3558077812194824 0.062388044 0.06241301
Checkpoint not saved at epoch 1818000, loss did not improve.
1818000 2.293631076812744 0.061972257 0.062312514
Saving checkpoint at epoch 1819000 with improved loss: 2.090925931930542
Model checkpoint saved at epoch 1819000, batch 1
1819000 2.0873758792877197 0.060529433 0.061198074
Checkpoint not saved at epoch 1820000, loss did not improve.
1820000 2.332188844680786 0.062231086 0.06293151
Checkpoint not saved at epoch 1821000, loss did not improve.
1821000 2.1777050495147705 0.061173905 0.062320653
Saving checkpoint at epoch 1822000 with improved loss: 2.090864896774292
Model checkpoint saved at epoch 1822000, batch 1
1822000 2.1017515659332275 0.060633376 0.061098654
Checkpoint not saved at epoch 1823000, loss did not improve.
1823000 2.092334270477295 0.060565345 0.06093763
Checkpoint not saved at epoch 1824000, loss did not improve.
1824000 2.1953365802764893 0.06129735 0.06269273
Checkpoint not saved at epoch 1825000, loss did not improve.
1825000 2.4606425762176514 0.06307083 0.06288274
Checkpoint not saved at epoch 1826000, loss did not improve.
1826000 2.638204574584961 0.06417908 0.06620433
Checkpoint not saved at epoch 1827000, loss did not improve.
1827000 2.0993406772613525 0.060615983 0.061086453
Checkpoint not saved at epoch 1828000, loss did not improve.
1828000 2.2362470626831055 0.061580952 0.06156555
Checkpoint not saved at epoch 1829000, loss did not improve.
1829000 2.162792205810547 0.061068904 0.061146677
Checkpoint not saved at epoch 1830000, loss did not improve.
1830000 2.470635175704956 0.06313476 0.06281955
Checkpoint not saved at epoch 1831000, loss did not improve.
1831000 2.684298515319824 0.0644576 0.063600585
Checkpoint not saved at epoch 1832000, loss did not improve.
1832000 2.156872510910034 0.061027076 0.061227944
Checkpoint not saved at epoch 1833000, loss did not improve.
1833000 2.0986289978027344 0.06061085 0.060662027
Checkpoint not saved at epoch 1834000, loss did not improve.
1834000 2.111945629119873 0.06070677 0.061124843
Checkpoint not saved at epoch 1835000, loss did not improve.
1835000 2.1951217651367188 0.061295852 0.061447505
Checkpoint not saved at epoch 1836000, loss did not improve.
1836000 2.101177453994751 0.06062924 0.061925985
Checkpoint not saved at epoch 1837000, loss did not improve.
1837000 2.2992780208587646 0.062010363 0.0632459
Checkpoint not saved at epoch 1838000, loss did not improve.
1838000 3.277266502380371 0.06775547 0.0638564
Checkpoint not saved at epoch 1839000, loss did not improve.
1839000 2.9991819858551025 0.06627002 0.06580975
Checkpoint not saved at epoch 1840000, loss did not improve.
1840000 2.2200422286987305 0.06146908 0.0619471
Checkpoint not saved at epoch 1841000, loss did not improve.
1841000 2.4813497066497803 0.063203104 0.062264506
Checkpoint not saved at epoch 1842000, loss did not improve.
1842000 2.192786693572998 0.061279543 0.06579513
Checkpoint not saved at epoch 1843000, loss did not improve.
1843000 2.259629487991333 0.061741296 0.065683834
Checkpoint not saved at epoch 1844000, loss did not improve.
1844000 2.2123608589172363 0.061415844 0.061831336
Checkpoint not saved at epoch 1845000, loss did not improve.
1845000 2.4160237312316895 0.06278296 0.061592236
Checkpoint not saved at epoch 1846000, loss did not improve.
1846000 2.2101707458496094 0.06140064 0.06202009
Checkpoint not saved at epoch 1847000, loss did not improve.
1847000 2.4147088527679443 0.062774405 0.06444808
Checkpoint not saved at epoch 1848000, loss did not improve.
1848000 2.371351480484009 0.062490705 0.061349962
Checkpoint not saved at epoch 1849000, loss did not improve.
1849000 2.8886754512786865 0.06565096 0.063953124
Checkpoint not saved at epoch 1850000, loss did not improve.
1850000 2.4681100845336914 0.06311864 0.06356648
Checkpoint not saved at epoch 1851000, loss did not improve.
1851000 2.133685350418091 0.06086239 0.06082659
Checkpoint not saved at epoch 1852000, loss did not improve.
1852000 2.4159209728240967 0.06278228 0.06441372
Checkpoint not saved at epoch 1853000, loss did not improve.
1853000 2.8626606464385986 0.06550266 0.07000695
Checkpoint not saved at epoch 1854000, loss did not improve.
1854000 2.2291784286499023 0.061532225 0.06476355
Checkpoint not saved at epoch 1855000, loss did not improve.
1855000 2.174787998199463 0.061153404 0.06146327
Checkpoint not saved at epoch 1856000, loss did not improve.
1856000 2.1360347270965576 0.060879137 0.060999688
Checkpoint not saved at epoch 1857000, loss did not improve.
1857000 2.3129093647003174 0.06210207 0.06287144
Checkpoint not saved at epoch 1858000, loss did not improve.
1858000 2.280104398727417 0.06188068 0.062281646
Checkpoint not saved at epoch 1859000, loss did not improve.
1859000 2.4440526962280273 0.06296425 0.06434074
Checkpoint not saved at epoch 1860000, loss did not improve.
1860000 2.181844711303711 0.061202955 0.06113771
Saving checkpoint at epoch 1861000 with improved loss: 2.0823397636413574
Model checkpoint saved at epoch 1861000, batch 1
1861000 2.083345651626587 0.060500193 0.060628116
Checkpoint not saved at epoch 1862000, loss did not improve.
1862000 2.3018529415130615 0.06202772 0.06233668
Checkpoint not saved at epoch 1863000, loss did not improve.
1863000 2.585263967514038 0.06385467 0.06345751
Checkpoint not saved at epoch 1864000, loss did not improve.
1864000 2.638848304748535 0.064183004 0.06513758
Checkpoint not saved at epoch 1865000, loss did not improve.
1865000 2.182155132293701 0.06120513 0.06288633
Checkpoint not saved at epoch 1866000, loss did not improve.
1866000 2.5408854484558105 0.06357885 0.06544251
Checkpoint not saved at epoch 1867000, loss did not improve.
1867000 2.7643842697143555 0.064933084 0.06517666
Saving checkpoint at epoch 1868000 with improved loss: 2.0782082080841064
Model checkpoint saved at epoch 1868000, batch 1
1868000 2.0696005821228027 0.060400154 0.062010333
Checkpoint not saved at epoch 1869000, loss did not improve.
1869000 2.5632107257843018 0.06371805 0.061683178
Checkpoint not saved at epoch 1870000, loss did not improve.
1870000 2.18709135055542 0.061239716 0.06386273
Checkpoint not saved at epoch 1871000, loss did not improve.
1871000 2.599721670150757 0.06394376 0.06252251
Checkpoint not saved at epoch 1872000, loss did not improve.
1872000 2.1481223106384277 0.060965084 0.061479945
Checkpoint not saved at epoch 1873000, loss did not improve.
1873000 2.1311116218566895 0.06084403 0.06094811
Checkpoint not saved at epoch 1874000, loss did not improve.
1874000 3.245549201965332 0.06759094 0.06802944
Checkpoint not saved at epoch 1875000, loss did not improve.
1875000 2.2787086963653564 0.061871212 0.06298396
Checkpoint not saved at epoch 1876000, loss did not improve.
1876000 2.760000228881836 0.06490732 0.06567904
Checkpoint not saved at epoch 1877000, loss did not improve.
1877000 2.2316455841064453 0.061549246 0.06154697
Checkpoint not saved at epoch 1878000, loss did not improve.
1878000 2.4782187938690186 0.06318316 0.06540329
Checkpoint not saved at epoch 1879000, loss did not improve.
1879000 2.091876745223999 0.060562033 0.061441675
Saving checkpoint at epoch 1880000 with improved loss: 2.0776891708374023
Model checkpoint saved at epoch 1880000, batch 1
1880000 2.0804429054260254 0.06047911 0.062057044
Checkpoint not saved at epoch 1881000, loss did not improve.
1881000 2.8311305046081543 0.06532154 0.07123093
Checkpoint not saved at epoch 1882000, loss did not improve.
1882000 2.1421875953674316 0.060922936 0.06077692
Checkpoint not saved at epoch 1883000, loss did not improve.
1883000 2.27050518989563 0.06181545 0.061149497
Saving checkpoint at epoch 1884000 with improved loss: 2.0577101707458496
Model checkpoint saved at epoch 1884000, batch 1
1884000 2.100205659866333 0.060622226 0.06307713
Checkpoint not saved at epoch 1885000, loss did not improve.
1885000 2.169633626937866 0.061117142 0.062057853
Checkpoint not saved at epoch 1886000, loss did not improve.
1886000 2.094276189804077 0.06057939 0.061988145
Checkpoint not saved at epoch 1887000, loss did not improve.
1887000 2.1272435188293457 0.060816403 0.06263879
Checkpoint not saved at epoch 1888000, loss did not improve.
1888000 2.384598731994629 0.0625778 0.065149434
Checkpoint not saved at epoch 1889000, loss did not improve.
1889000 2.0696024894714355 0.06040017 0.064269155
Checkpoint not saved at epoch 1890000, loss did not improve.
1890000 2.0698862075805664 0.060402237 0.06293366
Checkpoint not saved at epoch 1891000, loss did not improve.
1891000 2.286679744720459 0.06192525 0.0641883
Checkpoint not saved at epoch 1892000, loss did not improve.
1892000 2.0965309143066406 0.06059569 0.061403733
Checkpoint not saved at epoch 1893000, loss did not improve.
1893000 2.2010257244110107 0.061337024 0.064183034
Checkpoint not saved at epoch 1894000, loss did not improve.
1894000 2.1267411708831787 0.060812812 0.06333934
Checkpoint not saved at epoch 1895000, loss did not improve.
1895000 2.3016035556793213 0.062026042 0.06411025
Saving checkpoint at epoch 1896000 with improved loss: 2.0348072052001953
Model checkpoint saved at epoch 1896000, batch 1
1896000 2.0317866802215576 0.060122352 0.06180842
Checkpoint not saved at epoch 1897000, loss did not improve.
1897000 2.2384421825408936 0.061596055 0.061913304
Checkpoint not saved at epoch 1898000, loss did not improve.
1898000 2.2242116928100586 0.06149792 0.061463118
Checkpoint not saved at epoch 1899000, loss did not improve.
1899000 2.751680374145508 0.064858355 0.06815685
Checkpoint not saved at epoch 1900000, loss did not improve.
1900000 2.120488166809082 0.06076806 0.062377848
Checkpoint not saved at epoch 1901000, loss did not improve.
1901000 2.3787405490875244 0.062539324 0.06149535
Checkpoint not saved at epoch 1902000, loss did not improve.
1902000 2.379477024078369 0.06254417 0.06306655
Checkpoint not saved at epoch 1903000, loss did not improve.
1903000 2.3023533821105957 0.06203109 0.062074937
Checkpoint not saved at epoch 1904000, loss did not improve.
1904000 2.307953119277954 0.062068775 0.062004354
Checkpoint not saved at epoch 1905000, loss did not improve.
1905000 2.068962335586548 0.0603955 0.060879245
Checkpoint not saved at epoch 1906000, loss did not improve.
1906000 2.0838465690612793 0.06050383 0.06308576
Checkpoint not saved at epoch 1907000, loss did not improve.
1907000 2.1164934635162354 0.060739424 0.06336166
Checkpoint not saved at epoch 1908000, loss did not improve.
1908000 2.339054822921753 0.062276836 0.06374846
Checkpoint not saved at epoch 1909000, loss did not improve.
1909000 2.127439498901367 0.060817804 0.06335635
Saving checkpoint at epoch 1910000 with improved loss: 2.0296435356140137
Model checkpoint saved at epoch 1910000, batch 1
1910000 2.1192288398742676 0.06075904 0.06491919
Saving checkpoint at epoch 1911000 with improved loss: 2.0162088871002197
Model checkpoint saved at epoch 1911000, batch 1
1911000 2.0114245414733887 0.059971146 0.0623256
Checkpoint not saved at epoch 1912000, loss did not improve.
1912000 2.3431923389434814 0.062304355 0.062113177
Checkpoint not saved at epoch 1913000, loss did not improve.
1913000 2.2373671531677246 0.061588656 0.06533339
Checkpoint not saved at epoch 1914000, loss did not improve.
1914000 2.1343698501586914 0.060867272 0.06671008
Checkpoint not saved at epoch 1915000, loss did not improve.
1915000 2.020934820175171 0.060041912 0.061752398
Checkpoint not saved at epoch 1916000, loss did not improve.
1916000 2.4356772899627686 0.062910244 0.06711271
Checkpoint not saved at epoch 1917000, loss did not improve.
1917000 2.3322811126708984 0.062231697 0.059940733
Checkpoint not saved at epoch 1918000, loss did not improve.
1918000 2.0559840202331543 0.060300566 0.0646155
Checkpoint not saved at epoch 1919000, loss did not improve.
1919000 2.240706443786621 0.061611623 0.063721016
Checkpoint not saved at epoch 1920000, loss did not improve.
1920000 2.117295503616333 0.060745172 0.0626962
Checkpoint not saved at epoch 1921000, loss did not improve.
1921000 2.054401159286499 0.06028895 0.06454624
Checkpoint not saved at epoch 1922000, loss did not improve.
1922000 2.1518828868865967 0.060991753 0.063162506
Checkpoint not saved at epoch 1923000, loss did not improve.
1923000 2.0932559967041016 0.060572017 0.064833425
Checkpoint not saved at epoch 1924000, loss did not improve.
1924000 2.1898653507232666 0.061259124 0.06533099
Checkpoint not saved at epoch 1925000, loss did not improve.
1925000 2.0312695503234863 0.060118522 0.06178553
Checkpoint not saved at epoch 1926000, loss did not improve.
1926000 2.6663858890533447 0.06434979 0.067148246
Checkpoint not saved at epoch 1927000, loss did not improve.
1927000 2.0440220832824707 0.060212653 0.06091415
Checkpoint not saved at epoch 1928000, loss did not improve.
1928000 2.609145402908325 0.06400162 0.06990424
Checkpoint not saved at epoch 1929000, loss did not improve.
1929000 2.0189671516418457 0.060027294 0.06296282
Checkpoint not saved at epoch 1930000, loss did not improve.
1930000 2.0611491203308105 0.060338397 0.06532974
Checkpoint not saved at epoch 1931000, loss did not improve.
1931000 2.416184663772583 0.062783994 0.060398065
Saving checkpoint at epoch 1932000 with improved loss: 1.9862838983535767
Model checkpoint saved at epoch 1932000, batch 1
1932000 1.9944336414337158 0.0598441 0.06403745
Checkpoint not saved at epoch 1933000, loss did not improve.
1933000 1.991355061531067 0.05982099 0.06350596
Checkpoint not saved at epoch 1934000, loss did not improve.
1934000 2.3569681644439697 0.06239572 0.06609226
Checkpoint not saved at epoch 1935000, loss did not improve.
1935000 1.99925696849823 0.05988025 0.062621996
Checkpoint not saved at epoch 1936000, loss did not improve.
1936000 2.283184289932251 0.061901573 0.06083474
Checkpoint not saved at epoch 1937000, loss did not improve.
1937000 1.9988653659820557 0.059877314 0.06259156
Checkpoint not saved at epoch 1938000, loss did not improve.
1938000 2.1393649578094482 0.060902853 0.066424616
Checkpoint not saved at epoch 1939000, loss did not improve.
1939000 1.9974688291549683 0.059866853 0.06285988
Checkpoint not saved at epoch 1940000, loss did not improve.
1940000 2.243316650390625 0.06162956 0.063964516
Checkpoint not saved at epoch 1941000, loss did not improve.
1941000 2.265650987625122 0.061782382 0.06387747
Checkpoint not saved at epoch 1942000, loss did not improve.
1942000 2.0405521392822266 0.06018709 0.063260034
Checkpoint not saved at epoch 1943000, loss did not improve.
1943000 2.001152276992798 0.05989443 0.06202416
Checkpoint not saved at epoch 1944000, loss did not improve.
1944000 2.8586905002593994 0.065479934 0.061435487
Checkpoint not saved at epoch 1945000, loss did not improve.
1945000 2.1838557720184326 0.06121705 0.06132331
Checkpoint not saved at epoch 1946000, loss did not improve.
1946000 2.192750930786133 0.06127929 0.06717468
Checkpoint not saved at epoch 1947000, loss did not improve.
1947000 2.092349052429199 0.06056545 0.061796367
Checkpoint not saved at epoch 1948000, loss did not improve.
1948000 2.506314992904663 0.06336149 0.061666448
Checkpoint not saved at epoch 1949000, loss did not improve.
1949000 2.180371046066284 0.06119262 0.06667955
Checkpoint not saved at epoch 1950000, loss did not improve.
1950000 2.107426881790161 0.060674265 0.062447816
Checkpoint not saved at epoch 1951000, loss did not improve.
1951000 2.0087082386016846 0.05995089 0.06365065
Checkpoint not saved at epoch 1952000, loss did not improve.
1952000 2.019742488861084 0.06003305 0.06274197
Checkpoint not saved at epoch 1953000, loss did not improve.
1953000 3.3896067142486572 0.06832879 0.06484804
Checkpoint not saved at epoch 1954000, loss did not improve.
1954000 2.054631233215332 0.060290642 0.062029596
Checkpoint not saved at epoch 1955000, loss did not improve.
1955000 2.0041821002960205 0.059917092 0.06343335
Checkpoint not saved at epoch 1956000, loss did not improve.
1956000 2.3376967906951904 0.06226779 0.060134854
Checkpoint not saved at epoch 1957000, loss did not improve.
1957000 1.9820950031280518 0.059751324 0.062965974
Checkpoint not saved at epoch 1958000, loss did not improve.
1958000 2.2827532291412354 0.06189865 0.06766031
Checkpoint not saved at epoch 1959000, loss did not improve.
1959000 2.1098062992095947 0.060691383 0.061447587
Checkpoint not saved at epoch 1960000, loss did not improve.
1960000 2.3109095096588135 0.062088642 0.06607947
Checkpoint not saved at epoch 1961000, loss did not improve.
1961000 2.059490203857422 0.060326256 0.06021651
Checkpoint not saved at epoch 1962000, loss did not improve.
1962000 2.381225347518921 0.062555656 0.062167246
Checkpoint not saved at epoch 1963000, loss did not improve.
1963000 2.0968539714813232 0.060598027 0.06406651
Checkpoint not saved at epoch 1964000, loss did not improve.
1964000 2.0130739212036133 0.059983436 0.061813775
Checkpoint not saved at epoch 1965000, loss did not improve.
1965000 2.0030484199523926 0.059908617 0.0628001
Checkpoint not saved at epoch 1966000, loss did not improve.
1966000 2.2583720684051514 0.061732702 0.060449045
Checkpoint not saved at epoch 1967000, loss did not improve.
1967000 2.0499861240386963 0.06025653 0.06457023
Checkpoint not saved at epoch 1968000, loss did not improve.
1968000 2.174271821975708 0.061149776 0.0664478
Checkpoint not saved at epoch 1969000, loss did not improve.
1969000 2.1123342514038086 0.06070956 0.06170168
Checkpoint not saved at epoch 1970000, loss did not improve.
1970000 2.3489720821380615 0.062342737 0.06225574
Checkpoint not saved at epoch 1971000, loss did not improve.
1971000 2.0530929565429688 0.06027935 0.06323046
Checkpoint not saved at epoch 1972000, loss did not improve.
1972000 2.1653449535369873 0.061086915 0.06432975
Checkpoint not saved at epoch 1973000, loss did not improve.
1973000 2.4486489295959473 0.06299384 0.069068246
Checkpoint not saved at epoch 1974000, loss did not improve.
1974000 2.711951971054077 0.064622976 0.07146057
Checkpoint not saved at epoch 1975000, loss did not improve.
1975000 2.1066982746124268 0.060669024 0.06338589
Checkpoint not saved at epoch 1976000, loss did not improve.
1976000 2.0147526264190674 0.05999594 0.062491704
Checkpoint not saved at epoch 1977000, loss did not improve.
1977000 2.0284507274627686 0.060097653 0.061305508
Checkpoint not saved at epoch 1978000, loss did not improve.
1978000 1.989843726158142 0.05980964 0.060591213
Checkpoint not saved at epoch 1979000, loss did not improve.
1979000 2.0172531604766846 0.060014542 0.061534204
Checkpoint not saved at epoch 1980000, loss did not improve.
1980000 2.0225324630737305 0.060053773 0.060193274
Checkpoint not saved at epoch 1981000, loss did not improve.
1981000 2.1555824279785156 0.06101794 0.064335026
Checkpoint not saved at epoch 1982000, loss did not improve.
1982000 2.1486120223999023 0.06096856 0.061130654
Checkpoint not saved at epoch 1983000, loss did not improve.
1983000 2.080073595046997 0.060476422 0.06613898
Checkpoint not saved at epoch 1984000, loss did not improve.
1984000 2.101249933242798 0.06062976 0.060458314
Checkpoint not saved at epoch 1985000, loss did not improve.
1985000 2.187412977218628 0.061241962 0.06257614
Checkpoint not saved at epoch 1986000, loss did not improve.
1986000 2.1189959049224854 0.060757373 0.06569044
Checkpoint not saved at epoch 1987000, loss did not improve.
1987000 2.4421160221099854 0.06295178 0.06465079
Checkpoint not saved at epoch 1988000, loss did not improve.
1988000 2.0857269763946533 0.06051747 0.06095253
Checkpoint not saved at epoch 1989000, loss did not improve.
1989000 2.761418342590332 0.06491566 0.065492734
Checkpoint not saved at epoch 1990000, loss did not improve.
1990000 2.269646644592285 0.06180961 0.06338674
Saving checkpoint at epoch 1991000 with improved loss: 1.979305386543274
Model checkpoint saved at epoch 1991000, batch 1
1991000 1.9828271865844727 0.05975684 0.061373048
Checkpoint not saved at epoch 1992000, loss did not improve.
1992000 2.013017416000366 0.059983023 0.060853317
Checkpoint not saved at epoch 1993000, loss did not improve.
1993000 1.9818639755249023 0.059749585 0.06107566
Checkpoint not saved at epoch 1994000, loss did not improve.
1994000 2.0165035724639893 0.060008965 0.06214841
Checkpoint not saved at epoch 1995000, loss did not improve.
1995000 2.409994602203369 0.062743746 0.06825873
Checkpoint not saved at epoch 1996000, loss did not improve.
1996000 2.0935757160186768 0.060574327 0.06356435
Checkpoint not saved at epoch 1997000, loss did not improve.
1997000 2.189932107925415 0.06125959 0.077688634
Checkpoint not saved at epoch 1998000, loss did not improve.
1998000 2.200855016708374 0.061335832 0.06553736
Checkpoint not saved at epoch 1999000, loss did not improve.
1999000 2.071798801422119 0.06041619 0.061517663
Checkpoint not saved at epoch 2000000, loss did not improve.
2000000 2.215070962905884 0.06143464 0.060629345
Checkpoint not saved at epoch 2001000, loss did not improve.
2001000 2.02531361579895 0.060074408 0.06418878
Checkpoint not saved at epoch 2002000, loss did not improve.
2002000 2.095438241958618 0.060587794 0.06449416
Checkpoint not saved at epoch 2003000, loss did not improve.
2003000 2.0576140880584717 0.06031251 0.061357614
Checkpoint not saved at epoch 2004000, loss did not improve.
2004000 2.1964032649993896 0.061304793 0.066772506
Saving checkpoint at epoch 2005000 with improved loss: 1.9547284841537476
Model checkpoint saved at epoch 2005000, batch 1
2005000 1.96621572971344 0.05963129 0.061371017
Checkpoint not saved at epoch 2006000, loss did not improve.
2006000 2.1117918491363525 0.06070566 0.06103203
Checkpoint not saved at epoch 2007000, loss did not improve.
2007000 2.7422471046447754 0.0648027 0.06794416
Checkpoint not saved at epoch 2008000, loss did not improve.
2008000 2.0557658672332764 0.06029896 0.064539336
Checkpoint not saved at epoch 2009000, loss did not improve.
2009000 2.2168424129486084 0.06144692 0.0597846
Checkpoint not saved at epoch 2010000, loss did not improve.
2010000 2.1803157329559326 0.061192226 0.06494295
Checkpoint not saved at epoch 2011000, loss did not improve.
2011000 2.1570093631744385 0.06102804 0.059935287
Checkpoint not saved at epoch 2012000, loss did not improve.
2012000 2.108788251876831 0.060684063 0.06456017
Checkpoint not saved at epoch 2013000, loss did not improve.
2013000 2.335428237915039 0.06225268 0.065584704
Checkpoint not saved at epoch 2014000, loss did not improve.
2014000 2.438215494155884 0.06292663 0.060822986
Checkpoint not saved at epoch 2015000, loss did not improve.
2015000 2.0566186904907227 0.06030521 0.061075713
Checkpoint not saved at epoch 2016000, loss did not improve.
2016000 2.1485819816589355 0.060968343 0.0599938
Checkpoint not saved at epoch 2017000, loss did not improve.
2017000 2.146341323852539 0.060952444 0.063723065
Checkpoint not saved at epoch 2018000, loss did not improve.
2018000 2.222566843032837 0.06148655 0.062457707
Checkpoint not saved at epoch 2019000, loss did not improve.
2019000 2.1297929286956787 0.060834616 0.06348796
Checkpoint not saved at epoch 2020000, loss did not improve.
2020000 2.076291561126709 0.060448915 0.06347334
Saving checkpoint at epoch 2021000 with improved loss: 1.9485816955566406
Model checkpoint saved at epoch 2021000, batch 1
2021000 1.9616138935089111 0.059596367 0.060438782
Checkpoint not saved at epoch 2022000, loss did not improve.
2022000 2.926038980484009 0.06586223 0.062814884
Checkpoint not saved at epoch 2023000, loss did not improve.
2023000 2.3886940479278564 0.06260464 0.067598775
Checkpoint not saved at epoch 2024000, loss did not improve.
2024000 1.9569745063781738 0.059561096 0.06174831
Checkpoint not saved at epoch 2025000, loss did not improve.
2025000 2.048017740249634 0.060242057 0.060369942
Checkpoint not saved at epoch 2026000, loss did not improve.
2026000 2.330379009246826 0.062219 0.06430137
Checkpoint not saved at epoch 2027000, loss did not improve.
2027000 1.9570547342300415 0.05956171 0.0622585
Checkpoint not saved at epoch 2028000, loss did not improve.
2028000 1.975757360458374 0.059703507 0.06273361
Checkpoint not saved at epoch 2029000, loss did not improve.
2029000 1.938984990119934 0.059423745 0.06234021
Checkpoint not saved at epoch 2030000, loss did not improve.
2030000 2.1319386959075928 0.060849927 0.06550073
Checkpoint not saved at epoch 2031000, loss did not improve.
2031000 2.56541109085083 0.063731715 0.0673055
Checkpoint not saved at epoch 2032000, loss did not improve.
2032000 1.9816356897354126 0.059747867 0.0655972
Checkpoint not saved at epoch 2033000, loss did not improve.
2033000 2.0635948181152344 0.06035629 0.06018381
Checkpoint not saved at epoch 2034000, loss did not improve.
2034000 2.168253183364868 0.061107416 0.060891457
Checkpoint not saved at epoch 2035000, loss did not improve.
2035000 2.0022571086883545 0.059902698 0.062589124
Checkpoint not saved at epoch 2036000, loss did not improve.
2036000 2.017390727996826 0.060015567 0.061786614
Checkpoint not saved at epoch 2037000, loss did not improve.
2037000 2.5168118476867676 0.063427724 0.06796872
Checkpoint not saved at epoch 2038000, loss did not improve.
2038000 2.0193490982055664 0.060030125 0.06118802
Checkpoint not saved at epoch 2039000, loss did not improve.
2039000 1.9900869131088257 0.05981146 0.061209153
Checkpoint not saved at epoch 2040000, loss did not improve.
2040000 2.2262375354766846 0.061511923 0.06697189
Checkpoint not saved at epoch 2041000, loss did not improve.
2041000 1.9541510343551636 0.059539605 0.06302298
Checkpoint not saved at epoch 2042000, loss did not improve.
2042000 2.0687592029571533 0.060394015 0.060952645
Checkpoint not saved at epoch 2043000, loss did not improve.
2043000 2.7985169887542725 0.0651326 0.061985604
Checkpoint not saved at epoch 2044000, loss did not improve.
2044000 2.1288845539093018 0.060828127 0.061724357
Checkpoint not saved at epoch 2045000, loss did not improve.
2045000 2.039353370666504 0.060178246 0.06394064
Checkpoint not saved at epoch 2046000, loss did not improve.
2046000 2.271125316619873 0.06181967 0.06766507
Checkpoint not saved at epoch 2047000, loss did not improve.
2047000 2.450503349304199 0.06300575 0.066792056
Checkpoint not saved at epoch 2048000, loss did not improve.
2048000 2.2207722663879395 0.061474133 0.064779386
Checkpoint not saved at epoch 2049000, loss did not improve.
2049000 2.0182154178619385 0.060021702 0.06424299
Checkpoint not saved at epoch 2050000, loss did not improve.
2050000 2.197026014328003 0.06130914 0.06571372
Checkpoint not saved at epoch 2051000, loss did not improve.
2051000 2.11686110496521 0.06074206 0.06047397
Checkpoint not saved at epoch 2052000, loss did not improve.
2052000 3.1635913848876953 0.06716013 0.062290497
Checkpoint not saved at epoch 2053000, loss did not improve.
2053000 2.1419498920440674 0.060921244 0.06448448
Saving checkpoint at epoch 2054000 with improved loss: 1.9334872961044312
Model checkpoint saved at epoch 2054000, batch 1
2054000 1.9334074258804321 0.059380963 0.062038634
Checkpoint not saved at epoch 2055000, loss did not improve.
2055000 2.2576167583465576 0.06172754 0.060932875
Checkpoint not saved at epoch 2056000, loss did not improve.
2056000 2.01466703414917 0.0599953 0.062359214
Checkpoint not saved at epoch 2057000, loss did not improve.
2057000 1.9267774820327759 0.059329998 0.06387353
Checkpoint not saved at epoch 2058000, loss did not improve.
2058000 1.9364993572235107 0.05940469 0.06262845
Checkpoint not saved at epoch 2059000, loss did not improve.
2059000 2.109260082244873 0.060687456 0.062212043
Checkpoint not saved at epoch 2060000, loss did not improve.
2060000 2.8837223052978516 0.0656228 0.0653291
Checkpoint not saved at epoch 2061000, loss did not improve.
2061000 1.9839980602264404 0.05976566 0.06151918
Checkpoint not saved at epoch 2062000, loss did not improve.
2062000 2.1764230728149414 0.061164897 0.06340851
Checkpoint not saved at epoch 2063000, loss did not improve.
2063000 3.1816208362579346 0.06725561 0.07494625
Checkpoint not saved at epoch 2064000, loss did not improve.
2064000 2.0359134674072266 0.060152855 0.064783685
Checkpoint not saved at epoch 2065000, loss did not improve.
2065000 1.9362635612487793 0.05940289 0.062210698
Checkpoint not saved at epoch 2066000, loss did not improve.
2066000 1.9991400241851807 0.059879374 0.06349452
Saving checkpoint at epoch 2067000 with improved loss: 1.913071870803833
Model checkpoint saved at epoch 2067000, batch 1
2067000 1.9259355068206787 0.059323516 0.06219717
Checkpoint not saved at epoch 2068000, loss did not improve.
2068000 1.936996340751648 0.0594085 0.06485854
Checkpoint not saved at epoch 2069000, loss did not improve.
2069000 1.9676785469055176 0.059642382 0.062109638
Checkpoint not saved at epoch 2070000, loss did not improve.
2070000 2.1576876640319824 0.061032835 0.065173455
Checkpoint not saved at epoch 2071000, loss did not improve.
2071000 2.116351842880249 0.060738407 0.06480616
Checkpoint not saved at epoch 2072000, loss did not improve.
2072000 2.3707163333892822 0.06248652 0.06304543
Checkpoint not saved at epoch 2073000, loss did not improve.
2073000 2.037987470626831 0.06016817 0.060565233
Checkpoint not saved at epoch 2074000, loss did not improve.
2074000 2.0879440307617188 0.060533546 0.06070077
Checkpoint not saved at epoch 2075000, loss did not improve.
2075000 2.2657973766326904 0.061783385 0.063115895
Checkpoint not saved at epoch 2076000, loss did not improve.
2076000 2.2733302116394043 0.06183467 0.06295443
Checkpoint not saved at epoch 2077000, loss did not improve.
2077000 1.926404356956482 0.05932712 0.06149255
Saving checkpoint at epoch 2078000 with improved loss: 1.9095205068588257
Model checkpoint saved at epoch 2078000, batch 1
2078000 1.9044121503829956 0.059157066 0.060765576
Checkpoint not saved at epoch 2079000, loss did not improve.
2079000 2.0205419063568115 0.06003899 0.060451183
Checkpoint not saved at epoch 2080000, loss did not improve.
2080000 2.6787288188934326 0.064424135 0.063886024
Checkpoint not saved at epoch 2081000, loss did not improve.
2081000 1.999569296836853 0.059882585 0.06368448
Checkpoint not saved at epoch 2082000, loss did not improve.
2082000 2.117605447769165 0.0607474 0.06300447
Checkpoint not saved at epoch 2083000, loss did not improve.
2083000 2.043107509613037 0.060205925 0.060435306
Saving checkpoint at epoch 2084000 with improved loss: 1.9023436307907104
Model checkpoint saved at epoch 2084000, batch 1
2084000 1.908564805984497 0.05918929 0.060982853
Checkpoint not saved at epoch 2085000, loss did not improve.
2085000 1.9054491519927979 0.05916512 0.060233347
Checkpoint not saved at epoch 2086000, loss did not improve.
2086000 1.944402813911438 0.059465215 0.06276555
Checkpoint not saved at epoch 2087000, loss did not improve.
2087000 1.9108631610870361 0.059207104 0.060732797
Checkpoint not saved at epoch 2088000, loss did not improve.
2088000 2.886289596557617 0.0656374 0.06764464
Checkpoint not saved at epoch 2089000, loss did not improve.
2089000 1.9017772674560547 0.0591366 0.059986245
Checkpoint not saved at epoch 2090000, loss did not improve.
2090000 2.1592140197753906 0.061043628 0.05985227
Checkpoint not saved at epoch 2091000, loss did not improve.
2091000 1.9825431108474731 0.0597547 0.06049229
Checkpoint not saved at epoch 2092000, loss did not improve.
2092000 1.9989924430847168 0.05987826 0.060170487
Checkpoint not saved at epoch 2093000, loss did not improve.
2093000 1.9970903396606445 0.059864014 0.06246922
Checkpoint not saved at epoch 2094000, loss did not improve.
2094000 1.9746907949447632 0.059695445 0.059357826
Checkpoint not saved at epoch 2095000, loss did not improve.
2095000 2.000584840774536 0.059890185 0.06218349
Checkpoint not saved at epoch 2096000, loss did not improve.
2096000 1.9277790784835815 0.0593377 0.061991375
Checkpoint not saved at epoch 2097000, loss did not improve.
2097000 3.0110034942626953 0.06633522 0.06603956
Checkpoint not saved at epoch 2098000, loss did not improve.
2098000 2.159132719039917 0.061043058 0.06324744
Checkpoint not saved at epoch 2099000, loss did not improve.
2099000 2.5448296070098877 0.063603505 0.066612884
Checkpoint not saved at epoch 2100000, loss did not improve.
2100000 2.2200911045074463 0.06146942 0.06017316
Checkpoint not saved at epoch 2101000, loss did not improve.
2101000 2.2818703651428223 0.061892662 0.065219745
Checkpoint not saved at epoch 2102000, loss did not improve.
2102000 1.9870396852493286 0.05978856 0.06346207
Checkpoint not saved at epoch 2103000, loss did not improve.
2103000 2.141298294067383 0.060916614 0.058777303
Checkpoint not saved at epoch 2104000, loss did not improve.
2104000 1.920657992362976 0.05928283 0.060960405
Checkpoint not saved at epoch 2105000, loss did not improve.
2105000 1.9938592910766602 0.059839785 0.05931542
Checkpoint not saved at epoch 2106000, loss did not improve.
2106000 2.690530300140381 0.06449498 0.06313174
Checkpoint not saved at epoch 2107000, loss did not improve.
2107000 1.9157346487045288 0.059244804 0.060208708
Checkpoint not saved at epoch 2108000, loss did not improve.
2108000 2.0922257900238037 0.06056456 0.060581762
Checkpoint not saved at epoch 2109000, loss did not improve.
2109000 1.8979662656784058 0.05910695 0.06072349
Checkpoint not saved at epoch 2110000, loss did not improve.
2110000 1.9094927310943604 0.05919649 0.06005771
Saving checkpoint at epoch 2111000 with improved loss: 1.8863791227340698
Model checkpoint saved at epoch 2111000, batch 1
2111000 1.9035282135009766 0.059150204 0.059827257
Checkpoint not saved at epoch 2112000, loss did not improve.
2112000 1.9489775896072388 0.05950016 0.06183823
Checkpoint not saved at epoch 2113000, loss did not improve.
2113000 1.8870114088058472 0.059021477 0.060970552
Checkpoint not saved at epoch 2114000, loss did not improve.
2114000 1.9578197002410889 0.059567533 0.060905628
Checkpoint not saved at epoch 2115000, loss did not improve.
2115000 1.9228136539459229 0.05929946 0.061876677
Checkpoint not saved at epoch 2116000, loss did not improve.
2116000 1.8908413648605347 0.059051402 0.061026823
Checkpoint not saved at epoch 2117000, loss did not improve.
2117000 2.138745069503784 0.060898438 0.059852242
Checkpoint not saved at epoch 2118000, loss did not improve.
2118000 1.8966091871261597 0.059096377 0.062276095
Checkpoint not saved at epoch 2119000, loss did not improve.
2119000 1.9085254669189453 0.059188988 0.05991318
Checkpoint not saved at epoch 2120000, loss did not improve.
2120000 2.0414042472839355 0.06019337 0.060766175
Checkpoint not saved at epoch 2121000, loss did not improve.
2121000 2.1429903507232666 0.060928635 0.06338647
Checkpoint not saved at epoch 2122000, loss did not improve.
2122000 2.375638246536255 0.06251893 0.061287463
Checkpoint not saved at epoch 2123000, loss did not improve.
2123000 1.9409642219543457 0.059438907 0.062674314
Checkpoint not saved at epoch 2124000, loss did not improve.
2124000 2.7262866497039795 0.064708196 0.072138555
Checkpoint not saved at epoch 2125000, loss did not improve.
2125000 1.9157416820526123 0.059244856 0.060926087
Checkpoint not saved at epoch 2126000, loss did not improve.
2126000 1.9313186407089233 0.05936492 0.060298357
Checkpoint not saved at epoch 2127000, loss did not improve.
2127000 2.0054593086242676 0.059926633 0.060558442
Checkpoint not saved at epoch 2128000, loss did not improve.
2128000 2.3244826793670654 0.062179614 0.05932905
Checkpoint not saved at epoch 2129000, loss did not improve.
2129000 2.0837011337280273 0.06050277 0.064217515
Checkpoint not saved at epoch 2130000, loss did not improve.
2130000 2.4798572063446045 0.063193604 0.060862955
Checkpoint not saved at epoch 2131000, loss did not improve.
2131000 1.9246073961257935 0.059313286 0.061181273
Checkpoint not saved at epoch 2132000, loss did not improve.
2132000 1.964247703552246 0.059616365 0.06119249
Checkpoint not saved at epoch 2133000, loss did not improve.
2133000 2.008702516555786 0.059950847 0.05965393
Checkpoint not saved at epoch 2134000, loss did not improve.
2134000 1.8933608531951904 0.059071057 0.060820196
Checkpoint not saved at epoch 2135000, loss did not improve.
2135000 2.296903610229492 0.061994348 0.06430176
Checkpoint not saved at epoch 2136000, loss did not improve.
2136000 1.8851968050003052 0.05900728 0.06101666
Checkpoint not saved at epoch 2137000, loss did not improve.
2137000 2.0374016761779785 0.06016384 0.06371485
Checkpoint not saved at epoch 2138000, loss did not improve.
2138000 1.9555004835128784 0.059549883 0.06054673
Checkpoint not saved at epoch 2139000, loss did not improve.
2139000 1.8860715627670288 0.059014123 0.060227476
Checkpoint not saved at epoch 2140000, loss did not improve.
2140000 2.4430651664733887 0.06295789 0.061299965
Checkpoint not saved at epoch 2141000, loss did not improve.
2141000 2.5047457218170166 0.06335156 0.066751845
Checkpoint not saved at epoch 2142000, loss did not improve.
2142000 2.1851072311401367 0.061225817 0.060241
Checkpoint not saved at epoch 2143000, loss did not improve.
2143000 1.954332947731018 0.05954099 0.062811196
Checkpoint not saved at epoch 2144000, loss did not improve.
2144000 2.245349407196045 0.06164352 0.060289994
Checkpoint not saved at epoch 2145000, loss did not improve.
2145000 5.035488128662109 0.075435676 0.08374173
Checkpoint not saved at epoch 2146000, loss did not improve.
2146000 1.941652774810791 0.059444178 0.05921662
Checkpoint not saved at epoch 2147000, loss did not improve.
2147000 1.9617489576339722 0.0595974 0.062239747
Checkpoint not saved at epoch 2148000, loss did not improve.
2148000 2.1586711406707764 0.061039794 0.06051056
Checkpoint not saved at epoch 2149000, loss did not improve.
2149000 1.898420810699463 0.05911049 0.059591725
Checkpoint not saved at epoch 2150000, loss did not improve.
2150000 2.1636102199554443 0.061074674 0.061565332
Checkpoint not saved at epoch 2151000, loss did not improve.
2151000 2.2565743923187256 0.061720412 0.059756994
Checkpoint not saved at epoch 2152000, loss did not improve.
2152000 2.00431752204895 0.059918106 0.060326524
Checkpoint not saved at epoch 2153000, loss did not improve.
2153000 2.037104606628418 0.060161654 0.059717532
Checkpoint not saved at epoch 2154000, loss did not improve.
2154000 1.9437189102172852 0.059459988 0.059073623
Saving checkpoint at epoch 2155000 with improved loss: 1.873435139656067
Model checkpoint saved at epoch 2155000, batch 1
2155000 1.9308704137802124 0.05936148 0.059071053
Checkpoint not saved at epoch 2156000, loss did not improve.
2156000 1.9100059270858765 0.059200466 0.05901513
Checkpoint not saved at epoch 2157000, loss did not improve.
2157000 2.1584725379943848 0.061038386 0.062304992
Checkpoint not saved at epoch 2158000, loss did not improve.
2158000 2.396256923675537 0.06265414 0.0627267
Saving checkpoint at epoch 2159000 with improved loss: 1.8369216918945312
Model checkpoint saved at epoch 2159000, batch 1
2159000 1.8878893852233887 0.059028335 0.06121652
Checkpoint not saved at epoch 2160000, loss did not improve.
2160000 2.8173463344573975 0.06524188 0.06851777
Checkpoint not saved at epoch 2161000, loss did not improve.
2161000 2.0194623470306396 0.060030974 0.059163988
Checkpoint not saved at epoch 2162000, loss did not improve.
2162000 2.041912078857422 0.060197115 0.061896365
Checkpoint not saved at epoch 2163000, loss did not improve.
2163000 2.3689703941345215 0.06247501 0.06323342
Checkpoint not saved at epoch 2164000, loss did not improve.
2164000 1.8944299221038818 0.059079394 0.05985432
Checkpoint not saved at epoch 2165000, loss did not improve.
2165000 1.9722427129745483 0.059676938 0.06044648
Checkpoint not saved at epoch 2166000, loss did not improve.
2166000 2.122880220413208 0.060785193 0.06190151
Checkpoint not saved at epoch 2167000, loss did not improve.
2167000 1.8549174070358276 0.058768902 0.058818564
Checkpoint not saved at epoch 2168000, loss did not improve.
2168000 1.8697501420974731 0.058886033 0.059361134
Checkpoint not saved at epoch 2169000, loss did not improve.
2169000 2.1061222553253174 0.060664877 0.05995464
Checkpoint not saved at epoch 2170000, loss did not improve.
2170000 1.89833664894104 0.059109833 0.059210278
Checkpoint not saved at epoch 2171000, loss did not improve.
2171000 2.351945638656616 0.06236246 0.059482623
Checkpoint not saved at epoch 2172000, loss did not improve.
2172000 1.8731908798217773 0.058913108 0.058579624
Checkpoint not saved at epoch 2173000, loss did not improve.
2173000 2.0072109699249268 0.05993972 0.05919978
Checkpoint not saved at epoch 2174000, loss did not improve.
2174000 1.913300633430481 0.059225976 0.05897328
Checkpoint not saved at epoch 2175000, loss did not improve.
2175000 1.9792275428771973 0.059729703 0.058901165
Checkpoint not saved at epoch 2176000, loss did not improve.
2176000 1.9581325054168701 0.059569906 0.061154414
Checkpoint not saved at epoch 2177000, loss did not improve.
2177000 2.016880750656128 0.06001177 0.061073393
Checkpoint not saved at epoch 2178000, loss did not improve.
2178000 2.1216940879821777 0.0607767 0.0624705
Checkpoint not saved at epoch 2179000, loss did not improve.
2179000 1.9674201011657715 0.05964042 0.06036704
Checkpoint not saved at epoch 2180000, loss did not improve.
2180000 1.8650951385498047 0.05884935 0.059703916
Checkpoint not saved at epoch 2181000, loss did not improve.
2181000 1.8482710123062134 0.058716185 0.059611626
Checkpoint not saved at epoch 2182000, loss did not improve.
2182000 2.2047557830810547 0.061362993 0.062941
Checkpoint not saved at epoch 2183000, loss did not improve.
2183000 2.305670738220215 0.06205342 0.06290863
Checkpoint not saved at epoch 2184000, loss did not improve.
2184000 1.8700244426727295 0.058888197 0.059765592
Checkpoint not saved at epoch 2185000, loss did not improve.
2185000 1.9906752109527588 0.059815884 0.0593101
Checkpoint not saved at epoch 2186000, loss did not improve.
2186000 2.026841402053833 0.060085736 0.059989914
Checkpoint not saved at epoch 2187000, loss did not improve.
2187000 1.91187584400177 0.059214946 0.059431147
Checkpoint not saved at epoch 2188000, loss did not improve.
2188000 2.0510811805725098 0.06026458 0.060910825
Checkpoint not saved at epoch 2189000, loss did not improve.
2189000 1.8407665491104126 0.0586565 0.05914518
Checkpoint not saved at epoch 2190000, loss did not improve.
2190000 1.8855435848236084 0.059009995 0.059994753
Checkpoint not saved at epoch 2191000, loss did not improve.
2191000 2.324244499206543 0.062178016 0.06342715
Checkpoint not saved at epoch 2192000, loss did not improve.
2192000 1.9097380638122559 0.059198387 0.060599018
Checkpoint not saved at epoch 2193000, loss did not improve.
2193000 1.8514552116394043 0.058741458 0.059440482
Checkpoint not saved at epoch 2194000, loss did not improve.
2194000 2.0033249855041504 0.05991068 0.059613943
Checkpoint not saved at epoch 2195000, loss did not improve.
2195000 1.9402568340301514 0.05943349 0.059962243
Checkpoint not saved at epoch 2196000, loss did not improve.
2196000 1.9278013706207275 0.059337873 0.05887983
Checkpoint not saved at epoch 2197000, loss did not improve.
2197000 2.00117564201355 0.059894603 0.060589746
Checkpoint not saved at epoch 2198000, loss did not improve.
2198000 2.0768611431121826 0.060453057 0.059754957
Checkpoint not saved at epoch 2199000, loss did not improve.
2199000 1.9171905517578125 0.059256054 0.05939419
Checkpoint not saved at epoch 2200000, loss did not improve.
2200000 1.8441144227981567 0.058683146 0.060082402
Checkpoint not saved at epoch 2201000, loss did not improve.
2201000 2.348253011703491 0.06233797 0.0617506
Checkpoint not saved at epoch 2202000, loss did not improve.
2202000 2.0136966705322266 0.059988078 0.059837118
Checkpoint not saved at epoch 2203000, loss did not improve.
2203000 1.9015820026397705 0.05913508 0.061135873
Checkpoint not saved at epoch 2204000, loss did not improve.
2204000 2.2973175048828125 0.06199714 0.06086908
Checkpoint not saved at epoch 2205000, loss did not improve.
2205000 1.9267150163650513 0.059329517 0.05929253
Checkpoint not saved at epoch 2206000, loss did not improve.
2206000 2.1519763469696045 0.060992412 0.05937333
Checkpoint not saved at epoch 2207000, loss did not improve.
2207000 2.3330447673797607 0.062236786 0.0662863
Checkpoint not saved at epoch 2208000, loss did not improve.
2208000 2.377169370651245 0.062529 0.06597911
Saving checkpoint at epoch 2209000 with improved loss: 1.8239870071411133
Model checkpoint saved at epoch 2209000, batch 1
2209000 1.820353388786316 0.058493197 0.05930201
Checkpoint not saved at epoch 2210000, loss did not improve.
2210000 1.8686884641647339 0.058877677 0.059146665
Checkpoint not saved at epoch 2211000, loss did not improve.
2211000 2.006856679916382 0.05993707 0.059378836
Checkpoint not saved at epoch 2212000, loss did not improve.
2212000 2.027409076690674 0.060089942 0.058644164
Checkpoint not saved at epoch 2213000, loss did not improve.
2213000 1.9714759588241577 0.059671134 0.05970582
Checkpoint not saved at epoch 2214000, loss did not improve.
2214000 1.8413304090499878 0.058660984 0.058855727
Checkpoint not saved at epoch 2215000, loss did not improve.
2215000 1.8686308860778809 0.058877222 0.05911754
Checkpoint not saved at epoch 2216000, loss did not improve.
2216000 1.9096091985702515 0.059197385 0.058366295
Checkpoint not saved at epoch 2217000, loss did not improve.
2217000 1.9626097679138184 0.059603937 0.06028889
Checkpoint not saved at epoch 2218000, loss did not improve.
2218000 1.9571812152862549 0.059562672 0.05932497
Checkpoint not saved at epoch 2219000, loss did not improve.
2219000 2.0125153064727783 0.05997928 0.061768185
Checkpoint not saved at epoch 2220000, loss did not improve.
2220000 1.8612377643585205 0.058818895 0.05962649
Checkpoint not saved at epoch 2221000, loss did not improve.
2221000 2.0609829425811768 0.060337182 0.05887133
Checkpoint not saved at epoch 2222000, loss did not improve.
2222000 1.944286584854126 0.059464324 0.059222322
Checkpoint not saved at epoch 2223000, loss did not improve.
2223000 1.9568198919296265 0.059559926 0.062097754
Checkpoint not saved at epoch 2224000, loss did not improve.
2224000 1.8656257390975952 0.058853537 0.05960231
Checkpoint not saved at epoch 2225000, loss did not improve.
2225000 2.1919803619384766 0.06127391 0.05982502
Checkpoint not saved at epoch 2226000, loss did not improve.
2226000 1.9407484531402588 0.059437253 0.059120502
Checkpoint not saved at epoch 2227000, loss did not improve.
2227000 2.006593704223633 0.059935108 0.059094466
Checkpoint not saved at epoch 2228000, loss did not improve.
2228000 1.8542927503585815 0.05876395 0.059333026
Checkpoint not saved at epoch 2229000, loss did not improve.
2229000 1.8151174783706665 0.058451086 0.059174825
Checkpoint not saved at epoch 2230000, loss did not improve.
2230000 1.8900855779647827 0.0590455 0.058867685
Checkpoint not saved at epoch 2231000, loss did not improve.
2231000 1.8376108407974243 0.058631342 0.05965925
Checkpoint not saved at epoch 2232000, loss did not improve.
2232000 1.8871675729751587 0.05902269 0.06102835
Checkpoint not saved at epoch 2233000, loss did not improve.
2233000 2.2138359546661377 0.061426077 0.06568117
Checkpoint not saved at epoch 2234000, loss did not improve.
2234000 2.0349104404449463 0.06014545 0.059384312
Checkpoint not saved at epoch 2235000, loss did not improve.
2235000 2.2026455402374268 0.061348308 0.062344804
Checkpoint not saved at epoch 2236000, loss did not improve.
2236000 1.8798640966415405 0.058965504 0.06837287
Checkpoint not saved at epoch 2237000, loss did not improve.
2237000 1.9230942726135254 0.059301622 0.06155035
Checkpoint not saved at epoch 2238000, loss did not improve.
2238000 1.9706194400787354 0.05966465 0.061686814
Checkpoint not saved at epoch 2239000, loss did not improve.
2239000 1.9031662940979004 0.059147395 0.060791537
Checkpoint not saved at epoch 2240000, loss did not improve.
2240000 2.099977731704712 0.060620587 0.06387182
Checkpoint not saved at epoch 2241000, loss did not improve.
2241000 1.9064784049987793 0.059173107 0.05987575
Checkpoint not saved at epoch 2242000, loss did not improve.
2242000 1.830797553062439 0.058576915 0.058725115
Saving checkpoint at epoch 2243000 with improved loss: 1.8226441144943237
Model checkpoint saved at epoch 2243000, batch 1
2243000 1.8535993099212646 0.05875846 0.06010464
Checkpoint not saved at epoch 2244000, loss did not improve.
2244000 1.9553024768829346 0.05954837 0.06096169
Checkpoint not saved at epoch 2245000, loss did not improve.
2245000 2.379154920578003 0.06254205 0.06394388
Checkpoint not saved at epoch 2246000, loss did not improve.
2246000 2.1143991947174072 0.06072439 0.059365373
Checkpoint not saved at epoch 2247000, loss did not improve.
2247000 1.875086784362793 0.05892801 0.060980227
Checkpoint not saved at epoch 2248000, loss did not improve.
2248000 1.904205322265625 0.05915546 0.062233448
Checkpoint not saved at epoch 2249000, loss did not improve.
2249000 2.0028464794158936 0.059907105 0.064084046
Checkpoint not saved at epoch 2250000, loss did not improve.
2250000 1.8325225114822388 0.05859071 0.06075794
Saving checkpoint at epoch 2251000 with improved loss: 1.8004345893859863
Model checkpoint saved at epoch 2251000, batch 1
2251000 1.805152177810669 0.058370695 0.060779106
Checkpoint not saved at epoch 2252000, loss did not improve.
2252000 1.9469364881515503 0.059484575 0.058714133
Checkpoint not saved at epoch 2253000, loss did not improve.
2253000 1.83432137966156 0.058605082 0.060847916
Checkpoint not saved at epoch 2254000, loss did not improve.
2254000 1.8148939609527588 0.05844929 0.059600897
Checkpoint not saved at epoch 2255000, loss did not improve.
2255000 1.9863903522491455 0.059783675 0.06415409
Checkpoint not saved at epoch 2256000, loss did not improve.
2256000 1.855360984802246 0.05877241 0.060743157
Checkpoint not saved at epoch 2257000, loss did not improve.
2257000 1.9612287282943726 0.059593443 0.0616884
Checkpoint not saved at epoch 2258000, loss did not improve.
2258000 1.8162024021148682 0.058459822 0.05995973
Checkpoint not saved at epoch 2259000, loss did not improve.
2259000 1.817740797996521 0.058472194 0.059489906
Checkpoint not saved at epoch 2260000, loss did not improve.
2260000 1.864517092704773 0.058844786 0.058993768
Checkpoint not saved at epoch 2261000, loss did not improve.
2261000 2.9852330684661865 0.066192836 0.06938637
Checkpoint not saved at epoch 2262000, loss did not improve.
2262000 1.985417127609253 0.059776343 0.059674475
Checkpoint not saved at epoch 2263000, loss did not improve.
2263000 1.927960991859436 0.059339102 0.059750333
Checkpoint not saved at epoch 2264000, loss did not improve.
2264000 2.4304168224334717 0.06287625 0.0621391
Checkpoint not saved at epoch 2265000, loss did not improve.
2265000 1.836364507675171 0.058621395 0.059691425
Checkpoint not saved at epoch 2266000, loss did not improve.
2266000 2.081693649291992 0.060488194 0.060229123
Checkpoint not saved at epoch 2267000, loss did not improve.
2267000 2.097952127456665 0.060605958 0.06079335
Checkpoint not saved at epoch 2268000, loss did not improve.
2268000 1.8807142972946167 0.058972176 0.058848068
Checkpoint not saved at epoch 2269000, loss did not improve.
2269000 2.1244399547576904 0.060796354 0.059395704
Checkpoint not saved at epoch 2270000, loss did not improve.
2270000 1.8520152568817139 0.0587459 0.05890487
Checkpoint not saved at epoch 2271000, loss did not improve.
2271000 1.793045997619629 0.058272585 0.059820313
Checkpoint not saved at epoch 2272000, loss did not improve.
2272000 1.9346309900283813 0.059390366 0.059985295
Checkpoint not saved at epoch 2273000, loss did not improve.
2273000 2.039090871810913 0.060176317 0.060375083
Checkpoint not saved at epoch 2274000, loss did not improve.
2274000 1.8015154600143433 0.058341276 0.059002906
Checkpoint not saved at epoch 2275000, loss did not improve.
2275000 1.8521809577941895 0.058747217 0.05851693
Checkpoint not saved at epoch 2276000, loss did not improve.
2276000 1.8151935338974 0.058451705 0.058464654
Checkpoint not saved at epoch 2277000, loss did not improve.
2277000 1.8579915761947632 0.058793236 0.05867956
Checkpoint not saved at epoch 2278000, loss did not improve.
2278000 1.9511319398880005 0.059516598 0.061616916
Checkpoint not saved at epoch 2279000, loss did not improve.
2279000 2.250077724456787 0.06167594 0.062407847
Checkpoint not saved at epoch 2280000, loss did not improve.
2280000 2.0641825199127197 0.060360584 0.06113516
Checkpoint not saved at epoch 2281000, loss did not improve.
2281000 1.9160168170928955 0.059246983 0.05843243
Checkpoint not saved at epoch 2282000, loss did not improve.
2282000 2.2550125122070312 0.06170973 0.059735402
Checkpoint not saved at epoch 2283000, loss did not improve.
2283000 1.8859922885894775 0.0590135 0.058196895
Checkpoint not saved at epoch 2284000, loss did not improve.
2284000 1.8442261219024658 0.058684036 0.0583952
Checkpoint not saved at epoch 2285000, loss did not improve.
2285000 1.8710311651229858 0.058896117 0.058560733
Checkpoint not saved at epoch 2286000, loss did not improve.
2286000 1.9213459491729736 0.05928814 0.05849059
Checkpoint not saved at epoch 2287000, loss did not improve.
2287000 1.9634730815887451 0.059610482 0.06057809
Checkpoint not saved at epoch 2288000, loss did not improve.
2288000 2.0737597942352295 0.060430482 0.058343343
Saving checkpoint at epoch 2289000 with improved loss: 1.7844284772872925
Model checkpoint saved at epoch 2289000, batch 1
2289000 1.7867485284805298 0.05822135 0.058998317
Checkpoint not saved at epoch 2290000, loss did not improve.
2290000 1.9508254528045654 0.059514258 0.060463004
Checkpoint not saved at epoch 2291000, loss did not improve.
2291000 1.8955235481262207 0.05908792 0.061912827
Checkpoint not saved at epoch 2292000, loss did not improve.
2292000 2.102386951446533 0.060637962 0.05893094
Checkpoint not saved at epoch 2293000, loss did not improve.
2293000 1.9409589767456055 0.059438866 0.0582513
Checkpoint not saved at epoch 2294000, loss did not improve.
2294000 2.0500996112823486 0.060257368 0.059907686
Checkpoint not saved at epoch 2295000, loss did not improve.
2295000 1.8804824352264404 0.05897035 0.06062224
Checkpoint not saved at epoch 2296000, loss did not improve.
2296000 2.002366781234741 0.059903517 0.061706822
Checkpoint not saved at epoch 2297000, loss did not improve.
2297000 1.8257783651351929 0.058536723 0.06011203
Checkpoint not saved at epoch 2298000, loss did not improve.
2298000 2.253237724304199 0.061697587 0.059019957
Checkpoint not saved at epoch 2299000, loss did not improve.
2299000 1.8926050662994385 0.059065167 0.059581604
Checkpoint not saved at epoch 2300000, loss did not improve.
2300000 2.2343037128448486 0.061567567 0.06191966
Checkpoint not saved at epoch 2301000, loss did not improve.
2301000 2.376757860183716 0.062526286 0.061252084
Checkpoint not saved at epoch 2302000, loss did not improve.
2302000 1.8437751531600952 0.05868045 0.059690244
Checkpoint not saved at epoch 2303000, loss did not improve.
2303000 2.037109136581421 0.060161684 0.05852299
Checkpoint not saved at epoch 2304000, loss did not improve.
2304000 1.8996704816818237 0.059120215 0.06198413
Checkpoint not saved at epoch 2305000, loss did not improve.
2305000 1.8529362678527832 0.058753204 0.06095393
Checkpoint not saved at epoch 2306000, loss did not improve.
2306000 1.8800396919250488 0.058966883 0.06270885
Checkpoint not saved at epoch 2307000, loss did not improve.
2307000 1.783891201019287 0.058198065 0.06025222
Checkpoint not saved at epoch 2308000, loss did not improve.
2308000 1.918508529663086 0.059266236 0.06266661
Checkpoint not saved at epoch 2309000, loss did not improve.
2309000 1.9777119159698486 0.059718266 0.05819992
Checkpoint not saved at epoch 2310000, loss did not improve.
2310000 1.8518245220184326 0.058744382 0.059360422
Checkpoint not saved at epoch 2311000, loss did not improve.
2311000 1.8031280040740967 0.058354326 0.059374288
Checkpoint not saved at epoch 2312000, loss did not improve.
2312000 2.038498640060425 0.060171943 0.06529239
Checkpoint not saved at epoch 2313000, loss did not improve.
2313000 2.020871639251709 0.060041443 0.06109514
Checkpoint not saved at epoch 2314000, loss did not improve.
2314000 1.9535586833953857 0.05953509 0.064823434
Checkpoint not saved at epoch 2315000, loss did not improve.
2315000 1.826343297958374 0.058541253 0.060245905
Checkpoint not saved at epoch 2316000, loss did not improve.
2316000 2.300063371658325 0.062015664 0.062798284
Checkpoint not saved at epoch 2317000, loss did not improve.
2317000 2.230448007583618 0.061540984 0.06420097
Checkpoint not saved at epoch 2318000, loss did not improve.
2318000 1.8035914897918701 0.058358077 0.058876734
Checkpoint not saved at epoch 2319000, loss did not improve.
2319000 1.9944791793823242 0.059844438 0.06202916
Checkpoint not saved at epoch 2320000, loss did not improve.
2320000 2.2364137172698975 0.061582096 0.059643127
Checkpoint not saved at epoch 2321000, loss did not improve.
2321000 2.0700297355651855 0.060403287 0.062049806
Checkpoint not saved at epoch 2322000, loss did not improve.
2322000 1.9089691638946533 0.059192427 0.059455864
Checkpoint not saved at epoch 2323000, loss did not improve.
2323000 1.9153610467910767 0.05924192 0.058253974
Checkpoint not saved at epoch 2324000, loss did not improve.
2324000 1.9141393899917603 0.059232462 0.057882864
Checkpoint not saved at epoch 2325000, loss did not improve.
2325000 1.802754282951355 0.058351304 0.057923973
Checkpoint not saved at epoch 2326000, loss did not improve.
2326000 2.3681445121765137 0.062469564 0.05947376
Checkpoint not saved at epoch 2327000, loss did not improve.
2327000 14.771466255187988 0.0987239 0.105179094
Checkpoint not saved at epoch 2328000, loss did not improve.
2328000 1.9441261291503906 0.059463102 0.0612945
Checkpoint not saved at epoch 2329000, loss did not improve.
2329000 1.996171236038208 0.059857126 0.058827408
Checkpoint not saved at epoch 2330000, loss did not improve.
2330000 2.3796730041503906 0.062545456 0.0598556
Checkpoint not saved at epoch 2331000, loss did not improve.
2331000 1.938692569732666 0.059421506 0.06125356
Checkpoint not saved at epoch 2332000, loss did not improve.
2332000 1.7860521078109741 0.058215678 0.05891682
Checkpoint not saved at epoch 2333000, loss did not improve.
2333000 1.8151565790176392 0.058451407 0.05935357
Checkpoint not saved at epoch 2334000, loss did not improve.
2334000 2.102105140686035 0.060635928 0.058939125
Checkpoint not saved at epoch 2335000, loss did not improve.
2335000 1.8909835815429688 0.05905251 0.05880996
Checkpoint not saved at epoch 2336000, loss did not improve.
2336000 2.1120800971984863 0.060707733 0.065165326
Checkpoint not saved at epoch 2337000, loss did not improve.
2337000 3.3247554302215576 0.067999594 0.07481689
Saving checkpoint at epoch 2338000 with improved loss: 1.749988317489624
Model checkpoint saved at epoch 2338000, batch 1
2338000 1.7550363540649414 0.057961278 0.05914701
Checkpoint not saved at epoch 2339000, loss did not improve.
2339000 2.112743854522705 0.0607125 0.061976053
Checkpoint not saved at epoch 2340000, loss did not improve.
2340000 2.043349027633667 0.0602077 0.062176023
Checkpoint not saved at epoch 2341000, loss did not improve.
2341000 1.882001519203186 0.05898226 0.061212994
Checkpoint not saved at epoch 2342000, loss did not improve.
2342000 1.8049410581588745 0.05836899 0.05825207
Checkpoint not saved at epoch 2343000, loss did not improve.
2343000 1.790767788887024 0.058254067 0.058962896
Checkpoint not saved at epoch 2344000, loss did not improve.
2344000 1.8461499214172363 0.05869933 0.06130262
Checkpoint not saved at epoch 2345000, loss did not improve.
2345000 1.8542495965957642 0.058763612 0.058246687
Checkpoint not saved at epoch 2346000, loss did not improve.
2346000 2.2857847213745117 0.061919186 0.06685258
Checkpoint not saved at epoch 2347000, loss did not improve.
2347000 1.9007821083068848 0.05912886 0.060121212
Checkpoint not saved at epoch 2348000, loss did not improve.
2348000 1.9194762706756592 0.05927371 0.05765595
Checkpoint not saved at epoch 2349000, loss did not improve.
2349000 1.896378755569458 0.059094585 0.059466254
Checkpoint not saved at epoch 2350000, loss did not improve.
2350000 2.025850534439087 0.060078386 0.06092614
Checkpoint not saved at epoch 2351000, loss did not improve.
2351000 1.9492344856262207 0.05950212 0.061096597
Checkpoint not saved at epoch 2352000, loss did not improve.
2352000 1.9811550378799438 0.05974424 0.059354648
Checkpoint not saved at epoch 2353000, loss did not improve.
2353000 1.7692220211029053 0.058078047 0.059027556
Checkpoint not saved at epoch 2354000, loss did not improve.
2354000 2.15474534034729 0.06101202 0.060937203
Saving checkpoint at epoch 2355000 with improved loss: 1.747571587562561
Model checkpoint saved at epoch 2355000, batch 1
2355000 1.7572802305221558 0.057979796 0.06039951
Checkpoint not saved at epoch 2356000, loss did not improve.
2356000 1.7744477987289429 0.058120884 0.058911335
Checkpoint not saved at epoch 2357000, loss did not improve.
2357000 2.343008518218994 0.06230313 0.059740834
Checkpoint not saved at epoch 2358000, loss did not improve.
2358000 2.214616060256958 0.06143149 0.0638207
Checkpoint not saved at epoch 2359000, loss did not improve.
2359000 2.406653881072998 0.06272199 0.06369249
Checkpoint not saved at epoch 2360000, loss did not improve.
2360000 1.8387856483459473 0.05864071 0.059186906
Checkpoint not saved at epoch 2361000, loss did not improve.
2361000 1.9655135869979858 0.05962597 0.060680043
Checkpoint not saved at epoch 2362000, loss did not improve.
2362000 1.7820488214492798 0.05818303 0.058869954
Checkpoint not saved at epoch 2363000, loss did not improve.
2363000 1.9216252565383911 0.059290294 0.06001934
Checkpoint not saved at epoch 2364000, loss did not improve.
2364000 1.773686408996582 0.05811465 0.059123177
Checkpoint not saved at epoch 2365000, loss did not improve.
2365000 1.8188670873641968 0.058481254 0.059618384
Checkpoint not saved at epoch 2366000, loss did not improve.
2366000 1.7641830444335938 0.05803665 0.058819454
Checkpoint not saved at epoch 2367000, loss did not improve.
2367000 3.004520893096924 0.0662995 0.0625744
Checkpoint not saved at epoch 2368000, loss did not improve.
2368000 1.8257890939712524 0.058536813 0.060941663
Checkpoint not saved at epoch 2369000, loss did not improve.
2369000 2.2398126125335693 0.06160548 0.060799815
Checkpoint not saved at epoch 2370000, loss did not improve.
2370000 2.1179707050323486 0.060750015 0.059995096
Checkpoint not saved at epoch 2371000, loss did not improve.
2371000 1.9298779964447021 0.059353847 0.059229396
Checkpoint not saved at epoch 2372000, loss did not improve.
2372000 1.8393514156341553 0.05864522 0.059096053
Checkpoint not saved at epoch 2373000, loss did not improve.
2373000 1.761949896812439 0.05801828 0.058175344
Checkpoint not saved at epoch 2374000, loss did not improve.
2374000 1.8409690856933594 0.058658104 0.05848742
Checkpoint not saved at epoch 2375000, loss did not improve.
2375000 2.0432372093200684 0.060206883 0.05985979
Checkpoint not saved at epoch 2376000, loss did not improve.
2376000 2.1108086109161377 0.060698595 0.058531065
Checkpoint not saved at epoch 2377000, loss did not improve.
2377000 1.7753347158432007 0.05812815 0.058093842
Checkpoint not saved at epoch 2378000, loss did not improve.
2378000 1.8131097555160522 0.05843492 0.058345873
Checkpoint not saved at epoch 2379000, loss did not improve.
2379000 1.833375334739685 0.058597524 0.058434702
Saving checkpoint at epoch 2380000 with improved loss: 1.7419538497924805
Model checkpoint saved at epoch 2380000, batch 1
2380000 1.7878804206848145 0.05823057 0.05878008
Checkpoint not saved at epoch 2381000, loss did not improve.
2381000 2.1307363510131836 0.060841348 0.059494343
Checkpoint not saved at epoch 2382000, loss did not improve.
2382000 5.437905311584473 0.07689965 0.08099957
Saving checkpoint at epoch 2383000 with improved loss: 1.7264028787612915
Model checkpoint saved at epoch 2383000, batch 1
2383000 1.7974728345870972 0.05830852 0.059116542
Checkpoint not saved at epoch 2384000, loss did not improve.
2384000 2.418231964111328 0.06279729 0.059236422
Checkpoint not saved at epoch 2385000, loss did not improve.
2385000 2.0122504234313965 0.059977304 0.059865177
Checkpoint not saved at epoch 2386000, loss did not improve.
2386000 1.8073219060897827 0.05838823 0.058362342
Saving checkpoint at epoch 2387000 with improved loss: 1.7080074548721313
Model checkpoint saved at epoch 2387000, batch 1
2387000 1.718071460723877 0.057653636 0.05860738
Checkpoint not saved at epoch 2388000, loss did not improve.
2388000 1.9113126993179321 0.059210584 0.05906422
Checkpoint not saved at epoch 2389000, loss did not improve.
2389000 1.8260287046432495 0.058538735 0.058979616
Checkpoint not saved at epoch 2390000, loss did not improve.
2390000 1.7205114364624023 0.0576741 0.05835111
Checkpoint not saved at epoch 2391000, loss did not improve.
2391000 1.8976922035217285 0.059104815 0.059423447
Checkpoint not saved at epoch 2392000, loss did not improve.
2392000 1.9690567255020142 0.05965282 0.060354408
Checkpoint not saved at epoch 2393000, loss did not improve.
2393000 2.0071632862091064 0.05993936 0.06304332
Checkpoint not saved at epoch 2394000, loss did not improve.
2394000 1.7989542484283447 0.05832053 0.05807017
Checkpoint not saved at epoch 2395000, loss did not improve.
2395000 2.5190885066986084 0.06344206 0.06278306
Checkpoint not saved at epoch 2396000, loss did not improve.
2396000 1.7424143552780151 0.057856783 0.058119062
Checkpoint not saved at epoch 2397000, loss did not improve.
2397000 1.7716166973114014 0.05809769 0.059682712
Checkpoint not saved at epoch 2398000, loss did not improve.
2398000 1.9282429218292236 0.059341274 0.05908093
Checkpoint not saved at epoch 2399000, loss did not improve.
2399000 2.010474443435669 0.059964065 0.05945987
Checkpoint not saved at epoch 2400000, loss did not improve.
2400000 1.7998679876327515 0.058327932 0.058546368
Checkpoint not saved at epoch 2401000, loss did not improve.
2401000 1.9798471927642822 0.059734378 0.06047239
Checkpoint not saved at epoch 2402000, loss did not improve.
2402000 2.1364054679870605 0.060881782 0.05940486
Checkpoint not saved at epoch 2403000, loss did not improve.
2403000 1.9692624807357788 0.05965438 0.05899903
Checkpoint not saved at epoch 2404000, loss did not improve.
2404000 1.7059987783432007 0.057552084 0.059224837
Checkpoint not saved at epoch 2405000, loss did not improve.
2405000 1.7877774238586426 0.05822973 0.0587362
Checkpoint not saved at epoch 2406000, loss did not improve.
2406000 1.869646430015564 0.058885224 0.058761496
Checkpoint not saved at epoch 2407000, loss did not improve.
2407000 2.24267578125 0.061625153 0.06101981
Checkpoint not saved at epoch 2408000, loss did not improve.
2408000 1.8981224298477173 0.059108164 0.058084372
Checkpoint not saved at epoch 2409000, loss did not improve.
2409000 2.333721399307251 0.062241297 0.06293439
Checkpoint not saved at epoch 2410000, loss did not improve.
2410000 1.8674336671829224 0.05886779 0.05911238
Checkpoint not saved at epoch 2411000, loss did not improve.
2411000 1.9687913656234741 0.05965081 0.058959976
Checkpoint not saved at epoch 2412000, loss did not improve.
2412000 2.003157138824463 0.05990943 0.05856151
Checkpoint not saved at epoch 2413000, loss did not improve.
2413000 1.854434609413147 0.05876508 0.05862693
Checkpoint not saved at epoch 2414000, loss did not improve.
2414000 1.7458661794662476 0.057885416 0.058332462
Checkpoint not saved at epoch 2415000, loss did not improve.
2415000 1.8257383108139038 0.058536403 0.059022557
Checkpoint not saved at epoch 2416000, loss did not improve.
2416000 1.7609525918960571 0.05801006 0.058601603
Saving checkpoint at epoch 2417000 with improved loss: 1.7050176858901978
Model checkpoint saved at epoch 2417000, batch 1
2417000 1.7128413915634155 0.057609715 0.05794601
Checkpoint not saved at epoch 2418000, loss did not improve.
2418000 2.0644402503967285 0.060362473 0.06027131
Checkpoint not saved at epoch 2419000, loss did not improve.
2419000 2.144747018814087 0.060941122 0.06237586
Checkpoint not saved at epoch 2420000, loss did not improve.
2420000 1.7754939794540405 0.058129452 0.05763939
Checkpoint not saved at epoch 2421000, loss did not improve.
2421000 1.9629014730453491 0.059606142 0.059230823
Checkpoint not saved at epoch 2422000, loss did not improve.
2422000 1.7147762775421143 0.057625975 0.058512647
Checkpoint not saved at epoch 2423000, loss did not improve.
2423000 1.7601804733276367 0.058003705 0.05746059
Checkpoint not saved at epoch 2424000, loss did not improve.
2424000 1.8226929903030396 0.05851198 0.058495756
Checkpoint not saved at epoch 2425000, loss did not improve.
2425000 1.758992314338684 0.05799391 0.05827979
Checkpoint not saved at epoch 2426000, loss did not improve.
2426000 1.8659957647323608 0.058856454 0.05969463
Checkpoint not saved at epoch 2427000, loss did not improve.
2427000 1.737791895866394 0.057818376 0.057276152
Checkpoint not saved at epoch 2428000, loss did not improve.
2428000 1.7238436937332153 0.057702005 0.057574898
Checkpoint not saved at epoch 2429000, loss did not improve.
2429000 2.0035746097564697 0.05991255 0.060995832
Checkpoint not saved at epoch 2430000, loss did not improve.
2430000 1.7254992723464966 0.057715848 0.057479985
Checkpoint not saved at epoch 2431000, loss did not improve.
2431000 1.8725377321243286 0.05890797 0.058158044
Checkpoint not saved at epoch 2432000, loss did not improve.
2432000 1.9796289205551147 0.05973273 0.060380135
Checkpoint not saved at epoch 2433000, loss did not improve.
2433000 1.7833640575408936 0.058193758 0.057063706
Checkpoint not saved at epoch 2434000, loss did not improve.
2434000 2.0678844451904297 0.060387634 0.058924478
Checkpoint not saved at epoch 2435000, loss did not improve.
2435000 1.765865683555603 0.058050483 0.057312135
Checkpoint not saved at epoch 2436000, loss did not improve.
2436000 1.8282986879348755 0.058556918 0.06105726
Checkpoint not saved at epoch 2437000, loss did not improve.
2437000 2.4372615814208984 0.06292047 0.060912658
Checkpoint not saved at epoch 2438000, loss did not improve.
2438000 1.8312984704971313 0.05858092 0.05839932
Checkpoint not saved at epoch 2439000, loss did not improve.
2439000 2.1196510791778564 0.060762063 0.061344095
Checkpoint not saved at epoch 2440000, loss did not improve.
2440000 1.872985601425171 0.0589115 0.057975173
Checkpoint not saved at epoch 2441000, loss did not improve.
2441000 2.252629041671753 0.061693415 0.060392942
Checkpoint not saved at epoch 2442000, loss did not improve.
2442000 1.942298412322998 0.059449118 0.057930518
Checkpoint not saved at epoch 2443000, loss did not improve.
2443000 1.709356427192688 0.057580385 0.057598043
Checkpoint not saved at epoch 2444000, loss did not improve.
2444000 1.9390108585357666 0.059423946 0.059166342
Saving checkpoint at epoch 2445000 with improved loss: 1.6977506875991821
Model checkpoint saved at epoch 2445000, batch 1
2445000 1.693408727645874 0.057445616 0.057400603
Checkpoint not saved at epoch 2446000, loss did not improve.
2446000 1.6987113952636719 0.057490528 0.057774093
Checkpoint not saved at epoch 2447000, loss did not improve.
2447000 1.7997159957885742 0.058326703 0.058280066
Checkpoint not saved at epoch 2448000, loss did not improve.
2448000 1.7080028057098389 0.057568986 0.057954893
Checkpoint not saved at epoch 2449000, loss did not improve.
2449000 1.8295117616653442 0.05856663 0.05761613
Checkpoint not saved at epoch 2450000, loss did not improve.
2450000 1.8957878351211548 0.05908998 0.057993647
Checkpoint not saved at epoch 2451000, loss did not improve.
2451000 1.759874939918518 0.058001183 0.058056965
Checkpoint not saved at epoch 2452000, loss did not improve.
2452000 2.1272125244140625 0.06081618 0.05953467
Checkpoint not saved at epoch 2453000, loss did not improve.
2453000 1.9682508707046509 0.059646714 0.058126744
Checkpoint not saved at epoch 2454000, loss did not improve.
2454000 1.702770471572876 0.057524845 0.057279225
Checkpoint not saved at epoch 2455000, loss did not improve.
2455000 2.181018352508545 0.06119716 0.0599298
Checkpoint not saved at epoch 2456000, loss did not improve.
2456000 1.794620394706726 0.05828537 0.057683535
Checkpoint not saved at epoch 2457000, loss did not improve.
2457000 1.771911859512329 0.05810011 0.05898355
Checkpoint not saved at epoch 2458000, loss did not improve.
2458000 1.7201648950576782 0.057671193 0.058769338
Checkpoint not saved at epoch 2459000, loss did not improve.
2459000 1.825324296951294 0.058533087 0.058456715
Checkpoint not saved at epoch 2460000, loss did not improve.
2460000 2.401440382003784 0.06268799 0.060398426
Checkpoint not saved at epoch 2461000, loss did not improve.
2461000 1.76907479763031 0.058076836 0.058369257
Checkpoint not saved at epoch 2462000, loss did not improve.
2462000 1.8441015481948853 0.05868304 0.059246004
Checkpoint not saved at epoch 2463000, loss did not improve.
2463000 1.9314274787902832 0.059365764 0.059304267
Checkpoint not saved at epoch 2464000, loss did not improve.
2464000 2.0216598510742188 0.060047295 0.058913678
Checkpoint not saved at epoch 2465000, loss did not improve.
2465000 1.6957471370697021 0.05746543 0.058037724
Checkpoint not saved at epoch 2466000, loss did not improve.
2466000 1.755886435508728 0.05796829 0.058763146
Checkpoint not saved at epoch 2467000, loss did not improve.
2467000 1.914061188697815 0.05923186 0.05874061
Checkpoint not saved at epoch 2468000, loss did not improve.
2468000 1.673602819442749 0.0572769 0.05760763
Checkpoint not saved at epoch 2469000, loss did not improve.
2469000 1.801267385482788 0.058339268 0.058539476
Checkpoint not saved at epoch 2470000, loss did not improve.
2470000 2.081662893295288 0.06048797 0.06306908
Checkpoint not saved at epoch 2471000, loss did not improve.
2471000 1.9299607276916504 0.059354484 0.061879363
Checkpoint not saved at epoch 2472000, loss did not improve.
2472000 2.491878032684326 0.06327004 0.0627603
Saving checkpoint at epoch 2473000 with improved loss: 1.681759238243103
Model checkpoint saved at epoch 2473000, batch 1
2473000 1.6733288764953613 0.057274554 0.058511928
Checkpoint not saved at epoch 2474000, loss did not improve.
2474000 1.8841899633407593 0.0589994 0.06094201
Checkpoint not saved at epoch 2475000, loss did not improve.
2475000 2.2460238933563232 0.061648145 0.061717078
Checkpoint not saved at epoch 2476000, loss did not improve.
2476000 1.6873496770858765 0.057394158 0.058516487
Checkpoint not saved at epoch 2477000, loss did not improve.
2477000 1.7022086381912231 0.0575201 0.057010625
Checkpoint not saved at epoch 2478000, loss did not improve.
2478000 1.8190780878067017 0.05848294 0.060330566
Checkpoint not saved at epoch 2479000, loss did not improve.
2479000 1.7506428956985474 0.057924975 0.05923491
Checkpoint not saved at epoch 2480000, loss did not improve.
2480000 1.9449794292449951 0.05946962 0.06330768
Checkpoint not saved at epoch 2481000, loss did not improve.
2481000 2.037334442138672 0.06016335 0.064581834
Checkpoint not saved at epoch 2482000, loss did not improve.
2482000 1.684865117073059 0.057373017 0.058238078
Checkpoint not saved at epoch 2483000, loss did not improve.
2483000 1.7008838653564453 0.0575089 0.05740746
Checkpoint not saved at epoch 2484000, loss did not improve.
2484000 2.0264787673950195 0.060083043 0.063896306
Checkpoint not saved at epoch 2485000, loss did not improve.
2485000 1.869659662246704 0.05888532 0.061173454
Checkpoint not saved at epoch 2486000, loss did not improve.
2486000 1.7846171855926514 0.058203984 0.058287866
Checkpoint not saved at epoch 2487000, loss did not improve.
2487000 2.3325560092926025 0.06223353 0.06267092
Saving checkpoint at epoch 2488000 with improved loss: 1.6748229265213013
Model checkpoint saved at epoch 2488000, batch 1
2488000 1.6659129858016968 0.057210993 0.058925766
Checkpoint not saved at epoch 2489000, loss did not improve.
2489000 2.553175449371338 0.06365559 0.06263135
Checkpoint not saved at epoch 2490000, loss did not improve.
2490000 2.377190589904785 0.06252914 0.0614604
Saving checkpoint at epoch 2491000 with improved loss: 1.6664446592330933
Model checkpoint saved at epoch 2491000, batch 1
2491000 1.7341277599334717 0.05778787 0.059959643
Checkpoint not saved at epoch 2492000, loss did not improve.
2492000 1.907002329826355 0.059177175 0.059354626
Checkpoint not saved at epoch 2493000, loss did not improve.
2493000 2.4774553775787354 0.063178286 0.06519229
Checkpoint not saved at epoch 2494000, loss did not improve.
2494000 1.726029872894287 0.057720285 0.058214903
Checkpoint not saved at epoch 2495000, loss did not improve.
2495000 1.721605658531189 0.057683263 0.05794143
Checkpoint not saved at epoch 2496000, loss did not improve.
2496000 1.681287169456482 0.057342533 0.057871714
Checkpoint not saved at epoch 2497000, loss did not improve.
2497000 1.7296475172042847 0.05775051 0.057076227
Checkpoint not saved at epoch 2498000, loss did not improve.
2498000 1.7836942672729492 0.058196455 0.058135178
Checkpoint not saved at epoch 2499000, loss did not improve.
2499000 2.052053213119507 0.060271718 0.057979345
Checkpoint not saved at epoch 2500000, loss did not improve.
2500000 1.7439206838607788 0.057869285 0.057211533
Checkpoint not saved at epoch 2501000, loss did not improve.
2501000 1.8918633460998535 0.059059374 0.059391513
Checkpoint not saved at epoch 2502000, loss did not improve.
2502000 1.9079192876815796 0.059184287 0.058373976
Checkpoint not saved at epoch 2503000, loss did not improve.
2503000 1.6958096027374268 0.057465963 0.05759177
Checkpoint not saved at epoch 2504000, loss did not improve.
2504000 2.0163731575012207 0.060008 0.058249123
Checkpoint not saved at epoch 2505000, loss did not improve.
2505000 1.770609736442566 0.05808943 0.057355374
Checkpoint not saved at epoch 2506000, loss did not improve.
2506000 1.7268218994140625 0.05772691 0.0572883
Checkpoint not saved at epoch 2507000, loss did not improve.
2507000 1.8774305582046509 0.058946412 0.058792956
Checkpoint not saved at epoch 2508000, loss did not improve.
2508000 1.8690539598464966 0.058880553 0.058610238
Checkpoint not saved at epoch 2509000, loss did not improve.
2509000 1.7304123640060425 0.057756893 0.059142433
Checkpoint not saved at epoch 2510000, loss did not improve.
2510000 1.6920533180236816 0.057434116 0.057438552
Checkpoint not saved at epoch 2511000, loss did not improve.
2511000 1.9420274496078491 0.059447043 0.06062224
Checkpoint not saved at epoch 2512000, loss did not improve.
2512000 1.6767854690551758 0.057304114 0.05835709
Checkpoint not saved at epoch 2513000, loss did not improve.
2513000 2.2126564979553223 0.061417893 0.05960142
Checkpoint not saved at epoch 2514000, loss did not improve.
2514000 1.9236152172088623 0.059305638 0.05838954
Checkpoint not saved at epoch 2515000, loss did not improve.
2515000 1.6893380880355835 0.057411063 0.05778577
Checkpoint not saved at epoch 2516000, loss did not improve.
2516000 2.021559000015259 0.060046542 0.06083284
Checkpoint not saved at epoch 2517000, loss did not improve.
2517000 1.7705533504486084 0.05808897 0.05816679
Checkpoint not saved at epoch 2518000, loss did not improve.
2518000 1.7988862991333008 0.05831998 0.058020815
Checkpoint not saved at epoch 2519000, loss did not improve.
2519000 1.6656302213668823 0.057208568 0.057307832
Checkpoint not saved at epoch 2520000, loss did not improve.
2520000 1.6796845197677612 0.05732886 0.057313975
Saving checkpoint at epoch 2521000 with improved loss: 1.6556390523910522
Model checkpoint saved at epoch 2521000, batch 1
2521000 1.6534934043884277 0.05710407 0.05815436
Checkpoint not saved at epoch 2522000, loss did not improve.
2522000 2.4676523208618164 0.0631157 0.061946284
Checkpoint not saved at epoch 2523000, loss did not improve.
2523000 1.9644972085952759 0.059618257 0.05726027
Checkpoint not saved at epoch 2524000, loss did not improve.
2524000 1.6915555000305176 0.05742989 0.057221398
Checkpoint not saved at epoch 2525000, loss did not improve.
2525000 1.7341036796569824 0.05778767 0.058548365
Checkpoint not saved at epoch 2526000, loss did not improve.
2526000 1.689827561378479 0.057415217 0.057792775
Checkpoint not saved at epoch 2527000, loss did not improve.
2527000 1.8929164409637451 0.059067596 0.05809658
Checkpoint not saved at epoch 2528000, loss did not improve.
2528000 1.7460861206054688 0.05788724 0.057383005
Checkpoint not saved at epoch 2529000, loss did not improve.
2529000 1.8879209756851196 0.059028585 0.060318988
Checkpoint not saved at epoch 2530000, loss did not improve.
2530000 2.2182610034942627 0.061456747 0.06048811
Checkpoint not saved at epoch 2531000, loss did not improve.
2531000 1.6668028831481934 0.057218634 0.05725644
Checkpoint not saved at epoch 2532000, loss did not improve.
2532000 1.6880273818969727 0.05739992 0.056766346
Checkpoint not saved at epoch 2533000, loss did not improve.
2533000 1.7330986261367798 0.057779294 0.05690879
Checkpoint not saved at epoch 2534000, loss did not improve.
2534000 2.3346738815307617 0.06224765 0.05837234
Saving checkpoint at epoch 2535000 with improved loss: 1.6506081819534302
Model checkpoint saved at epoch 2535000, batch 1
2535000 1.6403836011886597 0.056990545 0.05756812
Checkpoint not saved at epoch 2536000, loss did not improve.
2536000 1.6626644134521484 0.05718308 0.057472587
Checkpoint not saved at epoch 2537000, loss did not improve.
2537000 1.9832059144973755 0.059759695 0.057273854
Checkpoint not saved at epoch 2538000, loss did not improve.
2538000 1.6903554201126099 0.057419702 0.057478298
Checkpoint not saved at epoch 2539000, loss did not improve.
2539000 1.7506060600280762 0.057924666 0.058625642
Checkpoint not saved at epoch 2540000, loss did not improve.
2540000 2.2916994094848633 0.061959203 0.05864852
Checkpoint not saved at epoch 2541000, loss did not improve.
2541000 1.6513535976409912 0.057085585 0.05712183
Checkpoint not saved at epoch 2542000, loss did not improve.
2542000 1.9305716753005981 0.059359178 0.05917858
Checkpoint not saved at epoch 2543000, loss did not improve.
2543000 2.400115489959717 0.06267935 0.06274472
Checkpoint not saved at epoch 2544000, loss did not improve.
2544000 1.7782396078109741 0.058151916 0.05746596
Checkpoint not saved at epoch 2545000, loss did not improve.
2545000 1.896399736404419 0.05909475 0.060036372
Checkpoint not saved at epoch 2546000, loss did not improve.
2546000 1.7670109272003174 0.05805989 0.05828726
Checkpoint not saved at epoch 2547000, loss did not improve.
2547000 1.6934958696365356 0.057446353 0.057659082
Checkpoint not saved at epoch 2548000, loss did not improve.
2548000 1.65041184425354 0.05707744 0.057205837
Checkpoint not saved at epoch 2549000, loss did not improve.
2549000 1.6885335445404053 0.057404224 0.057106115
Checkpoint not saved at epoch 2550000, loss did not improve.
2550000 2.137993812561035 0.06089309 0.06281304
Checkpoint not saved at epoch 2551000, loss did not improve.
2551000 1.7033172845840454 0.057529457 0.057072908
Checkpoint not saved at epoch 2552000, loss did not improve.
2552000 1.857020378112793 0.05878555 0.058745217
Checkpoint not saved at epoch 2553000, loss did not improve.
2553000 1.9243735074996948 0.05931148 0.05951892
Checkpoint not saved at epoch 2554000, loss did not improve.
2554000 1.850799798965454 0.058736257 0.058153436
Checkpoint not saved at epoch 2555000, loss did not improve.
2555000 2.15208101272583 0.060993154 0.05923132
Checkpoint not saved at epoch 2556000, loss did not improve.
2556000 2.061246395111084 0.060339108 0.06204449
Checkpoint not saved at epoch 2557000, loss did not improve.
2557000 2.071556329727173 0.060414422 0.061092008
Checkpoint not saved at epoch 2558000, loss did not improve.
2558000 2.4458394050598145 0.06297576 0.06367483
Checkpoint not saved at epoch 2559000, loss did not improve.
2559000 1.8656013011932373 0.058853347 0.06039449
Checkpoint not saved at epoch 2560000, loss did not improve.
2560000 2.0099587440490723 0.05996022 0.058013283
Checkpoint not saved at epoch 2561000, loss did not improve.
2561000 1.915884256362915 0.05924596 0.0583489
Checkpoint not saved at epoch 2562000, loss did not improve.
2562000 1.8421460390090942 0.05866748 0.059121884
Checkpoint not saved at epoch 2563000, loss did not improve.
2563000 1.7977241277694702 0.058310557 0.05799385
Checkpoint not saved at epoch 2564000, loss did not improve.
2564000 1.6774368286132812 0.057309676 0.057271276
Checkpoint not saved at epoch 2565000, loss did not improve.
2565000 2.0439934730529785 0.06021245 0.059515484
Saving checkpoint at epoch 2566000 with improved loss: 1.646483063697815
Model checkpoint saved at epoch 2566000, batch 1
2566000 1.6614395380020142 0.05717255 0.057237267
Checkpoint not saved at epoch 2567000, loss did not improve.
2567000 1.7781660556793213 0.05815131 0.057997547
Checkpoint not saved at epoch 2568000, loss did not improve.
2568000 1.7674154043197632 0.058063217 0.059041493
Checkpoint not saved at epoch 2569000, loss did not improve.
2569000 1.7530392408370972 0.057944782 0.058365326
Checkpoint not saved at epoch 2570000, loss did not improve.
2570000 2.0513553619384766 0.060266595 0.059561748
Checkpoint not saved at epoch 2571000, loss did not improve.
2571000 1.6397048234939575 0.05698464 0.057446282
Checkpoint not saved at epoch 2572000, loss did not improve.
2572000 2.2838423252105713 0.061906025 0.06172382
Checkpoint not saved at epoch 2573000, loss did not improve.
2573000 1.8847826719284058 0.05900403 0.05868634
Saving checkpoint at epoch 2574000 with improved loss: 1.6133782863616943
Model checkpoint saved at epoch 2574000, batch 1
2574000 1.625403881072998 0.05685998 0.058346614
Checkpoint not saved at epoch 2575000, loss did not improve.
2575000 1.6297844648361206 0.056898255 0.057122022
Checkpoint not saved at epoch 2576000, loss did not improve.
2576000 2.255345344543457 0.06171201 0.060898572
Checkpoint not saved at epoch 2577000, loss did not improve.
2577000 1.6786216497421265 0.057319794 0.05774102
Checkpoint not saved at epoch 2578000, loss did not improve.
2578000 1.6594399213790894 0.05715534 0.05667911
Checkpoint not saved at epoch 2579000, loss did not improve.
2579000 1.725151538848877 0.057712946 0.05960904
Checkpoint not saved at epoch 2580000, loss did not improve.
2580000 1.753096103668213 0.057945255 0.056911554
Checkpoint not saved at epoch 2581000, loss did not improve.
2581000 1.6229337453842163 0.056838375 0.05674817
Checkpoint not saved at epoch 2582000, loss did not improve.
2582000 1.7585150003433228 0.057989977 0.05892434
Checkpoint not saved at epoch 2583000, loss did not improve.
2583000 1.6798232793807983 0.05733005 0.057730876
Checkpoint not saved at epoch 2584000, loss did not improve.
2584000 2.050647258758545 0.06026139 0.059788086
Checkpoint not saved at epoch 2585000, loss did not improve.
2585000 1.7259076833724976 0.057719275 0.057257228
Checkpoint not saved at epoch 2586000, loss did not improve.
2586000 1.6877076625823975 0.057397205 0.057634044
Checkpoint not saved at epoch 2587000, loss did not improve.
2587000 2.1061851978302 0.06066533 0.059676852
Checkpoint not saved at epoch 2588000, loss did not improve.
2588000 1.8342632055282593 0.05860462 0.05822302
Checkpoint not saved at epoch 2589000, loss did not improve.
2589000 1.6303818225860596 0.056903467 0.056840695
Checkpoint not saved at epoch 2590000, loss did not improve.
2590000 2.7526845932006836 0.06486427 0.0616456
Checkpoint not saved at epoch 2591000, loss did not improve.
2591000 1.8982173204421997 0.0591089 0.057917215
Checkpoint not saved at epoch 2592000, loss did not improve.
2592000 1.6458040475845337 0.05703756 0.056654114
Checkpoint not saved at epoch 2593000, loss did not improve.
2593000 1.726253628730774 0.057722162 0.057576403
Checkpoint not saved at epoch 2594000, loss did not improve.
2594000 1.7103809118270874 0.057589017 0.057269353
Checkpoint not saved at epoch 2595000, loss did not improve.
2595000 1.707661747932434 0.05756611 0.05763195
Checkpoint not saved at epoch 2596000, loss did not improve.
2596000 1.7743773460388184 0.05812031 0.05807781
Checkpoint not saved at epoch 2597000, loss did not improve.
2597000 1.7389543056488037 0.05782804 0.057641707
Checkpoint not saved at epoch 2598000, loss did not improve.
2598000 1.776596188545227 0.05813847 0.056949258
Checkpoint not saved at epoch 2599000, loss did not improve.
2599000 1.6802871227264404 0.057334002 0.057632856
Checkpoint not saved at epoch 2600000, loss did not improve.
2600000 2.0920605659484863 0.060563363 0.061890382
Checkpoint not saved at epoch 2601000, loss did not improve.
2601000 1.6308579444885254 0.056907624 0.057456996
Checkpoint not saved at epoch 2602000, loss did not improve.
2602000 1.772180438041687 0.058102313 0.059794415
Checkpoint not saved at epoch 2603000, loss did not improve.
2603000 1.680594563484192 0.05733663 0.05846284
Checkpoint not saved at epoch 2604000, loss did not improve.
2604000 1.6630834341049194 0.057186686 0.057335887
Checkpoint not saved at epoch 2605000, loss did not improve.
2605000 1.8722196817398071 0.058905467 0.058505826
Checkpoint not saved at epoch 2606000, loss did not improve.
2606000 1.7073273658752441 0.05756329 0.05715168
Checkpoint not saved at epoch 2607000, loss did not improve.
2607000 1.6264992952346802 0.056869563 0.05708162
Saving checkpoint at epoch 2608000 with improved loss: 1.6111191511154175
Model checkpoint saved at epoch 2608000, batch 1
2608000 1.6940401792526245 0.05745097 0.057926588
Checkpoint not saved at epoch 2609000, loss did not improve.
2609000 1.6251733303070068 0.056857973 0.05743305
Checkpoint not saved at epoch 2610000, loss did not improve.
2610000 1.9779877662658691 0.059720345 0.06098246
Checkpoint not saved at epoch 2611000, loss did not improve.
2611000 1.625399112701416 0.05685994 0.057006385
Checkpoint not saved at epoch 2612000, loss did not improve.
2612000 2.2857847213745117 0.061919186 0.061533462
Checkpoint not saved at epoch 2613000, loss did not improve.
2613000 1.6499179601669312 0.057073172 0.05840223
Checkpoint not saved at epoch 2614000, loss did not improve.
2614000 1.7149852514266968 0.057627734 0.05833336
Checkpoint not saved at epoch 2615000, loss did not improve.
2615000 1.6117762327194214 0.05674043 0.057422124
Checkpoint not saved at epoch 2616000, loss did not improve.
2616000 1.9632309675216675 0.05960865 0.05991806
Checkpoint not saved at epoch 2617000, loss did not improve.
2617000 2.727715492248535 0.064716674 0.064558074
Checkpoint not saved at epoch 2618000, loss did not improve.
2618000 1.6538468599319458 0.057107117 0.05828733
Checkpoint not saved at epoch 2619000, loss did not improve.
2619000 1.9378712177276611 0.059415206 0.059009567
Checkpoint not saved at epoch 2620000, loss did not improve.
2620000 1.8480769395828247 0.05871465 0.060027495
Checkpoint not saved at epoch 2621000, loss did not improve.
2621000 2.135504722595215 0.06087536 0.06037282
Checkpoint not saved at epoch 2622000, loss did not improve.
2622000 1.6399118900299072 0.056986447 0.05731417
Checkpoint not saved at epoch 2623000, loss did not improve.
2623000 1.7342594861984253 0.05778897 0.05998935
Checkpoint not saved at epoch 2624000, loss did not improve.
2624000 1.8106732368469238 0.05841528 0.0584213
Checkpoint not saved at epoch 2625000, loss did not improve.
2625000 1.846904993057251 0.058705334 0.058638778
Checkpoint not saved at epoch 2626000, loss did not improve.
2626000 1.934098243713379 0.05938627 0.059338145
Checkpoint not saved at epoch 2627000, loss did not improve.
2627000 1.673065423965454 0.0572723 0.05770595
Checkpoint not saved at epoch 2628000, loss did not improve.
2628000 1.719146966934204 0.057662662 0.05792251
Checkpoint not saved at epoch 2629000, loss did not improve.
2629000 2.098257303237915 0.06060816 0.06003445
Checkpoint not saved at epoch 2630000, loss did not improve.
2630000 1.9961830377578735 0.05985722 0.06119676
Saving checkpoint at epoch 2631000 with improved loss: 1.599756121635437
Model checkpoint saved at epoch 2631000, batch 1
2631000 1.6253548860549927 0.05685956 0.05751388
Checkpoint not saved at epoch 2632000, loss did not improve.
2632000 1.9137883186340332 0.05922975 0.06195931
Checkpoint not saved at epoch 2633000, loss did not improve.
2633000 1.9656190872192383 0.059626766 0.058185067
Checkpoint not saved at epoch 2634000, loss did not improve.
2634000 2.4295225143432617 0.062870465 0.06482923
Checkpoint not saved at epoch 2635000, loss did not improve.
2635000 1.613248348236084 0.05675338 0.05761851
Checkpoint not saved at epoch 2636000, loss did not improve.
2636000 1.792694330215454 0.058269728 0.061427366
Checkpoint not saved at epoch 2637000, loss did not improve.
2637000 1.6326831579208374 0.056923542 0.058518965
Checkpoint not saved at epoch 2638000, loss did not improve.
2638000 1.7945886850357056 0.058285113 0.05964337
Checkpoint not saved at epoch 2639000, loss did not improve.
2639000 1.6105986833572388 0.05673006 0.057939142
Checkpoint not saved at epoch 2640000, loss did not improve.
2640000 2.709653854370117 0.064609274 0.06503411
Checkpoint not saved at epoch 2641000, loss did not improve.
2641000 1.6145933866500854 0.05676521 0.057382785
Checkpoint not saved at epoch 2642000, loss did not improve.
2642000 1.7001506090164185 0.057502702 0.05714281
Checkpoint not saved at epoch 2643000, loss did not improve.
2643000 1.6138865947723389 0.056758996 0.05762347
Checkpoint not saved at epoch 2644000, loss did not improve.
2644000 1.7259161472320557 0.057719335 0.059098314
Checkpoint not saved at epoch 2645000, loss did not improve.
2645000 1.5947375297546387 0.05658987 0.057047654
Checkpoint not saved at epoch 2646000, loss did not improve.
2646000 2.084214925765991 0.060506504 0.05782728
Checkpoint not saved at epoch 2647000, loss did not improve.
2647000 1.6504793167114258 0.057078026 0.05694314
Checkpoint not saved at epoch 2648000, loss did not improve.
2648000 1.6596288681030273 0.05715697 0.05977332
Checkpoint not saved at epoch 2649000, loss did not improve.
2649000 1.8327263593673706 0.058592338 0.056742508
Checkpoint not saved at epoch 2650000, loss did not improve.
2650000 1.5974546670913696 0.05661396 0.05731908
Checkpoint not saved at epoch 2651000, loss did not improve.
2651000 1.7335669994354248 0.0577832 0.0580161
Saving checkpoint at epoch 2652000 with improved loss: 1.5898576974868774
Model checkpoint saved at epoch 2652000, batch 1
2652000 1.5915967226028442 0.05656199 0.057491113
Checkpoint not saved at epoch 2653000, loss did not improve.
2653000 1.8174076080322266 0.058469515 0.059962682
Checkpoint not saved at epoch 2654000, loss did not improve.
2654000 1.6531394720077515 0.05710101 0.05767242
Checkpoint not saved at epoch 2655000, loss did not improve.
2655000 1.7037849426269531 0.05753341 0.057192843
Checkpoint not saved at epoch 2656000, loss did not improve.
2656000 1.6647611856460571 0.057201102 0.05886674
Checkpoint not saved at epoch 2657000, loss did not improve.
2657000 1.667690634727478 0.057226248 0.058121372
Checkpoint not saved at epoch 2658000, loss did not improve.
2658000 1.8129483461380005 0.05843362 0.056032136
Checkpoint not saved at epoch 2659000, loss did not improve.
2659000 1.6855765581130981 0.057379074 0.059690032
Checkpoint not saved at epoch 2660000, loss did not improve.
2660000 2.133115291595459 0.06085833 0.06461778
Checkpoint not saved at epoch 2661000, loss did not improve.
2661000 2.4267666339874268 0.06285262 0.058717042
Checkpoint not saved at epoch 2662000, loss did not improve.
2662000 1.6769057512283325 0.05730514 0.056725405
Checkpoint not saved at epoch 2663000, loss did not improve.
2663000 1.5970669984817505 0.05661053 0.057337604
Checkpoint not saved at epoch 2664000, loss did not improve.
2664000 1.9693870544433594 0.059655316 0.06223808
Checkpoint not saved at epoch 2665000, loss did not improve.
2665000 2.3607966899871826 0.06242105 0.06452244
Checkpoint not saved at epoch 2666000, loss did not improve.
2666000 1.8617668151855469 0.058823075 0.056474008
Checkpoint not saved at epoch 2667000, loss did not improve.
2667000 1.7795484066009521 0.058162607 0.059050754
Checkpoint not saved at epoch 2668000, loss did not improve.
2668000 1.6174312829971313 0.056790136 0.05769246
Checkpoint not saved at epoch 2669000, loss did not improve.
2669000 1.6111767292022705 0.05673515 0.058977954
Checkpoint not saved at epoch 2670000, loss did not improve.
2670000 1.8767805099487305 0.058941312 0.06128357
Checkpoint not saved at epoch 2671000, loss did not improve.
2671000 1.724281668663025 0.057705667 0.06087449
Checkpoint not saved at epoch 2672000, loss did not improve.
2672000 1.6792607307434082 0.05732525 0.05850726
Checkpoint not saved at epoch 2673000, loss did not improve.
2673000 1.7128517627716064 0.0576098 0.058134716
Checkpoint not saved at epoch 2674000, loss did not improve.
2674000 1.672471046447754 0.05726722 0.059156444
Checkpoint not saved at epoch 2675000, loss did not improve.
2675000 1.7023491859436035 0.05752129 0.057473514
Checkpoint not saved at epoch 2676000, loss did not improve.
2676000 1.5989192724227905 0.056626935 0.05752546
Checkpoint not saved at epoch 2677000, loss did not improve.
2677000 1.7705276012420654 0.05808876 0.05948067
Checkpoint not saved at epoch 2678000, loss did not improve.
2678000 1.808930516242981 0.058401216 0.060137983
Checkpoint not saved at epoch 2679000, loss did not improve.
2679000 1.6526784896850586 0.05709703 0.059077393
Checkpoint not saved at epoch 2680000, loss did not improve.
2680000 1.6894181966781616 0.057411738 0.05743007
Checkpoint not saved at epoch 2681000, loss did not improve.
2681000 1.7051678895950317 0.057545085 0.059616845
Checkpoint not saved at epoch 2682000, loss did not improve.
2682000 1.6149938106536865 0.056768727 0.058811348
Checkpoint not saved at epoch 2683000, loss did not improve.
2683000 1.5948553085327148 0.05659092 0.05927878
Checkpoint not saved at epoch 2684000, loss did not improve.
2684000 1.7973482608795166 0.058307506 0.062130474
Checkpoint not saved at epoch 2685000, loss did not improve.
2685000 1.6245555877685547 0.056852564 0.057396714
Checkpoint not saved at epoch 2686000, loss did not improve.
2686000 1.704166054725647 0.057536628 0.06087072
Checkpoint not saved at epoch 2687000, loss did not improve.
2687000 1.73635995388031 0.05780646 0.057514463
Checkpoint not saved at epoch 2688000, loss did not improve.
2688000 1.6241869926452637 0.05684934 0.057167396
Checkpoint not saved at epoch 2689000, loss did not improve.
2689000 1.6671297550201416 0.05722144 0.05822986
Checkpoint not saved at epoch 2690000, loss did not improve.
2690000 1.7946070432662964 0.058285266 0.058350835
Checkpoint not saved at epoch 2691000, loss did not improve.
2691000 1.6429414749145508 0.057012744 0.060181554
Checkpoint not saved at epoch 2692000, loss did not improve.
2692000 1.616135597229004 0.056778755 0.05787353
Checkpoint not saved at epoch 2693000, loss did not improve.
2693000 1.8223912715911865 0.05850956 0.059798315
Checkpoint not saved at epoch 2694000, loss did not improve.
2694000 1.7350034713745117 0.05779517 0.056703746
Checkpoint not saved at epoch 2695000, loss did not improve.
2695000 1.607655644416809 0.056704126 0.057803854
Saving checkpoint at epoch 2696000 with improved loss: 1.58115553855896
Model checkpoint saved at epoch 2696000, batch 1
2696000 1.5756916999816895 0.05642015 0.057424873
Checkpoint not saved at epoch 2697000, loss did not improve.
2697000 1.6600749492645264 0.057160806 0.058785524
Checkpoint not saved at epoch 2698000, loss did not improve.
2698000 1.5931545495986938 0.056575827 0.057049602
Checkpoint not saved at epoch 2699000, loss did not improve.
2699000 1.6766432523727417 0.0573029 0.060096975
Checkpoint not saved at epoch 2700000, loss did not improve.
2700000 1.6732618808746338 0.057273988 0.0590259
Checkpoint not saved at epoch 2701000, loss did not improve.
2701000 2.0824778079986572 0.06049389 0.057045326
Checkpoint not saved at epoch 2702000, loss did not improve.
2702000 2.4847958087921143 0.06322504 0.058014248
Checkpoint not saved at epoch 2703000, loss did not improve.
2703000 1.5908094644546509 0.05655499 0.058176205
Checkpoint not saved at epoch 2704000, loss did not improve.
2704000 1.807579755783081 0.058390304 0.057300046
Checkpoint not saved at epoch 2705000, loss did not improve.
2705000 1.7352497577667236 0.057797212 0.063087136
Checkpoint not saved at epoch 2706000, loss did not improve.
2706000 1.6941648721694946 0.057452027 0.057029113
Checkpoint not saved at epoch 2707000, loss did not improve.
2707000 1.6242272853851318 0.056849692 0.057527762
Checkpoint not saved at epoch 2708000, loss did not improve.
2708000 2.156949758529663 0.06102762 0.059200108
Checkpoint not saved at epoch 2709000, loss did not improve.
2709000 1.9469753503799438 0.059484873 0.06207512
Saving checkpoint at epoch 2710000 with improved loss: 1.5755811929702759
Model checkpoint saved at epoch 2710000, batch 1
2710000 1.5826537609100342 0.056482367 0.05900963
Checkpoint not saved at epoch 2711000, loss did not improve.
2711000 1.5918790102005005 0.056564495 0.057983648
Checkpoint not saved at epoch 2712000, loss did not improve.
2712000 1.602359652519226 0.05665737 0.05822176
Checkpoint not saved at epoch 2713000, loss did not improve.
2713000 2.644680976867676 0.06421844 0.07309566
Checkpoint not saved at epoch 2714000, loss did not improve.
2714000 1.5984030961990356 0.056622367 0.058427498
Checkpoint not saved at epoch 2715000, loss did not improve.
2715000 1.8909796476364136 0.059052482 0.058478042
Checkpoint not saved at epoch 2716000, loss did not improve.
2716000 1.9593926668167114 0.05957949 0.05871066
Checkpoint not saved at epoch 2717000, loss did not improve.
2717000 1.7106146812438965 0.05759098 0.06365347
Checkpoint not saved at epoch 2718000, loss did not improve.
2718000 2.2372920513153076 0.061588142 0.06880391
Checkpoint not saved at epoch 2719000, loss did not improve.
2719000 1.9858821630477905 0.059779845 0.061913226
Checkpoint not saved at epoch 2720000, loss did not improve.
2720000 1.7251063585281372 0.057712566 0.05721102
Checkpoint not saved at epoch 2721000, loss did not improve.
2721000 1.864130973815918 0.058841743 0.057532735
Checkpoint not saved at epoch 2722000, loss did not improve.
2722000 1.9097622632980347 0.059198573 0.057080332
Checkpoint not saved at epoch 2723000, loss did not improve.
2723000 1.5886231660842896 0.05653555 0.059420608
Checkpoint not saved at epoch 2724000, loss did not improve.
2724000 1.7444937229156494 0.057874035 0.06111049
Checkpoint not saved at epoch 2725000, loss did not improve.
2725000 1.9498845338821411 0.05950708 0.06107775
Checkpoint not saved at epoch 2726000, loss did not improve.
2726000 1.6542085409164429 0.057110243 0.059951298
Saving checkpoint at epoch 2727000 with improved loss: 1.5599628686904907
Model checkpoint saved at epoch 2727000, batch 1
2727000 1.563336968421936 0.056309227 0.057734758
Checkpoint not saved at epoch 2728000, loss did not improve.
2728000 1.5667648315429688 0.05634007 0.057597805
Checkpoint not saved at epoch 2729000, loss did not improve.
2729000 1.7573604583740234 0.057980455 0.057437498
Checkpoint not saved at epoch 2730000, loss did not improve.
2730000 2.0638511180877686 0.06035816 0.059291955
Checkpoint not saved at epoch 2731000, loss did not improve.
2731000 1.7057576179504395 0.057550054 0.06179946
Checkpoint not saved at epoch 2732000, loss did not improve.
2732000 2.1653969287872314 0.06108728 0.061021376
Checkpoint not saved at epoch 2733000, loss did not improve.
2733000 1.6252024173736572 0.05685822 0.05810874
Checkpoint not saved at epoch 2734000, loss did not improve.
2734000 1.7404402494430542 0.05784039 0.05915393
Checkpoint not saved at epoch 2735000, loss did not improve.
2735000 1.8414015769958496 0.05866155 0.060076438
Checkpoint not saved at epoch 2736000, loss did not improve.
2736000 1.6002721786499023 0.05663891 0.057416167
Checkpoint not saved at epoch 2737000, loss did not improve.
2737000 2.2791364192962646 0.061874114 0.06172443
Checkpoint not saved at epoch 2738000, loss did not improve.
2738000 1.6764578819274902 0.057301313 0.057935655
Checkpoint not saved at epoch 2739000, loss did not improve.
2739000 1.7603538036346436 0.05800513 0.057230394
Checkpoint not saved at epoch 2740000, loss did not improve.
2740000 1.6797385215759277 0.05732933 0.057819583
Checkpoint not saved at epoch 2741000, loss did not improve.
2741000 1.6185081005096436 0.05679958 0.0567859
Checkpoint not saved at epoch 2742000, loss did not improve.
2742000 1.8872584104537964 0.059023406 0.058116548
Checkpoint not saved at epoch 2743000, loss did not improve.
2743000 1.6420998573303223 0.057005443 0.057589084
Checkpoint not saved at epoch 2744000, loss did not improve.
2744000 1.728550910949707 0.057741355 0.05690692
Checkpoint not saved at epoch 2745000, loss did not improve.
2745000 1.7744309902191162 0.05812075 0.059612326
Checkpoint not saved at epoch 2746000, loss did not improve.
2746000 1.88437020778656 0.059000805 0.058093738
Checkpoint not saved at epoch 2747000, loss did not improve.
2747000 1.6882277727127075 0.057401624 0.05918586
Checkpoint not saved at epoch 2748000, loss did not improve.
2748000 1.7870948314666748 0.05822417 0.057276558
Checkpoint not saved at epoch 2749000, loss did not improve.
2749000 1.691102385520935 0.057426043 0.055743996
Checkpoint not saved at epoch 2750000, loss did not improve.
2750000 1.9300007820129395 0.05935479 0.059587393
Checkpoint not saved at epoch 2751000, loss did not improve.
2751000 1.8010553121566772 0.05833755 0.05600193
Checkpoint not saved at epoch 2752000, loss did not improve.
2752000 1.8766361474990845 0.05894018 0.06268831
Checkpoint not saved at epoch 2753000, loss did not improve.
2753000 1.870875597000122 0.058894895 0.057704717
Checkpoint not saved at epoch 2754000, loss did not improve.
2754000 1.603381633758545 0.0566664 0.05807841
Checkpoint not saved at epoch 2755000, loss did not improve.
2755000 1.686392068862915 0.057386015 0.059877936
Checkpoint not saved at epoch 2756000, loss did not improve.
2756000 1.9479331970214844 0.05949219 0.058664452
Checkpoint not saved at epoch 2757000, loss did not improve.
2757000 2.928557872772217 0.0658764 0.06413324
Saving checkpoint at epoch 2758000 with improved loss: 1.5547529458999634
Model checkpoint saved at epoch 2758000, batch 1
2758000 1.591845989227295 0.056564204 0.058338664
Checkpoint not saved at epoch 2759000, loss did not improve.
2759000 1.7429437637329102 0.057861175 0.05813462
Checkpoint not saved at epoch 2760000, loss did not improve.
2760000 1.8188865184783936 0.058481406 0.05677886
Checkpoint not saved at epoch 2761000, loss did not improve.
2761000 1.6350324153900146 0.056944005 0.05626009
Checkpoint not saved at epoch 2762000, loss did not improve.
2762000 1.8695123195648193 0.058884166 0.0586122
Checkpoint not saved at epoch 2763000, loss did not improve.
2763000 1.6096460819244385 0.056721672 0.056626018
Checkpoint not saved at epoch 2764000, loss did not improve.
2764000 1.6019905805587769 0.05665411 0.057099212
Checkpoint not saved at epoch 2765000, loss did not improve.
2765000 1.7444367408752441 0.05787357 0.057702795
Checkpoint not saved at epoch 2766000, loss did not improve.
2766000 1.6858078241348267 0.05738104 0.05907506
Checkpoint not saved at epoch 2767000, loss did not improve.
2767000 1.7450886964797974 0.05787897 0.05817902
Checkpoint not saved at epoch 2768000, loss did not improve.
2768000 1.5695871114730835 0.056365423 0.056955464
Checkpoint not saved at epoch 2769000, loss did not improve.
2769000 2.1817991733551025 0.061202638 0.061431903
Checkpoint not saved at epoch 2770000, loss did not improve.
2770000 1.580223798751831 0.056460675 0.055456985
Checkpoint not saved at epoch 2771000, loss did not improve.
2771000 1.699679970741272 0.057498723 0.0567251
Checkpoint not saved at epoch 2772000, loss did not improve.
2772000 1.5641862154006958 0.05631687 0.056051858
Checkpoint not saved at epoch 2773000, loss did not improve.
2773000 2.2499771118164062 0.061675247 0.06346042
Checkpoint not saved at epoch 2774000, loss did not improve.
2774000 1.6619176864624023 0.057176664 0.057389833
Checkpoint not saved at epoch 2775000, loss did not improve.
2775000 1.6125022172927856 0.056746818 0.057230875
Checkpoint not saved at epoch 2776000, loss did not improve.
2776000 1.5417064428329468 0.056113433 0.05588695
Checkpoint not saved at epoch 2777000, loss did not improve.
2777000 1.9473202228546143 0.059487503 0.056766365
Checkpoint not saved at epoch 2778000, loss did not improve.
2778000 1.6043667793273926 0.056675103 0.05601691
Checkpoint not saved at epoch 2779000, loss did not improve.
2779000 1.5975086688995361 0.056614444 0.056160886
Checkpoint not saved at epoch 2780000, loss did not improve.
2780000 1.7398000955581665 0.05783507 0.057904676
Checkpoint not saved at epoch 2781000, loss did not improve.
2781000 1.5790761709213257 0.056450423 0.056823645
Saving checkpoint at epoch 2782000 with improved loss: 1.5527743101119995
Model checkpoint saved at epoch 2782000, batch 1
2782000 1.5658773183822632 0.056332093 0.05790953
Checkpoint not saved at epoch 2783000, loss did not improve.
2783000 1.6880254745483398 0.057399902 0.057025578
Checkpoint not saved at epoch 2784000, loss did not improve.
2784000 1.7552239894866943 0.057962827 0.05803476
Checkpoint not saved at epoch 2785000, loss did not improve.
2785000 2.0682594776153564 0.060390368 0.06389914
Checkpoint not saved at epoch 2786000, loss did not improve.
2786000 1.6568245887756348 0.057132807 0.059626102
Checkpoint not saved at epoch 2787000, loss did not improve.
2787000 1.8034698963165283 0.058357093 0.05738006
Checkpoint not saved at epoch 2788000, loss did not improve.
2788000 1.5741636753082275 0.05640647 0.058732238
Checkpoint not saved at epoch 2789000, loss did not improve.
2789000 1.646926999092102 0.05704729 0.057119455
Checkpoint not saved at epoch 2790000, loss did not improve.
2790000 1.5514705181121826 0.05620207 0.057992656
Checkpoint not saved at epoch 2791000, loss did not improve.
2791000 1.6509655714035034 0.05708223 0.057447616
Checkpoint not saved at epoch 2792000, loss did not improve.
2792000 1.9954636096954346 0.059851825 0.062001135
Checkpoint not saved at epoch 2793000, loss did not improve.
2793000 1.6910109519958496 0.057425268 0.059813086
Checkpoint not saved at epoch 2794000, loss did not improve.
2794000 2.1026153564453125 0.060639605 0.06601979
Checkpoint not saved at epoch 2795000, loss did not improve.
2795000 1.603026032447815 0.056663264 0.060213838
Checkpoint not saved at epoch 2796000, loss did not improve.
2796000 1.592413306236267 0.056569245 0.058499273
Checkpoint not saved at epoch 2797000, loss did not improve.
2797000 2.0828895568847656 0.06049688 0.065296985
Checkpoint not saved at epoch 2798000, loss did not improve.
2798000 1.579576015472412 0.05645489 0.0577784
Checkpoint not saved at epoch 2799000, loss did not improve.
2799000 1.5975421667099 0.05661474 0.05983035
Checkpoint not saved at epoch 2800000, loss did not improve.
2800000 2.0712080001831055 0.06041188 0.06306869
Checkpoint not saved at epoch 2801000, loss did not improve.
2801000 1.8856772184371948 0.05901104 0.067076996
Checkpoint not saved at epoch 2802000, loss did not improve.
2802000 1.7043217420578003 0.057537943 0.05942657
Checkpoint not saved at epoch 2803000, loss did not improve.
2803000 1.7167749404907227 0.057642758 0.06485366
Checkpoint not saved at epoch 2804000, loss did not improve.
2804000 1.8781014680862427 0.058951672 0.060851347
Checkpoint not saved at epoch 2805000, loss did not improve.
2805000 1.6459450721740723 0.057038784 0.058114666
Checkpoint not saved at epoch 2806000, loss did not improve.
2806000 1.5369988679885864 0.056070548 0.05910972
Checkpoint not saved at epoch 2807000, loss did not improve.
2807000 1.5883814096450806 0.056533404 0.062206436
Checkpoint not saved at epoch 2808000, loss did not improve.
2808000 1.6913514137268066 0.057428163 0.06258561
Saving checkpoint at epoch 2809000 with improved loss: 1.551405906677246
Model checkpoint saved at epoch 2809000, batch 1
2809000 1.6029753684997559 0.056662813 0.061484154
Checkpoint not saved at epoch 2810000, loss did not improve.
2810000 1.6233614683151245 0.05684212 0.057477754
Checkpoint not saved at epoch 2811000, loss did not improve.
2811000 1.7470896244049072 0.057895552 0.056647085
Checkpoint not saved at epoch 2812000, loss did not improve.
2812000 1.675784707069397 0.057295557 0.057552956
Saving checkpoint at epoch 2813000 with improved loss: 1.526489496231079
Model checkpoint saved at epoch 2813000, batch 1
2813000 1.5181045532226562 0.055897433 0.058071177
Checkpoint not saved at epoch 2814000, loss did not improve.
2814000 1.517988920211792 0.055896368 0.05776523
Saving checkpoint at epoch 2815000 with improved loss: 1.507743000984192
Model checkpoint saved at epoch 2815000, batch 1
2815000 1.5140951871871948 0.055860486 0.058254797
Checkpoint not saved at epoch 2816000, loss did not improve.
2816000 1.5513174533843994 0.056200683 0.058730867
Checkpoint not saved at epoch 2817000, loss did not improve.
2817000 1.7537391185760498 0.057950567 0.06489695
Checkpoint not saved at epoch 2818000, loss did not improve.
2818000 1.5607571601867676 0.056285985 0.060108915
Checkpoint not saved at epoch 2819000, loss did not improve.
2819000 1.677473545074463 0.057309993 0.06307453
Checkpoint not saved at epoch 2820000, loss did not improve.
2820000 1.5357969999313354 0.056059584 0.060881317
Checkpoint not saved at epoch 2821000, loss did not improve.
2821000 2.1896097660064697 0.061257336 0.06161642
Checkpoint not saved at epoch 2822000, loss did not improve.
2822000 1.7655974626541138 0.058048278 0.06299297
Checkpoint not saved at epoch 2823000, loss did not improve.
2823000 1.514529824256897 0.055864494 0.06078695
Checkpoint not saved at epoch 2824000, loss did not improve.
2824000 1.5260136127471924 0.05597009 0.060777623
Checkpoint not saved at epoch 2825000, loss did not improve.
2825000 1.6553469896316528 0.057120066 0.05644737
Checkpoint not saved at epoch 2826000, loss did not improve.
2826000 1.5508244037628174 0.05619622 0.05924446
Checkpoint not saved at epoch 2827000, loss did not improve.
2827000 1.679471731185913 0.05732705 0.056810938
Checkpoint not saved at epoch 2828000, loss did not improve.
2828000 1.538528323173523 0.056084495 0.057273287
Checkpoint not saved at epoch 2829000, loss did not improve.
2829000 1.5714962482452393 0.05638256 0.056280807
Checkpoint not saved at epoch 2830000, loss did not improve.
2830000 1.7666598558425903 0.058057006 0.063932024
Checkpoint not saved at epoch 2831000, loss did not improve.
2831000 1.5212862491607666 0.055926695 0.05931627
Checkpoint not saved at epoch 2832000, loss did not improve.
2832000 1.553756833076477 0.056222767 0.059637334
Checkpoint not saved at epoch 2833000, loss did not improve.
2833000 1.7574725151062012 0.057981387 0.056818657
Checkpoint not saved at epoch 2834000, loss did not improve.
2834000 1.6192102432250977 0.056805745 0.05839987
Checkpoint not saved at epoch 2835000, loss did not improve.
2835000 1.5357611179351807 0.05605926 0.0593768
Checkpoint not saved at epoch 2836000, loss did not improve.
2836000 1.708656907081604 0.057574496 0.059136618
Checkpoint not saved at epoch 2837000, loss did not improve.
2837000 1.6552515029907227 0.057119243 0.057986822
Checkpoint not saved at epoch 2838000, loss did not improve.
2838000 1.9261751174926758 0.05932536 0.06549463
Checkpoint not saved at epoch 2839000, loss did not improve.
2839000 1.5879977941513062 0.056529988 0.057747465
Checkpoint not saved at epoch 2840000, loss did not improve.
2840000 1.7354073524475098 0.057798527 0.056466248
Checkpoint not saved at epoch 2841000, loss did not improve.
2841000 1.6216312646865845 0.056826964 0.059697468
Checkpoint not saved at epoch 2842000, loss did not improve.
2842000 2.4072320461273193 0.06272576 0.056011386
Checkpoint not saved at epoch 2843000, loss did not improve.
2843000 1.6290034055709839 0.056891438 0.05797485
Checkpoint not saved at epoch 2844000, loss did not improve.
2844000 1.5863735675811768 0.05651553 0.057480697
Checkpoint not saved at epoch 2845000, loss did not improve.
2845000 1.5277156829833984 0.05598569 0.057984587
Checkpoint not saved at epoch 2846000, loss did not improve.
2846000 1.6690466403961182 0.057237882 0.058102302
Checkpoint not saved at epoch 2847000, loss did not improve.
2847000 1.5763822793960571 0.056426328 0.057671476
Checkpoint not saved at epoch 2848000, loss did not improve.
2848000 1.702169418334961 0.057519767 0.056669842
Checkpoint not saved at epoch 2849000, loss did not improve.
2849000 1.5984445810317993 0.056622732 0.0571585
Checkpoint not saved at epoch 2850000, loss did not improve.
2850000 2.2904274463653564 0.061950605 0.05851899
Checkpoint not saved at epoch 2851000, loss did not improve.
2851000 1.6911455392837524 0.05742641 0.06023663
Checkpoint not saved at epoch 2852000, loss did not improve.
2852000 1.607398509979248 0.056701858 0.056158267
Checkpoint not saved at epoch 2853000, loss did not improve.
2853000 1.676991581916809 0.057305876 0.057311274
Checkpoint not saved at epoch 2854000, loss did not improve.
2854000 1.5538866519927979 0.05622394 0.057754695
Checkpoint not saved at epoch 2855000, loss did not improve.
2855000 1.6134507656097412 0.056755155 0.057033464
Checkpoint not saved at epoch 2856000, loss did not improve.
2856000 2.301992416381836 0.062028658 0.06173537
Checkpoint not saved at epoch 2857000, loss did not improve.
2857000 1.5743939876556396 0.05640853 0.056888003
Checkpoint not saved at epoch 2858000, loss did not improve.
2858000 1.611328363418579 0.056736484 0.060248524
Checkpoint not saved at epoch 2859000, loss did not improve.
2859000 1.8064581155776978 0.058381245 0.062192354
Checkpoint not saved at epoch 2860000, loss did not improve.
2860000 1.9078460931777954 0.05918372 0.059714634
Checkpoint not saved at epoch 2861000, loss did not improve.
2861000 1.586144208908081 0.056513485 0.059099793
Checkpoint not saved at epoch 2862000, loss did not improve.
2862000 1.7437407970428467 0.05786779 0.06084942
Checkpoint not saved at epoch 2863000, loss did not improve.
2863000 1.5522654056549072 0.056209266 0.056642417
Checkpoint not saved at epoch 2864000, loss did not improve.
2864000 1.5236316919326782 0.05594824 0.056816805
Checkpoint not saved at epoch 2865000, loss did not improve.
2865000 1.5697400569915771 0.0563668 0.057734422
Checkpoint not saved at epoch 2866000, loss did not improve.
2866000 1.5812782049179077 0.056470092 0.05721133
Checkpoint not saved at epoch 2867000, loss did not improve.
2867000 1.9029110670089722 0.059145406 0.061335146
Checkpoint not saved at epoch 2868000, loss did not improve.
2868000 1.547546148300171 0.056166496 0.057112962
Checkpoint not saved at epoch 2869000, loss did not improve.
2869000 1.6776401996612549 0.057311416 0.057540193
Checkpoint not saved at epoch 2870000, loss did not improve.
2870000 1.8324923515319824 0.058590468 0.058751155
Checkpoint not saved at epoch 2871000, loss did not improve.
2871000 1.5127938985824585 0.05584848 0.055878226
Checkpoint not saved at epoch 2872000, loss did not improve.
2872000 1.5208380222320557 0.05592258 0.05666379
Checkpoint not saved at epoch 2873000, loss did not improve.
2873000 1.5761172771453857 0.05642396 0.057291247
Checkpoint not saved at epoch 2874000, loss did not improve.
2874000 1.611698865890503 0.056739748 0.058991365
Checkpoint not saved at epoch 2875000, loss did not improve.
2875000 1.938926339149475 0.059423298 0.061774712
Checkpoint not saved at epoch 2876000, loss did not improve.
2876000 1.535280704498291 0.05605487 0.05812614
Checkpoint not saved at epoch 2877000, loss did not improve.
2877000 1.697862982749939 0.057483353 0.058372725
Checkpoint not saved at epoch 2878000, loss did not improve.
2878000 1.5971490144729614 0.05661125 0.057224855
Checkpoint not saved at epoch 2879000, loss did not improve.
2879000 1.8589534759521484 0.058800843 0.06229756
Checkpoint not saved at epoch 2880000, loss did not improve.
2880000 1.638954758644104 0.05697812 0.059766006
Checkpoint not saved at epoch 2881000, loss did not improve.
2881000 2.2199606895446777 0.061468516 0.059108235
Checkpoint not saved at epoch 2882000, loss did not improve.
2882000 1.525217890739441 0.055962794 0.057857182
Checkpoint not saved at epoch 2883000, loss did not improve.
2883000 1.5506471395492554 0.05619461 0.05638735
Checkpoint not saved at epoch 2884000, loss did not improve.
2884000 1.743207573890686 0.05786337 0.06003524
Checkpoint not saved at epoch 2885000, loss did not improve.
2885000 1.9281482696533203 0.059340544 0.06154515
Checkpoint not saved at epoch 2886000, loss did not improve.
2886000 1.5430121421813965 0.05612531 0.057538122
Checkpoint not saved at epoch 2887000, loss did not improve.
2887000 1.7073067426681519 0.057563115 0.05609984
Checkpoint not saved at epoch 2888000, loss did not improve.
2888000 1.6920676231384277 0.05743424 0.05677622
Checkpoint not saved at epoch 2889000, loss did not improve.
2889000 1.5312823057174683 0.05601834 0.057339936
Checkpoint not saved at epoch 2890000, loss did not improve.
2890000 1.5709086656570435 0.056377288 0.0597872
Checkpoint not saved at epoch 2891000, loss did not improve.
2891000 1.8019843101501465 0.05834507 0.060939543
Checkpoint not saved at epoch 2892000, loss did not improve.
2892000 1.7120745182037354 0.057603262 0.056238525
Checkpoint not saved at epoch 2893000, loss did not improve.
2893000 1.5097475051879883 0.055820342 0.057169378
Checkpoint not saved at epoch 2894000, loss did not improve.
2894000 1.5965687036514282 0.056606114 0.05727982
Checkpoint not saved at epoch 2895000, loss did not improve.
2895000 1.6996949911117554 0.05749885 0.057787236
Checkpoint not saved at epoch 2896000, loss did not improve.
2896000 1.630447506904602 0.056904044 0.056956954
Checkpoint not saved at epoch 2897000, loss did not improve.
2897000 1.53746497631073 0.0560748 0.05737688
Checkpoint not saved at epoch 2898000, loss did not improve.
2898000 1.8121107816696167 0.058426864 0.059961833
Checkpoint not saved at epoch 2899000, loss did not improve.
2899000 1.7571280002593994 0.05797854 0.061116602
Checkpoint not saved at epoch 2900000, loss did not improve.
2900000 1.5144424438476562 0.05586369 0.0572159
Checkpoint not saved at epoch 2901000, loss did not improve.
2901000 1.5042610168457031 0.05576955 0.056828007
Checkpoint not saved at epoch 2902000, loss did not improve.
2902000 1.8531843423843384 0.058755174 0.056993376
Checkpoint not saved at epoch 2903000, loss did not improve.
2903000 1.6806161403656006 0.057336815 0.05942755
Checkpoint not saved at epoch 2904000, loss did not improve.
2904000 1.8329139947891235 0.058593832 0.056109797
Saving checkpoint at epoch 2905000 with improved loss: 1.5039317607879639
Model checkpoint saved at epoch 2905000, batch 1
2905000 1.4947638511657715 0.055681325 0.05784686
Checkpoint not saved at epoch 2906000, loss did not improve.
2906000 1.62693190574646 0.056873344 0.059423745
Checkpoint not saved at epoch 2907000, loss did not improve.
2907000 1.8481515645980835 0.05871524 0.056107692
Checkpoint not saved at epoch 2908000, loss did not improve.
2908000 1.6059794425964355 0.05668934 0.059838783
Checkpoint not saved at epoch 2909000, loss did not improve.
2909000 1.8572490215301514 0.05878736 0.061328392
Checkpoint not saved at epoch 2910000, loss did not improve.
2910000 1.6022961139678955 0.05665681 0.057228982
Checkpoint not saved at epoch 2911000, loss did not improve.
2911000 2.0773890018463135 0.060456898 0.06161964
Checkpoint not saved at epoch 2912000, loss did not improve.
2912000 1.7123501300811768 0.057605583 0.05567768
Checkpoint not saved at epoch 2913000, loss did not improve.
2913000 1.7715585231781006 0.058097214 0.060201414
Checkpoint not saved at epoch 2914000, loss did not improve.
2914000 1.5658140182495117 0.05633152 0.056193355
Checkpoint not saved at epoch 2915000, loss did not improve.
2915000 1.5985336303710938 0.05662352 0.060236324
Checkpoint not saved at epoch 2916000, loss did not improve.
2916000 1.6491974592208862 0.05706694 0.057168026
Checkpoint not saved at epoch 2917000, loss did not improve.
2917000 1.529630184173584 0.056003228 0.056406897
Checkpoint not saved at epoch 2918000, loss did not improve.
2918000 1.8084042072296143 0.05839696 0.056759007
Checkpoint not saved at epoch 2919000, loss did not improve.
2919000 1.5278575420379639 0.055986997 0.058359895
Checkpoint not saved at epoch 2920000, loss did not improve.
2920000 1.5516120195388794 0.056203354 0.060654826
Checkpoint not saved at epoch 2921000, loss did not improve.
2921000 1.5772309303283691 0.05643393 0.056229692
Checkpoint not saved at epoch 2922000, loss did not improve.
2922000 1.661808967590332 0.05717573 0.057787396
Checkpoint not saved at epoch 2923000, loss did not improve.
2923000 1.4932490587234497 0.055667218 0.059037462
Checkpoint not saved at epoch 2924000, loss did not improve.
2924000 1.553991436958313 0.056224886 0.056399427
Checkpoint not saved at epoch 2925000, loss did not improve.
2925000 1.5026650428771973 0.055754762 0.059900645
Checkpoint not saved at epoch 2926000, loss did not improve.
2926000 1.6923213005065918 0.057436388 0.05697132
Saving checkpoint at epoch 2927000 with improved loss: 1.502636194229126
Model checkpoint saved at epoch 2927000, batch 1
2927000 1.5100985765457153 0.055823587 0.058207784
Checkpoint not saved at epoch 2928000, loss did not improve.
2928000 1.5733176469802856 0.056398887 0.062803745
Checkpoint not saved at epoch 2929000, loss did not improve.
2929000 1.535542607307434 0.056057263 0.06348456
Checkpoint not saved at epoch 2930000, loss did not improve.
2930000 1.8115500211715698 0.05842235 0.06069531
Checkpoint not saved at epoch 2931000, loss did not improve.
2931000 1.785934329032898 0.058214717 0.0632794
Checkpoint not saved at epoch 2932000, loss did not improve.
2932000 1.8379656076431274 0.058634166 0.056735367
Saving checkpoint at epoch 2933000 with improved loss: 1.4861170053482056
Model checkpoint saved at epoch 2933000, batch 1
2933000 1.4805142879486084 0.055548143 0.05809652
Checkpoint not saved at epoch 2934000, loss did not improve.
2934000 1.8047508001327515 0.058367454 0.064903036
Checkpoint not saved at epoch 2935000, loss did not improve.
2935000 1.600794792175293 0.056643534 0.058785588
Checkpoint not saved at epoch 2936000, loss did not improve.
2936000 1.775666356086731 0.05813086 0.056522783
Checkpoint not saved at epoch 2937000, loss did not improve.
2937000 1.587842345237732 0.0565286 0.05660368
Checkpoint not saved at epoch 2938000, loss did not improve.
2938000 1.5726311206817627 0.056392733 0.059473943
Checkpoint not saved at epoch 2939000, loss did not improve.
2939000 1.5360130071640015 0.05606156 0.05991416
Checkpoint not saved at epoch 2940000, loss did not improve.
2940000 1.490418553352356 0.055640817 0.058132835
Checkpoint not saved at epoch 2941000, loss did not improve.
2941000 1.5618345737457275 0.056295693 0.062147424
Checkpoint not saved at epoch 2942000, loss did not improve.
2942000 1.7737373113632202 0.058115065 0.056602906
Checkpoint not saved at epoch 2943000, loss did not improve.
2943000 1.521962285041809 0.05593291 0.05900012
Checkpoint not saved at epoch 2944000, loss did not improve.
2944000 1.621355652809143 0.056824546 0.061546817
Checkpoint not saved at epoch 2945000, loss did not improve.
2945000 1.7378156185150146 0.05781857 0.05642322
Checkpoint not saved at epoch 2946000, loss did not improve.
2946000 1.5764340162277222 0.056426793 0.05994514
Checkpoint not saved at epoch 2947000, loss did not improve.
2947000 1.4891384840011597 0.055628866 0.06145951
Checkpoint not saved at epoch 2948000, loss did not improve.
2948000 2.052107334136963 0.060272116 0.063120306
Checkpoint not saved at epoch 2949000, loss did not improve.
2949000 1.5437685251235962 0.056132194 0.061885428
Checkpoint not saved at epoch 2950000, loss did not improve.
2950000 2.120013952255249 0.060764663 0.05541541
Checkpoint not saved at epoch 2951000, loss did not improve.
2951000 1.545760154724121 0.05615028 0.05747918
Checkpoint not saved at epoch 2952000, loss did not improve.
2952000 1.59502112865448 0.05659239 0.06195923
Checkpoint not saved at epoch 2953000, loss did not improve.
2953000 1.9489059448242188 0.059499614 0.063412726
Saving checkpoint at epoch 2954000 with improved loss: 1.4825438261032104
Model checkpoint saved at epoch 2954000, batch 1
2954000 1.4819090366363525 0.055561222 0.05761587
Checkpoint not saved at epoch 2955000, loss did not improve.
2955000 1.5187751054763794 0.055903602 0.05751112
Checkpoint not saved at epoch 2956000, loss did not improve.
2956000 1.8262404203414917 0.05854043 0.063586764
Checkpoint not saved at epoch 2957000, loss did not improve.
2957000 1.5143556594848633 0.05586289 0.059987612
Checkpoint not saved at epoch 2958000, loss did not improve.
2958000 1.921269178390503 0.059287544 0.06306325
Checkpoint not saved at epoch 2959000, loss did not improve.
2959000 1.5529382228851318 0.056215357 0.061551046
Checkpoint not saved at epoch 2960000, loss did not improve.
2960000 1.8860042095184326 0.059013598 0.06211217
Checkpoint not saved at epoch 2961000, loss did not improve.
2961000 1.7051640748977661 0.05754505 0.06430497
Checkpoint not saved at epoch 2962000, loss did not improve.
2962000 1.5369014739990234 0.05606966 0.059828244
Saving checkpoint at epoch 2963000 with improved loss: 1.4656424522399902
Model checkpoint saved at epoch 2963000, batch 1
2963000 1.4741947650909424 0.05548878 0.06116154
Checkpoint not saved at epoch 2964000, loss did not improve.
2964000 1.6983461380004883 0.05748744 0.058046382
Checkpoint not saved at epoch 2965000, loss did not improve.
2965000 1.491990089416504 0.05565548 0.05840862
Checkpoint not saved at epoch 2966000, loss did not improve.
2966000 1.6459059715270996 0.057038445 0.055928014
Checkpoint not saved at epoch 2967000, loss did not improve.
2967000 1.8587125539779663 0.05879894 0.06257381
Checkpoint not saved at epoch 2968000, loss did not improve.
2968000 1.7239822149276733 0.057703167 0.06268039
Checkpoint not saved at epoch 2969000, loss did not improve.
2969000 2.2237558364868164 0.06149478 0.068616934
Checkpoint not saved at epoch 2970000, loss did not improve.
2970000 1.5334484577178955 0.056038145 0.059555322
Checkpoint not saved at epoch 2971000, loss did not improve.
2971000 1.5375529527664185 0.0560756 0.056982245
Checkpoint not saved at epoch 2972000, loss did not improve.
2972000 1.8051482439041138 0.058370665 0.065658204
Checkpoint not saved at epoch 2973000, loss did not improve.
2973000 1.6194521188735962 0.05680787 0.05783221
Checkpoint not saved at epoch 2974000, loss did not improve.
2974000 1.5464071035385132 0.05615616 0.061952658
Checkpoint not saved at epoch 2975000, loss did not improve.
2975000 1.977469801902771 0.059716437 0.06292547
Checkpoint not saved at epoch 2976000, loss did not improve.
2976000 1.631535530090332 0.05691353 0.056550972
Checkpoint not saved at epoch 2977000, loss did not improve.
2977000 1.5897483825683594 0.05654556 0.06312309
Checkpoint not saved at epoch 2978000, loss did not improve.
2978000 3.468994140625 0.0687254 0.065913446
Checkpoint not saved at epoch 2979000, loss did not improve.
2979000 1.5033061504364014 0.055760708 0.056811158
Checkpoint not saved at epoch 2980000, loss did not improve.
2980000 1.5147705078125 0.055866715 0.060258437
Checkpoint not saved at epoch 2981000, loss did not improve.
2981000 1.8010988235473633 0.0583379 0.056504436
Checkpoint not saved at epoch 2982000, loss did not improve.
2982000 1.5033551454544067 0.055761166 0.060295157
Checkpoint not saved at epoch 2983000, loss did not improve.
2983000 1.917706847190857 0.05926005 0.062389523
Saving checkpoint at epoch 2984000 with improved loss: 1.4517006874084473
Model checkpoint saved at epoch 2984000, batch 1
2984000 1.4593576192855835 0.055348627 0.058461506
Checkpoint not saved at epoch 2985000, loss did not improve.
2985000 1.6085357666015625 0.056711886 0.05828411
Checkpoint not saved at epoch 2986000, loss did not improve.
2986000 1.90256929397583 0.059142757 0.055637915
Checkpoint not saved at epoch 2987000, loss did not improve.
2987000 1.5436053276062012 0.056130704 0.058579847
Checkpoint not saved at epoch 2988000, loss did not improve.
2988000 1.8172376155853271 0.058468148 0.058582928
Checkpoint not saved at epoch 2989000, loss did not improve.
2989000 1.5158393383026123 0.055876568 0.058899906
Checkpoint not saved at epoch 2990000, loss did not improve.
2990000 1.5226365327835083 0.0559391 0.06082929
Checkpoint not saved at epoch 2991000, loss did not improve.
2991000 1.562129020690918 0.05629835 0.057815135
Checkpoint not saved at epoch 2992000, loss did not improve.
2992000 2.1590592861175537 0.061042532 0.05582792
Checkpoint not saved at epoch 2993000, loss did not improve.
2993000 1.6553210020065308 0.057119843 0.059037227
Checkpoint not saved at epoch 2994000, loss did not improve.
2994000 1.4952377080917358 0.05568574 0.056255274
Checkpoint not saved at epoch 2995000, loss did not improve.
2995000 1.9687174558639526 0.05965025 0.062201597
Checkpoint not saved at epoch 2996000, loss did not improve.
2996000 1.7124543190002441 0.05760646 0.05582911
Checkpoint not saved at epoch 2997000, loss did not improve.
2997000 1.6512160301208496 0.057084393 0.059124615
Checkpoint not saved at epoch 2998000, loss did not improve.
2998000 1.49187433719635 0.055654395 0.05703552
Checkpoint not saved at epoch 2999000, loss did not improve.
2999000 1.5907155275344849 0.056554157 0.055851802
Checkpoint not saved at epoch 3000000, loss did not improve.
3000000 1.82713782787323 0.05854762 0.060055748
Checkpoint not saved at epoch 3001000, loss did not improve.
3001000 1.6746125221252441 0.057285536 0.059158202
Checkpoint not saved at epoch 3002000, loss did not improve.
3002000 1.6502822637557983 0.057076316 0.055548966
Checkpoint not saved at epoch 3003000, loss did not improve.
3003000 1.4811948537826538 0.055554528 0.0569025
Checkpoint not saved at epoch 3004000, loss did not improve.
3004000 2.377650022506714 0.06253215 0.06963359
Checkpoint not saved at epoch 3005000, loss did not improve.
3005000 2.2678306102752686 0.061797243 0.059496112
Checkpoint not saved at epoch 3006000, loss did not improve.
3006000 1.834604024887085 0.05860734 0.058427542
Checkpoint not saved at epoch 3007000, loss did not improve.
3007000 1.792204737663269 0.05826575 0.058182262
Checkpoint not saved at epoch 3008000, loss did not improve.
3008000 1.4604430198669434 0.05535892 0.057718996
Checkpoint not saved at epoch 3009000, loss did not improve.
3009000 1.621230959892273 0.05682345 0.060001537
Checkpoint not saved at epoch 3010000, loss did not improve.
3010000 1.5961527824401855 0.056602426 0.058814608
Checkpoint not saved at epoch 3011000, loss did not improve.
3011000 1.479512095451355 0.055538744 0.05661664
Saving checkpoint at epoch 3012000 with improved loss: 1.4443042278289795
Model checkpoint saved at epoch 3012000, batch 1
3012000 1.4499212503433228 0.05525894 0.056742776
Checkpoint not saved at epoch 3013000, loss did not improve.
3013000 1.706151008605957 0.057553373 0.055561952
Checkpoint not saved at epoch 3014000, loss did not improve.
3014000 1.5451104640960693 0.056144383 0.056170255
Checkpoint not saved at epoch 3015000, loss did not improve.
3015000 1.5049115419387817 0.055775587 0.05755834
Checkpoint not saved at epoch 3016000, loss did not improve.
3016000 1.667622685432434 0.057225667 0.055422254
Checkpoint not saved at epoch 3017000, loss did not improve.
3017000 1.5841262340545654 0.056495503 0.05959727
Checkpoint not saved at epoch 3018000, loss did not improve.
3018000 1.4840830564498901 0.055581592 0.05715544
Checkpoint not saved at epoch 3019000, loss did not improve.
3019000 1.6602400541305542 0.057162225 0.056711145
Checkpoint not saved at epoch 3020000, loss did not improve.
3020000 1.6515580415725708 0.05708735 0.061902493
Checkpoint not saved at epoch 3021000, loss did not improve.
3021000 1.4781365394592285 0.05552583 0.05727049
Checkpoint not saved at epoch 3022000, loss did not improve.
3022000 1.4687910079956055 0.055437855 0.057113804
Checkpoint not saved at epoch 3023000, loss did not improve.
3023000 1.5953285694122314 0.056595117 0.06281235
Checkpoint not saved at epoch 3024000, loss did not improve.
3024000 1.5254091024398804 0.05596455 0.058219604
Checkpoint not saved at epoch 3025000, loss did not improve.
3025000 1.5036883354187012 0.055764254 0.055841874
Checkpoint not saved at epoch 3026000, loss did not improve.
3026000 1.617215871810913 0.05678824 0.06164068
Checkpoint not saved at epoch 3027000, loss did not improve.
3027000 1.4610618352890015 0.055364784 0.05732137
Checkpoint not saved at epoch 3028000, loss did not improve.
3028000 1.444705843925476 0.05520918 0.059240144
Checkpoint not saved at epoch 3029000, loss did not improve.
3029000 2.220449924468994 0.061471906 0.06560471
Checkpoint not saved at epoch 3030000, loss did not improve.
3030000 1.4804668426513672 0.055547703 0.058695067
Checkpoint not saved at epoch 3031000, loss did not improve.
3031000 1.6950899362564087 0.05745987 0.06211559
Checkpoint not saved at epoch 3032000, loss did not improve.
3032000 1.743327260017395 0.05786436 0.060774617
Checkpoint not saved at epoch 3033000, loss did not improve.
3033000 1.6037404537200928 0.056669574 0.055795807
Checkpoint not saved at epoch 3034000, loss did not improve.
3034000 1.9742246866226196 0.05969192 0.05583484
Checkpoint not saved at epoch 3035000, loss did not improve.
3035000 1.7286900281906128 0.057742514 0.059309863
Checkpoint not saved at epoch 3036000, loss did not improve.
3036000 1.7890231609344482 0.05823987 0.059844002
Checkpoint not saved at epoch 3037000, loss did not improve.
3037000 1.4437615871429443 0.05520016 0.056327205
Checkpoint not saved at epoch 3038000, loss did not improve.
3038000 1.5315912961959839 0.056021165 0.057608966
Checkpoint not saved at epoch 3039000, loss did not improve.
3039000 1.6891813278198242 0.05740973 0.056572273
Checkpoint not saved at epoch 3040000, loss did not improve.
3040000 1.5547789335250854 0.05623201 0.05856204
Checkpoint not saved at epoch 3041000, loss did not improve.
3041000 1.4817315340042114 0.05555956 0.05637329
Checkpoint not saved at epoch 3042000, loss did not improve.
3042000 1.4486818313598633 0.055247124 0.056198128
Checkpoint not saved at epoch 3043000, loss did not improve.
3043000 1.7417562007904053 0.05785132 0.060472086
Checkpoint not saved at epoch 3044000, loss did not improve.
3044000 1.614880084991455 0.05676772 0.05730006
Checkpoint not saved at epoch 3045000, loss did not improve.
3045000 1.4619594812393188 0.055373278 0.056253776
Saving checkpoint at epoch 3046000 with improved loss: 1.4432460069656372
Model checkpoint saved at epoch 3046000, batch 1
3046000 1.4425723552703857 0.055188783 0.056347266
Checkpoint not saved at epoch 3047000, loss did not improve.
3047000 1.8782289028167725 0.058952678 0.060392886
Checkpoint not saved at epoch 3048000, loss did not improve.
3048000 1.49437415599823 0.055677693 0.05742636
Checkpoint not saved at epoch 3049000, loss did not improve.
3049000 1.5230636596679688 0.055943023 0.05485218
Checkpoint not saved at epoch 3050000, loss did not improve.
3050000 1.510333776473999 0.055825762 0.056990866
Checkpoint not saved at epoch 3051000, loss did not improve.
3051000 1.6890605688095093 0.0574087 0.059632275
Checkpoint not saved at epoch 3052000, loss did not improve.
3052000 1.509926438331604 0.055821996 0.058495425
Checkpoint not saved at epoch 3053000, loss did not improve.
3053000 1.4801887273788452 0.05554509 0.055458963
Checkpoint not saved at epoch 3054000, loss did not improve.
3054000 1.6450833082199097 0.05703131 0.055781204
Checkpoint not saved at epoch 3055000, loss did not improve.
3055000 1.513337254524231 0.055853494 0.05734296
Checkpoint not saved at epoch 3056000, loss did not improve.
3056000 1.4798730611801147 0.05554213 0.056197982
Checkpoint not saved at epoch 3057000, loss did not improve.
3057000 1.5411663055419922 0.05610852 0.054614477
Checkpoint not saved at epoch 3058000, loss did not improve.
3058000 1.721411108970642 0.05768164 0.054828763
Checkpoint not saved at epoch 3059000, loss did not improve.
3059000 1.8710211515426636 0.058896035 0.059323523
Checkpoint not saved at epoch 3060000, loss did not improve.
3060000 1.5032340288162231 0.055760037 0.05731901
Checkpoint not saved at epoch 3061000, loss did not improve.
3061000 1.6761045455932617 0.0572983 0.059193604
Checkpoint not saved at epoch 3062000, loss did not improve.
3062000 1.5022094249725342 0.055750538 0.055174705
Checkpoint not saved at epoch 3063000, loss did not improve.
3063000 1.4920926094055176 0.055656433 0.05471728
Checkpoint not saved at epoch 3064000, loss did not improve.
3064000 1.4595634937286377 0.055350576 0.05568531
Checkpoint not saved at epoch 3065000, loss did not improve.
3065000 4.447022914886475 0.073128015 0.07055585
Saving checkpoint at epoch 3066000 with improved loss: 1.4365211725234985
Model checkpoint saved at epoch 3066000, batch 1
3066000 1.4359593391418457 0.055125427 0.055691868
Checkpoint not saved at epoch 3067000, loss did not improve.
3067000 1.473096251487732 0.055478435 0.054980766
Checkpoint not saved at epoch 3068000, loss did not improve.
3068000 1.4986344575881958 0.055717334 0.055468578
Checkpoint not saved at epoch 3069000, loss did not improve.
3069000 1.5329176187515259 0.05603329 0.05504643
Checkpoint not saved at epoch 3070000, loss did not improve.
3070000 1.4875129461288452 0.055613674 0.05486799
Checkpoint not saved at epoch 3071000, loss did not improve.
3071000 1.6205415725708008 0.056817412 0.057638615
Checkpoint not saved at epoch 3072000, loss did not improve.
3072000 1.59578537940979 0.056599166 0.056291778
Checkpoint not saved at epoch 3073000, loss did not improve.
3073000 1.765944004058838 0.058051124 0.056664824
Checkpoint not saved at epoch 3074000, loss did not improve.
3074000 1.8771766424179077 0.05894442 0.05857151
Checkpoint not saved at epoch 3075000, loss did not improve.
3075000 1.5027858018875122 0.055755883 0.054485705
Checkpoint not saved at epoch 3076000, loss did not improve.
3076000 2.1940858364105225 0.061288625 0.059927087
Checkpoint not saved at epoch 3077000, loss did not improve.
3077000 1.5669682025909424 0.056341898 0.057578288
Checkpoint not saved at epoch 3078000, loss did not improve.
3078000 1.6303110122680664 0.056902852 0.056006897
Checkpoint not saved at epoch 3079000, loss did not improve.
3079000 1.6939702033996582 0.057450373 0.055555955
Checkpoint not saved at epoch 3080000, loss did not improve.
3080000 1.4393658638000488 0.055158094 0.05568696
Checkpoint not saved at epoch 3081000, loss did not improve.
3081000 1.5214420557022095 0.055928126 0.05475983
Checkpoint not saved at epoch 3082000, loss did not improve.
3082000 1.5938019752502441 0.05658157 0.055524517
Checkpoint not saved at epoch 3083000, loss did not improve.
3083000 1.9606140851974487 0.059588775 0.05489672
Checkpoint not saved at epoch 3084000, loss did not improve.
3084000 1.545936107635498 0.056151878 0.054852054
Checkpoint not saved at epoch 3085000, loss did not improve.
3085000 1.470680594444275 0.05545568 0.05741581
Checkpoint not saved at epoch 3086000, loss did not improve.
3086000 1.556481122970581 0.0562474 0.062145732
Checkpoint not saved at epoch 3087000, loss did not improve.
3087000 2.375507354736328 0.06251807 0.07675553
Checkpoint not saved at epoch 3088000, loss did not improve.
3088000 1.7051697969436646 0.0575451 0.0553394
Checkpoint not saved at epoch 3089000, loss did not improve.
3089000 1.5485857725143433 0.056175925 0.059075963
Checkpoint not saved at epoch 3090000, loss did not improve.
3090000 2.5715889930725098 0.063770056 0.070724435
Checkpoint not saved at epoch 3091000, loss did not improve.
3091000 1.6317675113677979 0.05691556 0.05496914
Checkpoint not saved at epoch 3092000, loss did not improve.
3092000 1.7361509799957275 0.05780472 0.05966044
Checkpoint not saved at epoch 3093000, loss did not improve.
3093000 1.7662553787231445 0.058053687 0.059908144
Checkpoint not saved at epoch 3094000, loss did not improve.
3094000 1.4484466314315796 0.055244878 0.056407217
Checkpoint not saved at epoch 3095000, loss did not improve.
3095000 1.9539856910705566 0.05953835 0.055122867
Checkpoint not saved at epoch 3096000, loss did not improve.
3096000 5.833899974822998 0.07826294 0.08074929
Checkpoint not saved at epoch 3097000, loss did not improve.
3097000 1.7321995496749878 0.0577718 0.06127497
Checkpoint not saved at epoch 3098000, loss did not improve.
3098000 1.9083149433135986 0.059187356 0.061036002
Checkpoint not saved at epoch 3099000, loss did not improve.
3099000 1.4573918581008911 0.055329982 0.056973677
Checkpoint not saved at epoch 3100000, loss did not improve.
3100000 1.6711796522140503 0.05725616 0.061829783
Checkpoint not saved at epoch 3101000, loss did not improve.
3101000 1.4652142524719238 0.055404074 0.06117156
Checkpoint not saved at epoch 3102000, loss did not improve.
3102000 1.5486265420913696 0.056176297 0.060387522
Checkpoint not saved at epoch 3103000, loss did not improve.
3103000 1.4441699981689453 0.05520406 0.057265665
Checkpoint not saved at epoch 3104000, loss did not improve.
3104000 1.5320872068405151 0.056025706 0.059210137
Checkpoint not saved at epoch 3105000, loss did not improve.
3105000 1.5184659957885742 0.055900756 0.060092337
Checkpoint not saved at epoch 3106000, loss did not improve.
3106000 1.4742622375488281 0.05548941 0.05723117
Checkpoint not saved at epoch 3107000, loss did not improve.
3107000 1.701411247253418 0.05751336 0.062356286
Checkpoint not saved at epoch 3108000, loss did not improve.
3108000 1.5100460052490234 0.055823103 0.05846985
Checkpoint not saved at epoch 3109000, loss did not improve.
3109000 1.629133701324463 0.05689258 0.061241828
Checkpoint not saved at epoch 3110000, loss did not improve.
3110000 2.0691423416137695 0.060396813 0.05715492
Checkpoint not saved at epoch 3111000, loss did not improve.
3111000 1.6496387720108032 0.05707076 0.05791966
Checkpoint not saved at epoch 3112000, loss did not improve.
3112000 1.801627516746521 0.058342185 0.05521513
Checkpoint not saved at epoch 3113000, loss did not improve.
3113000 1.4454176425933838 0.05521598 0.05729978
Checkpoint not saved at epoch 3114000, loss did not improve.
3114000 1.5893173217773438 0.056541726 0.055436417
Checkpoint not saved at epoch 3115000, loss did not improve.
3115000 1.8779536485671997 0.058950517 0.06325681
Checkpoint not saved at epoch 3116000, loss did not improve.
3116000 1.6161881685256958 0.056779213 0.06014161
Checkpoint not saved at epoch 3117000, loss did not improve.
3117000 1.5056376457214355 0.055782314 0.057098836
Checkpoint not saved at epoch 3118000, loss did not improve.
3118000 1.533216953277588 0.056036025 0.05959612
Checkpoint not saved at epoch 3119000, loss did not improve.
3119000 1.4438197612762451 0.055200707 0.058338877
Checkpoint not saved at epoch 3120000, loss did not improve.
3120000 1.5477843284606934 0.056168653 0.0601515
Checkpoint not saved at epoch 3121000, loss did not improve.
3121000 1.470572829246521 0.05545466 0.055764273
Checkpoint not saved at epoch 3122000, loss did not improve.
3122000 1.761023759841919 0.058010653 0.059000935
Checkpoint not saved at epoch 3123000, loss did not improve.
3123000 2.151980400085449 0.06099244 0.05715048
Checkpoint not saved at epoch 3124000, loss did not improve.
3124000 1.5495550632476807 0.056184717 0.05873163
Checkpoint not saved at epoch 3125000, loss did not improve.
3125000 1.4324780702590942 0.055091985 0.056468777
Checkpoint not saved at epoch 3126000, loss did not improve.
3126000 1.7249146699905396 0.057710964 0.05629201
Checkpoint not saved at epoch 3127000, loss did not improve.
3127000 1.4314051866531372 0.055081666 0.06279809
Checkpoint not saved at epoch 3128000, loss did not improve.
3128000 1.5659791231155396 0.056333 0.060247295
Checkpoint not saved at epoch 3129000, loss did not improve.
3129000 1.9462982416152954 0.059479702 0.059877995
Checkpoint not saved at epoch 3130000, loss did not improve.
3130000 1.4627954959869385 0.055381194 0.05624455
Saving checkpoint at epoch 3131000 with improved loss: 1.4259637594223022
Model checkpoint saved at epoch 3131000, batch 1
3131000 1.4223605394363403 0.054994445 0.057351954
Checkpoint not saved at epoch 3132000, loss did not improve.
3132000 1.9063643217086792 0.059172228 0.055266786
Checkpoint not saved at epoch 3133000, loss did not improve.
3133000 1.7927569150924683 0.058270235 0.060491882
Checkpoint not saved at epoch 3134000, loss did not improve.
3134000 1.5511157512664795 0.056198854 0.06479998
Checkpoint not saved at epoch 3135000, loss did not improve.
3135000 1.6301265954971313 0.056901246 0.06351019
Checkpoint not saved at epoch 3136000, loss did not improve.
3136000 1.9674326181411743 0.059640512 0.059743408
Checkpoint not saved at epoch 3137000, loss did not improve.
3137000 1.5807377099990845 0.056465268 0.059724648
Checkpoint not saved at epoch 3138000, loss did not improve.
3138000 1.5580129623413086 0.056261227 0.056712277
Checkpoint not saved at epoch 3139000, loss did not improve.
3139000 1.4790743589401245 0.055534642 0.060203236
Checkpoint not saved at epoch 3140000, loss did not improve.
3140000 1.4286400079727173 0.055055045 0.05939667
Checkpoint not saved at epoch 3141000, loss did not improve.
3141000 1.557456612586975 0.0562562 0.06436629
Checkpoint not saved at epoch 3142000, loss did not improve.
3142000 1.5444568395614624 0.056138445 0.0565929
Checkpoint not saved at epoch 3143000, loss did not improve.
3143000 1.53139328956604 0.05601936 0.058347028
Checkpoint not saved at epoch 3144000, loss did not improve.
3144000 1.571175456047058 0.05637968 0.06395691
Checkpoint not saved at epoch 3145000, loss did not improve.
3145000 1.56222403049469 0.05629921 0.060917918
Checkpoint not saved at epoch 3146000, loss did not improve.
3146000 1.7692753076553345 0.058078483 0.06569593
Checkpoint not saved at epoch 3147000, loss did not improve.
3147000 1.5431448221206665 0.056126513 0.057788484
Checkpoint not saved at epoch 3148000, loss did not improve.
3148000 1.5615565776824951 0.05629319 0.05611945
Checkpoint not saved at epoch 3149000, loss did not improve.
3149000 1.4806076288223267 0.055549026 0.055645023
Checkpoint not saved at epoch 3150000, loss did not improve.
3150000 1.7059460878372192 0.05755165 0.055815008
Checkpoint not saved at epoch 3151000, loss did not improve.
3151000 1.6786298751831055 0.057319865 0.062806055
Checkpoint not saved at epoch 3152000, loss did not improve.
3152000 1.4455794095993042 0.055217523 0.05734452
Checkpoint not saved at epoch 3153000, loss did not improve.
3153000 1.916160225868225 0.059248094 0.058813687
Checkpoint not saved at epoch 3154000, loss did not improve.
3154000 1.5047173500061035 0.05577379 0.059573274
Checkpoint not saved at epoch 3155000, loss did not improve.
3155000 1.4406582117080688 0.055170465 0.0560364
Checkpoint not saved at epoch 3156000, loss did not improve.
3156000 1.5764493942260742 0.05642693 0.055501763
Checkpoint not saved at epoch 3157000, loss did not improve.
3157000 1.6574788093566895 0.057138447 0.05505828
Checkpoint not saved at epoch 3158000, loss did not improve.
3158000 1.7892297506332397 0.058241554 0.062775984
Checkpoint not saved at epoch 3159000, loss did not improve.
3159000 1.4552947282791138 0.055310063 0.05635354
Checkpoint not saved at epoch 3160000, loss did not improve.
3160000 1.4533063173294067 0.05529116 0.05873047
Checkpoint not saved at epoch 3161000, loss did not improve.
3161000 1.4273368120193481 0.055042487 0.056847017
Checkpoint not saved at epoch 3162000, loss did not improve.
3162000 1.5499547719955444 0.056188338 0.058659602
Checkpoint not saved at epoch 3163000, loss did not improve.
3163000 1.7012975215911865 0.0575124 0.05555411
Checkpoint not saved at epoch 3164000, loss did not improve.
3164000 1.5855858325958252 0.05650851 0.056091305
Checkpoint not saved at epoch 3165000, loss did not improve.
3165000 1.5187050104141235 0.055902954 0.056155518
Checkpoint not saved at epoch 3166000, loss did not improve.
3166000 1.5333340167999268 0.0560371 0.057877243
Checkpoint not saved at epoch 3167000, loss did not improve.
3167000 1.4425299167633057 0.055188376 0.056789182
Checkpoint not saved at epoch 3168000, loss did not improve.
3168000 1.5534132719039917 0.056219652 0.058812123
Checkpoint not saved at epoch 3169000, loss did not improve.
3169000 1.4472978115081787 0.055233926 0.055489328
Saving checkpoint at epoch 3170000 with improved loss: 1.4013289213180542
Model checkpoint saved at epoch 3170000, batch 1
3170000 1.4036271572113037 0.05481247 0.055554498
Checkpoint not saved at epoch 3171000, loss did not improve.
3171000 1.4553171396255493 0.05531028 0.05720252
Checkpoint not saved at epoch 3172000, loss did not improve.
3172000 1.7810226678848267 0.058174655 0.05892795
Checkpoint not saved at epoch 3173000, loss did not improve.
3173000 1.5854114294052124 0.056506954 0.057288352
Checkpoint not saved at epoch 3174000, loss did not improve.
3174000 1.516905426979065 0.055886384 0.054647066
Checkpoint not saved at epoch 3175000, loss did not improve.
3175000 1.4129072427749634 0.054902844 0.056762323
Checkpoint not saved at epoch 3176000, loss did not improve.
3176000 1.4097485542297363 0.05487213 0.055641763
Checkpoint not saved at epoch 3177000, loss did not improve.
3177000 1.5651887655258179 0.056325894 0.057089753
Checkpoint not saved at epoch 3178000, loss did not improve.
3178000 1.462972640991211 0.055382874 0.057521634
Checkpoint not saved at epoch 3179000, loss did not improve.
3179000 1.505035400390625 0.055776738 0.060630616
Checkpoint not saved at epoch 3180000, loss did not improve.
3180000 1.7454023361206055 0.05788157 0.059757292
Checkpoint not saved at epoch 3181000, loss did not improve.
3181000 1.5070533752441406 0.055795427 0.05512222
Checkpoint not saved at epoch 3182000, loss did not improve.
3182000 1.5337015390396118 0.056040455 0.055609025
Checkpoint not saved at epoch 3183000, loss did not improve.
3183000 1.4315696954727173 0.05508325 0.055553775
Checkpoint not saved at epoch 3184000, loss did not improve.
3184000 2.2235608100891113 0.061493423 0.06527793
Saving checkpoint at epoch 3185000 with improved loss: 1.3916170597076416
Model checkpoint saved at epoch 3185000, batch 1
3185000 1.4046963453292847 0.054822903 0.054940667
Checkpoint not saved at epoch 3186000, loss did not improve.
3186000 1.5748144388198853 0.056412295 0.054272104
Checkpoint not saved at epoch 3187000, loss did not improve.
3187000 1.4374033212661743 0.055139277 0.055192035
Checkpoint not saved at epoch 3188000, loss did not improve.
3188000 1.4525905847549438 0.055284355 0.055904645
Checkpoint not saved at epoch 3189000, loss did not improve.
3189000 1.4391919374465942 0.05515643 0.05484426
Checkpoint not saved at epoch 3190000, loss did not improve.
3190000 1.4141165018081665 0.054914583 0.055808354
Checkpoint not saved at epoch 3191000, loss did not improve.
3191000 1.6161959171295166 0.056779284 0.05975177
Checkpoint not saved at epoch 3192000, loss did not improve.
3192000 1.463142991065979 0.05538448 0.05727334
Checkpoint not saved at epoch 3193000, loss did not improve.
3193000 1.4114069938659668 0.05488826 0.055389304
Checkpoint not saved at epoch 3194000, loss did not improve.
3194000 1.401196837425232 0.054788727 0.05615523
Checkpoint not saved at epoch 3195000, loss did not improve.
3195000 1.4062782526016235 0.054838333 0.055022128
Checkpoint not saved at epoch 3196000, loss did not improve.
3196000 1.3857884407043457 0.05463748 0.05474822
Checkpoint not saved at epoch 3197000, loss did not improve.
3197000 1.3928873538970947 0.054707322 0.055019412
Checkpoint not saved at epoch 3198000, loss did not improve.
3198000 1.4523448944091797 0.05528201 0.056742
Checkpoint not saved at epoch 3199000, loss did not improve.
3199000 1.5714130401611328 0.056381807 0.056521673
Checkpoint not saved at epoch 3200000, loss did not improve.
3200000 1.485064148902893 0.055590775 0.054718874
Checkpoint not saved at epoch 3201000, loss did not improve.
3201000 1.5083425045013428 0.05580735 0.055296686
Checkpoint not saved at epoch 3202000, loss did not improve.
3202000 1.499400019645691 0.05572445 0.05500105
Saving checkpoint at epoch 3203000 with improved loss: 1.3845868110656738
Model checkpoint saved at epoch 3203000, batch 1
3203000 1.3990970849990845 0.05476819 0.055350453
Checkpoint not saved at epoch 3204000, loss did not improve.
3204000 1.519645094871521 0.055911608 0.056051176
Checkpoint not saved at epoch 3205000, loss did not improve.
3205000 1.4082990884780884 0.05485802 0.05532872
Checkpoint not saved at epoch 3206000, loss did not improve.
3206000 1.456241488456726 0.05531906 0.0548782
Checkpoint not saved at epoch 3207000, loss did not improve.
3207000 1.606913685798645 0.056697585 0.056307655
Checkpoint not saved at epoch 3208000, loss did not improve.
3208000 1.9181727170944214 0.059263647 0.058452427
Checkpoint not saved at epoch 3209000, loss did not improve.
3209000 1.5704032182693481 0.05637275 0.0576652
Saving checkpoint at epoch 3210000 with improved loss: 1.3832652568817139
Model checkpoint saved at epoch 3210000, batch 1
3210000 1.401103138923645 0.054787807 0.054254927
Checkpoint not saved at epoch 3211000, loss did not improve.
3211000 3.3082401752471924 0.067915 0.07168103
Checkpoint not saved at epoch 3212000, loss did not improve.
3212000 1.4094057083129883 0.0548688 0.05565554
Checkpoint not saved at epoch 3213000, loss did not improve.
3213000 1.5539437532424927 0.056224454 0.05541022
Checkpoint not saved at epoch 3214000, loss did not improve.
3214000 1.4394227266311646 0.055158637 0.055846367
Checkpoint not saved at epoch 3215000, loss did not improve.
3215000 2.5661704540252686 0.06373644 0.061698113
Checkpoint not saved at epoch 3216000, loss did not improve.
3216000 1.475820779800415 0.05550407 0.055718593
Checkpoint not saved at epoch 3217000, loss did not improve.
3217000 1.472100853919983 0.05546906 0.05467278
Checkpoint not saved at epoch 3218000, loss did not improve.
3218000 1.4940659999847412 0.05567483 0.054312278
Checkpoint not saved at epoch 3219000, loss did not improve.
3219000 1.4422296285629272 0.055185504 0.054835238
Checkpoint not saved at epoch 3220000, loss did not improve.
3220000 1.9229596853256226 0.059300587 0.058159117
Checkpoint not saved at epoch 3221000, loss did not improve.
3221000 1.4304648637771606 0.055072617 0.05473532
Checkpoint not saved at epoch 3222000, loss did not improve.
3222000 1.471681833267212 0.05546511 0.054350387
Checkpoint not saved at epoch 3223000, loss did not improve.
3223000 1.3774757385253906 0.05455536 0.053877458
Checkpoint not saved at epoch 3224000, loss did not improve.
3224000 1.5008888244628906 0.055738278 0.05527599
Checkpoint not saved at epoch 3225000, loss did not improve.
3225000 1.7581614255905151 0.057987064 0.055757377
Checkpoint not saved at epoch 3226000, loss did not improve.
3226000 1.4264496564865112 0.055033933 0.053708177
Checkpoint not saved at epoch 3227000, loss did not improve.
3227000 3.3550169467926025 0.0681538 0.06890948
Checkpoint not saved at epoch 3228000, loss did not improve.
3228000 2.415471315383911 0.06277937 0.05766344
Checkpoint not saved at epoch 3229000, loss did not improve.
3229000 1.3895007371902466 0.054674037 0.053330377
Saving checkpoint at epoch 3230000 with improved loss: 1.3802211284637451
Model checkpoint saved at epoch 3230000, batch 1
3230000 1.4087570905685425 0.05486248 0.05473725
Checkpoint not saved at epoch 3231000, loss did not improve.
3231000 1.4301869869232178 0.055069946 0.053951155
Checkpoint not saved at epoch 3232000, loss did not improve.
3232000 1.522815465927124 0.055940744 0.05571173
Saving checkpoint at epoch 3233000 with improved loss: 1.376914381980896
Model checkpoint saved at epoch 3233000, batch 1
3233000 1.3642321825027466 0.054423753 0.05403912
Checkpoint not saved at epoch 3234000, loss did not improve.
3234000 1.4694010019302368 0.05544361 0.05457783
Checkpoint not saved at epoch 3235000, loss did not improve.
3235000 1.51567542552948 0.05587506 0.054518096
Checkpoint not saved at epoch 3236000, loss did not improve.
3236000 1.575911283493042 0.056422114 0.055136587
Checkpoint not saved at epoch 3237000, loss did not improve.
3237000 1.827951431274414 0.05855414 0.05741437
Saving checkpoint at epoch 3238000 with improved loss: 1.3705101013183594
Model checkpoint saved at epoch 3238000, batch 1
3238000 1.3812201023101807 0.054592393 0.0540448
Checkpoint not saved at epoch 3239000, loss did not improve.
3239000 1.4968184232711792 0.055700447 0.054980293
Checkpoint not saved at epoch 3240000, loss did not improve.
3240000 1.5178673267364502 0.055895247 0.055419844
Checkpoint not saved at epoch 3241000, loss did not improve.
3241000 1.3969725370407104 0.054747384 0.05396564
Checkpoint not saved at epoch 3242000, loss did not improve.
3242000 1.4520806074142456 0.0552795 0.054623924
Checkpoint not saved at epoch 3243000, loss did not improve.
3243000 1.4005862474441528 0.05478276 0.055975076
Checkpoint not saved at epoch 3244000, loss did not improve.
3244000 1.4387085437774658 0.05515179 0.0542098
Checkpoint not saved at epoch 3245000, loss did not improve.
3245000 1.4936444759368896 0.0556709 0.055825334
Checkpoint not saved at epoch 3246000, loss did not improve.
3246000 1.5633572340011597 0.05630941 0.055153422
Checkpoint not saved at epoch 3247000, loss did not improve.
3247000 1.4451887607574463 0.055213794 0.05483548
Checkpoint not saved at epoch 3248000, loss did not improve.
3248000 1.6073367595672607 0.056701314 0.056622162
Checkpoint not saved at epoch 3249000, loss did not improve.
3249000 1.4128376245498657 0.054902166 0.05469836
Checkpoint not saved at epoch 3250000, loss did not improve.
3250000 1.4479318857192993 0.055239968 0.05679777
Checkpoint not saved at epoch 3251000, loss did not improve.
3251000 1.5064128637313843 0.055789493 0.05750654
Checkpoint not saved at epoch 3252000, loss did not improve.
3252000 1.5883492231369019 0.056533117 0.05445742
Checkpoint not saved at epoch 3253000, loss did not improve.
3253000 1.8044801950454712 0.058365267 0.06635687
Checkpoint not saved at epoch 3254000, loss did not improve.
3254000 1.3787007331848145 0.054567482 0.05450053
Checkpoint not saved at epoch 3255000, loss did not improve.
3255000 1.8253709077835083 0.058533464 0.055144973
Checkpoint not saved at epoch 3256000, loss did not improve.
3256000 1.3596181869506836 0.05437768 0.054323774
Checkpoint not saved at epoch 3257000, loss did not improve.
3257000 1.8244609832763672 0.058526166 0.05600857
Checkpoint not saved at epoch 3258000, loss did not improve.
3258000 1.5640803575515747 0.05631592 0.055321414
Checkpoint not saved at epoch 3259000, loss did not improve.
3259000 1.5294809341430664 0.056001857 0.054999013
Checkpoint not saved at epoch 3260000, loss did not improve.
3260000 1.4844852685928345 0.05558536 0.05600596
Checkpoint not saved at epoch 3261000, loss did not improve.
3261000 2.212425947189331 0.061416294 0.06317179
Checkpoint not saved at epoch 3262000, loss did not improve.
3262000 2.7272562980651855 0.064713955 0.07071025
Saving checkpoint at epoch 3263000 with improved loss: 1.3654471635818481
Model checkpoint saved at epoch 3263000, batch 1
3263000 1.37000572681427 0.054481246 0.05471618
Checkpoint not saved at epoch 3264000, loss did not improve.
3264000 1.4083818197250366 0.05485883 0.05421912
Checkpoint not saved at epoch 3265000, loss did not improve.
3265000 1.4191755056381226 0.054963637 0.05710063
Checkpoint not saved at epoch 3266000, loss did not improve.
3266000 1.5129151344299316 0.055849604 0.05416013
Checkpoint not saved at epoch 3267000, loss did not improve.
3267000 1.6455706357955933 0.05703554 0.0546511
Checkpoint not saved at epoch 3268000, loss did not improve.
3268000 1.4349489212036133 0.055115726 0.054482356
Checkpoint not saved at epoch 3269000, loss did not improve.
3269000 3.6593639850616455 0.06964947 0.06671543
Checkpoint not saved at epoch 3270000, loss did not improve.
3270000 1.454359531402588 0.05530118 0.054793723
Checkpoint not saved at epoch 3271000, loss did not improve.
3271000 1.3684353828430176 0.054465625 0.054557577
Checkpoint not saved at epoch 3272000, loss did not improve.
3272000 1.3931124210357666 0.054709524 0.05673853
Checkpoint not saved at epoch 3273000, loss did not improve.
3273000 1.5208040475845337 0.055922266 0.05417614
Checkpoint not saved at epoch 3274000, loss did not improve.
3274000 1.3760713338851929 0.054541446 0.054233
Checkpoint not saved at epoch 3275000, loss did not improve.
3275000 1.695831298828125 0.05746615 0.059986874
Checkpoint not saved at epoch 3276000, loss did not improve.
3276000 1.4232584238052368 0.055003125 0.054447643
Checkpoint not saved at epoch 3277000, loss did not improve.
3277000 1.6999024152755737 0.057500605 0.05935929
Checkpoint not saved at epoch 3278000, loss did not improve.
3278000 1.4035122394561768 0.054811347 0.05406186
Checkpoint not saved at epoch 3279000, loss did not improve.
3279000 1.4038833379745483 0.054814972 0.053846873
Checkpoint not saved at epoch 3280000, loss did not improve.
3280000 1.5071462392807007 0.05579628 0.055896517
Checkpoint not saved at epoch 3281000, loss did not improve.
3281000 1.4796348810195923 0.055539895 0.05641617
Checkpoint not saved at epoch 3282000, loss did not improve.
3282000 1.36819326877594 0.054463215 0.054474264
Checkpoint not saved at epoch 3283000, loss did not improve.
3283000 1.8907384872436523 0.059050594 0.060974326
Checkpoint not saved at epoch 3284000, loss did not improve.
3284000 1.5705211162567139 0.056373805 0.056417983
Checkpoint not saved at epoch 3285000, loss did not improve.
3285000 1.6595861911773682 0.0571566 0.056226682
Checkpoint not saved at epoch 3286000, loss did not improve.
3286000 1.5666179656982422 0.05633875 0.05673786
Checkpoint not saved at epoch 3287000, loss did not improve.
3287000 1.7108595371246338 0.05759304 0.060564946
Checkpoint not saved at epoch 3288000, loss did not improve.
3288000 1.4933878183364868 0.05566851 0.05422457
Checkpoint not saved at epoch 3289000, loss did not improve.
3289000 1.7330474853515625 0.05777887 0.05613798
Checkpoint not saved at epoch 3290000, loss did not improve.
3290000 1.4053195714950562 0.054828983 0.0544888
Checkpoint not saved at epoch 3291000, loss did not improve.
3291000 1.424255609512329 0.05501276 0.056231134
Checkpoint not saved at epoch 3292000, loss did not improve.
3292000 1.5235625505447388 0.0559476 0.055214345
Saving checkpoint at epoch 3293000 with improved loss: 1.358378529548645
Model checkpoint saved at epoch 3293000, batch 1
3293000 1.354870080947876 0.05433014 0.054377384
Checkpoint not saved at epoch 3294000, loss did not improve.
3294000 1.4746332168579102 0.055492904 0.05508881
Checkpoint not saved at epoch 3295000, loss did not improve.
3295000 1.4350148439407349 0.055116355 0.0550572
Checkpoint not saved at epoch 3296000, loss did not improve.
3296000 1.7183191776275635 0.05765572 0.05558343
Checkpoint not saved at epoch 3297000, loss did not improve.
3297000 1.4116913080215454 0.054891028 0.055868953
Checkpoint not saved at epoch 3298000, loss did not improve.
3298000 1.6295069456100464 0.056895837 0.056545623
Checkpoint not saved at epoch 3299000, loss did not improve.
3299000 1.6666959524154663 0.05721772 0.058100156
Checkpoint not saved at epoch 3300000, loss did not improve.
3300000 1.4038047790527344 0.0548142 0.055336066
Checkpoint not saved at epoch 3301000, loss did not improve.
3301000 1.3868852853775024 0.054648288 0.054654766
Checkpoint not saved at epoch 3302000, loss did not improve.
3302000 1.362540364265442 0.054406874 0.05466192
Checkpoint not saved at epoch 3303000, loss did not improve.
3303000 4.934430122375488 0.07505432 0.072561026
Checkpoint not saved at epoch 3304000, loss did not improve.
3304000 1.482373595237732 0.055565577 0.055739895
Checkpoint not saved at epoch 3305000, loss did not improve.
3305000 1.4211554527282715 0.054982796 0.05770103
Checkpoint not saved at epoch 3306000, loss did not improve.
3306000 1.579624891281128 0.056455325 0.056496315
Checkpoint not saved at epoch 3307000, loss did not improve.
3307000 1.626839280128479 0.05687253 0.0542915
Checkpoint not saved at epoch 3308000, loss did not improve.
3308000 1.4864104986190796 0.05560337 0.055676006
Checkpoint not saved at epoch 3309000, loss did not improve.
3309000 1.3514565229415894 0.054295886 0.054071736
Saving checkpoint at epoch 3310000 with improved loss: 1.3570722341537476
Model checkpoint saved at epoch 3310000, batch 1
3310000 1.3886688947677612 0.05466585 0.054510612
Checkpoint not saved at epoch 3311000, loss did not improve.
3311000 1.6307605504989624 0.056906775 0.056504425
Checkpoint not saved at epoch 3312000, loss did not improve.
3312000 1.5700043439865112 0.05636917 0.056854233
Checkpoint not saved at epoch 3313000, loss did not improve.
3313000 1.3790909051895142 0.054571345 0.054598175
Checkpoint not saved at epoch 3314000, loss did not improve.
3314000 1.640701174736023 0.0569933 0.0547564
Checkpoint not saved at epoch 3315000, loss did not improve.
3315000 1.466517686843872 0.055416394 0.05579462
Checkpoint not saved at epoch 3316000, loss did not improve.
3316000 1.5615732669830322 0.056293342 0.05432399
Checkpoint not saved at epoch 3317000, loss did not improve.
3317000 1.7614649534225464 0.058014285 0.057213314
Checkpoint not saved at epoch 3318000, loss did not improve.
3318000 1.4091522693634033 0.054866325 0.055160847
Checkpoint not saved at epoch 3319000, loss did not improve.
3319000 1.366802453994751 0.05444937 0.054368936
Checkpoint not saved at epoch 3320000, loss did not improve.
3320000 1.4849748611450195 0.055589937 0.055561118
Checkpoint not saved at epoch 3321000, loss did not improve.
3321000 1.6369527578353882 0.056960717 0.055244077
Checkpoint not saved at epoch 3322000, loss did not improve.
3322000 1.8004757165908813 0.058332857 0.05569987
Checkpoint not saved at epoch 3323000, loss did not improve.
3323000 1.3529306650161743 0.054310687 0.053986214
Checkpoint not saved at epoch 3324000, loss did not improve.
3324000 1.4855821132659912 0.055595618 0.05411256
Checkpoint not saved at epoch 3325000, loss did not improve.
3325000 1.3779027462005615 0.054559585 0.0538053
Checkpoint not saved at epoch 3326000, loss did not improve.
3326000 1.499696135520935 0.055727202 0.05586446
Checkpoint not saved at epoch 3327000, loss did not improve.
3327000 2.285841703414917 0.061919577 0.058076702
Checkpoint not saved at epoch 3328000, loss did not improve.
3328000 1.4844529628753662 0.05558505 0.05511414
Checkpoint not saved at epoch 3329000, loss did not improve.
3329000 1.4127295017242432 0.054901116 0.053972226
Checkpoint not saved at epoch 3330000, loss did not improve.
3330000 1.6795475482940674 0.057327695 0.054833468
Checkpoint not saved at epoch 3331000, loss did not improve.
3331000 1.5420395135879517 0.056116465 0.054799363
Checkpoint not saved at epoch 3332000, loss did not improve.
3332000 1.3914070129394531 0.05469278 0.05516528
Checkpoint not saved at epoch 3333000, loss did not improve.
3333000 1.6341354846954346 0.056936197 0.05539364
Checkpoint not saved at epoch 3334000, loss did not improve.
3334000 1.556519627571106 0.05624774 0.05548658
Checkpoint not saved at epoch 3335000, loss did not improve.
3335000 9.695034980773926 0.08885948 0.061903466
Checkpoint not saved at epoch 3336000, loss did not improve.
3336000 1.5493664741516113 0.056183007 0.058042154
Checkpoint not saved at epoch 3337000, loss did not improve.
3337000 1.6268973350524902 0.056873046 0.055700142
Checkpoint not saved at epoch 3338000, loss did not improve.
3338000 1.5427411794662476 0.056122847 0.054583054
Checkpoint not saved at epoch 3339000, loss did not improve.
3339000 1.4580820798873901 0.05533653 0.05478717
Checkpoint not saved at epoch 3340000, loss did not improve.
3340000 1.5102351903915405 0.05582485 0.055010166
Checkpoint not saved at epoch 3341000, loss did not improve.
3341000 1.708331823348999 0.057571754 0.055422243
Checkpoint not saved at epoch 3342000, loss did not improve.
3342000 1.4753674268722534 0.055499807 0.055971887
Saving checkpoint at epoch 3343000 with improved loss: 1.343485951423645
Model checkpoint saved at epoch 3343000, batch 1
3343000 1.3364790678024292 0.054144826 0.054389797
Checkpoint not saved at epoch 3344000, loss did not improve.
3344000 1.5106873512268066 0.05582903 0.05648772
Checkpoint not saved at epoch 3345000, loss did not improve.
3345000 1.5426422357559204 0.056121945 0.054928202
Checkpoint not saved at epoch 3346000, loss did not improve.
3346000 1.6868010759353638 0.057389494 0.055739474
Checkpoint not saved at epoch 3347000, loss did not improve.
3347000 1.4175004959106445 0.05494741 0.054406576
Checkpoint not saved at epoch 3348000, loss did not improve.
3348000 1.419029712677002 0.05496222 0.054275837
Checkpoint not saved at epoch 3349000, loss did not improve.
3349000 1.511250615119934 0.05583423 0.055344746
Checkpoint not saved at epoch 3350000, loss did not improve.
3350000 1.3961957693099976 0.054739773 0.055664092
Checkpoint not saved at epoch 3351000, loss did not improve.
3351000 1.3861206769943237 0.05464075 0.055212736
Checkpoint not saved at epoch 3352000, loss did not improve.
3352000 1.4555140733718872 0.05531215 0.05545525
Checkpoint not saved at epoch 3353000, loss did not improve.
3353000 1.4884874820709229 0.055622783 0.05528033
Checkpoint not saved at epoch 3354000, loss did not improve.
3354000 3.568645715713501 0.06921373 0.063461185
Checkpoint not saved at epoch 3355000, loss did not improve.
3355000 1.7950013875961304 0.05828846 0.058387212
Checkpoint not saved at epoch 3356000, loss did not improve.
3356000 1.501869559288025 0.05574738 0.054884017
Saving checkpoint at epoch 3357000 with improved loss: 1.3264800310134888
Model checkpoint saved at epoch 3357000, batch 1
3357000 1.3375556468963623 0.054155726 0.054142617
Checkpoint not saved at epoch 3358000, loss did not improve.
3358000 1.7855613231658936 0.058211677 0.058371134
Checkpoint not saved at epoch 3359000, loss did not improve.
3359000 1.4156266450881958 0.05492924 0.055249847
Checkpoint not saved at epoch 3360000, loss did not improve.
3360000 1.589279294013977 0.05654139 0.056839086
Checkpoint not saved at epoch 3361000, loss did not improve.
3361000 1.4574494361877441 0.055330522 0.055712905
Checkpoint not saved at epoch 3362000, loss did not improve.
3362000 1.3313249349594116 0.05409255 0.05432747
Checkpoint not saved at epoch 3363000, loss did not improve.
3363000 2.6150121688842773 0.06403757 0.065367185
Checkpoint not saved at epoch 3364000, loss did not improve.
3364000 1.4056085348129272 0.054831803 0.05628358
Checkpoint not saved at epoch 3365000, loss did not improve.
3365000 1.4094411134719849 0.054869138 0.05461827
Checkpoint not saved at epoch 3366000, loss did not improve.
3366000 1.3623636960983276 0.05440511 0.054336388
Checkpoint not saved at epoch 3367000, loss did not improve.
3367000 1.5804002285003662 0.05646225 0.0564784
Checkpoint not saved at epoch 3368000, loss did not improve.
3368000 1.790128231048584 0.058248863 0.05912518
Checkpoint not saved at epoch 3369000, loss did not improve.
3369000 1.661493182182312 0.05717301 0.05829669
Checkpoint not saved at epoch 3370000, loss did not improve.
3370000 1.4232946634292603 0.05500348 0.05473613
Checkpoint not saved at epoch 3371000, loss did not improve.
3371000 1.6810944080352783 0.05734089 0.05942574
Checkpoint not saved at epoch 3372000, loss did not improve.
3372000 1.9290969371795654 0.059347842 0.058524672
Checkpoint not saved at epoch 3373000, loss did not improve.
3373000 1.568123459815979 0.056352276 0.056686807
Checkpoint not saved at epoch 3374000, loss did not improve.
3374000 1.368507742881775 0.054466344 0.05616431
Checkpoint not saved at epoch 3375000, loss did not improve.
3375000 1.5990070104599 0.056627713 0.05714228
Checkpoint not saved at epoch 3376000, loss did not improve.
3376000 1.3436154127120972 0.05421696 0.05436209
Checkpoint not saved at epoch 3377000, loss did not improve.
3377000 1.6080286502838135 0.056707423 0.057061624
Checkpoint not saved at epoch 3378000, loss did not improve.
3378000 1.483691930770874 0.055577926 0.05882626
Checkpoint not saved at epoch 3379000, loss did not improve.
3379000 1.8317923545837402 0.058584873 0.0581453
Checkpoint not saved at epoch 3380000, loss did not improve.
3380000 1.3547236919403076 0.054328673 0.054268416
Checkpoint not saved at epoch 3381000, loss did not improve.
3381000 1.406714677810669 0.054842588 0.055424623
Checkpoint not saved at epoch 3382000, loss did not improve.
3382000 1.8567378520965576 0.058783315 0.058752757
Checkpoint not saved at epoch 3383000, loss did not improve.
3383000 1.6820789575576782 0.057349287 0.056028597
Checkpoint not saved at epoch 3384000, loss did not improve.
3384000 1.5612056255340576 0.056290023 0.0551481
Saving checkpoint at epoch 3385000 with improved loss: 1.3240244388580322
Model checkpoint saved at epoch 3385000, batch 1
3385000 1.335829734802246 0.054138247 0.0546602
Checkpoint not saved at epoch 3386000, loss did not improve.
3386000 1.4425710439682007 0.055188775 0.057552055
Checkpoint not saved at epoch 3387000, loss did not improve.
3387000 1.5947270393371582 0.05658978 0.056199677
Checkpoint not saved at epoch 3388000, loss did not improve.
3388000 1.3365975618362427 0.054146025 0.054549195
Checkpoint not saved at epoch 3389000, loss did not improve.
3389000 1.3949971199035645 0.05472802 0.054306448
Checkpoint not saved at epoch 3390000, loss did not improve.
3390000 1.4911649227142334 0.05564778 0.054417178
Checkpoint not saved at epoch 3391000, loss did not improve.
3391000 1.3574228286743164 0.05435572 0.05405048
Checkpoint not saved at epoch 3392000, loss did not improve.
3392000 1.4819053411483765 0.05556119 0.05704039
Checkpoint not saved at epoch 3393000, loss did not improve.
3393000 1.3536373376846313 0.05431778 0.056480672
Checkpoint not saved at epoch 3394000, loss did not improve.
3394000 1.634167194366455 0.056936473 0.06158186
Checkpoint not saved at epoch 3395000, loss did not improve.
3395000 2.2196226119995117 0.061466176 0.065985955
Checkpoint not saved at epoch 3396000, loss did not improve.
3396000 1.5318716764450073 0.05602373 0.058245786
Checkpoint not saved at epoch 3397000, loss did not improve.
3397000 1.4046987295150757 0.05482293 0.055460863
Checkpoint not saved at epoch 3398000, loss did not improve.
3398000 1.5671337842941284 0.05634339 0.05484705
Checkpoint not saved at epoch 3399000, loss did not improve.
3399000 1.4077519178390503 0.054852694 0.056112137
Checkpoint not saved at epoch 3400000, loss did not improve.
3400000 1.802520990371704 0.058349412 0.05766885
Checkpoint not saved at epoch 3401000, loss did not improve.
3401000 1.3698886632919312 0.05448008 0.05650545
Checkpoint not saved at epoch 3402000, loss did not improve.
3402000 1.5083454847335815 0.05580738 0.053889323
Saving checkpoint at epoch 3403000 with improved loss: 1.3117352724075317
Model checkpoint saved at epoch 3403000, batch 1
3403000 1.361618995666504 0.054397672 0.054156777
Checkpoint not saved at epoch 3404000, loss did not improve.
3404000 1.4264177083969116 0.05503362 0.05432426
Checkpoint not saved at epoch 3405000, loss did not improve.
3405000 1.5826177597045898 0.056482047 0.058730196
Checkpoint not saved at epoch 3406000, loss did not improve.
3406000 1.5507104396820068 0.05619519 0.056854963
Checkpoint not saved at epoch 3407000, loss did not improve.
3407000 1.6597537994384766 0.05715804 0.059950735
Checkpoint not saved at epoch 3408000, loss did not improve.
3408000 1.3563315868377686 0.054344784 0.054571897
Checkpoint not saved at epoch 3409000, loss did not improve.
3409000 1.5693069696426392 0.05636291 0.0601631
Checkpoint not saved at epoch 3410000, loss did not improve.
3410000 1.3811267614364624 0.054591473 0.055997282
Checkpoint not saved at epoch 3411000, loss did not improve.
3411000 3.028942108154297 0.06643381 0.07496892
Checkpoint not saved at epoch 3412000, loss did not improve.
3412000 1.7380688190460205 0.05782067 0.054954153
Checkpoint not saved at epoch 3413000, loss did not improve.
3413000 1.4268689155578613 0.05503797 0.055105604
Checkpoint not saved at epoch 3414000, loss did not improve.
3414000 1.3227620124816895 0.05400536 0.053668637
Checkpoint not saved at epoch 3415000, loss did not improve.
3415000 1.3292428255081177 0.054071385 0.053475376
Checkpoint not saved at epoch 3416000, loss did not improve.
3416000 1.4065115451812744 0.054840606 0.054110624
Checkpoint not saved at epoch 3417000, loss did not improve.
3417000 1.4208459854125977 0.054979805 0.055314165
Checkpoint not saved at epoch 3418000, loss did not improve.
3418000 1.365091323852539 0.05443232 0.05464373
Checkpoint not saved at epoch 3419000, loss did not improve.
3419000 1.3879493474960327 0.054658767 0.05577688
Checkpoint not saved at epoch 3420000, loss did not improve.
3420000 1.3960920572280884 0.05473876 0.05460427
Checkpoint not saved at epoch 3421000, loss did not improve.
3421000 1.4762687683105469 0.05550828 0.053667575
Checkpoint not saved at epoch 3422000, loss did not improve.
3422000 1.4628549814224243 0.055381756 0.05636901
Checkpoint not saved at epoch 3423000, loss did not improve.
3423000 1.370326280593872 0.054484427 0.05483849
Checkpoint not saved at epoch 3424000, loss did not improve.
3424000 1.3815281391143799 0.05459544 0.0537974
Checkpoint not saved at epoch 3425000, loss did not improve.
3425000 1.3863794803619385 0.054643303 0.053925455
Checkpoint not saved at epoch 3426000, loss did not improve.
3426000 1.3301506042480469 0.054080613 0.055006254
Checkpoint not saved at epoch 3427000, loss did not improve.
3427000 1.79317307472229 0.058273613 0.058641504
Checkpoint not saved at epoch 3428000, loss did not improve.
3428000 1.504669189453125 0.055773348 0.053361975
Checkpoint not saved at epoch 3429000, loss did not improve.
3429000 1.360473394393921 0.05438623 0.053387932
Checkpoint not saved at epoch 3430000, loss did not improve.
3430000 1.6995409727096558 0.057497546 0.05480607
Checkpoint not saved at epoch 3431000, loss did not improve.
3431000 1.3415753841400146 0.05419637 0.053550266
Checkpoint not saved at epoch 3432000, loss did not improve.
3432000 1.4625321626663208 0.0553787 0.056151267
Checkpoint not saved at epoch 3433000, loss did not improve.
3433000 1.6019498109817505 0.05665375 0.05358945
Checkpoint not saved at epoch 3434000, loss did not improve.
3434000 1.3523032665252686 0.05430439 0.0553044
Checkpoint not saved at epoch 3435000, loss did not improve.
3435000 1.3489673137664795 0.05427087 0.053327307
Checkpoint not saved at epoch 3436000, loss did not improve.
3436000 1.363822102546692 0.05441967 0.054093756
Checkpoint not saved at epoch 3437000, loss did not improve.
3437000 1.4843276739120483 0.055583883 0.057300653
Checkpoint not saved at epoch 3438000, loss did not improve.
3438000 1.8859260082244873 0.059012983 0.057334002
Checkpoint not saved at epoch 3439000, loss did not improve.
3439000 1.5859010219573975 0.05651132 0.05911617
Checkpoint not saved at epoch 3440000, loss did not improve.
3440000 2.784426212310791 0.06505045 0.057306167
Checkpoint not saved at epoch 3441000, loss did not improve.
3441000 1.3505651950836182 0.054286934 0.055439573
Checkpoint not saved at epoch 3442000, loss did not improve.
3442000 1.3564550876617432 0.054346025 0.055175617
Checkpoint not saved at epoch 3443000, loss did not improve.
3443000 1.355096459388733 0.05433241 0.054830816
Checkpoint not saved at epoch 3444000, loss did not improve.
3444000 1.385150671005249 0.054631192 0.056932107
Checkpoint not saved at epoch 3445000, loss did not improve.
3445000 1.5593293905258179 0.056273103 0.057087783
Checkpoint not saved at epoch 3446000, loss did not improve.
3446000 1.6714630126953125 0.057258587 0.05535922
Checkpoint not saved at epoch 3447000, loss did not improve.
3447000 1.4998723268508911 0.055728838 0.05618922
Checkpoint not saved at epoch 3448000, loss did not improve.
3448000 1.3470160961151123 0.054251235 0.054216582
Checkpoint not saved at epoch 3449000, loss did not improve.
3449000 1.348642110824585 0.054267593 0.055246238
Checkpoint not saved at epoch 3450000, loss did not improve.
3450000 1.4628390073776245 0.055381607 0.057966866
Checkpoint not saved at epoch 3451000, loss did not improve.
3451000 1.3332562446594238 0.054112155 0.054506905
Checkpoint not saved at epoch 3452000, loss did not improve.
3452000 1.3275665044784546 0.054054335 0.054370373
Checkpoint not saved at epoch 3453000, loss did not improve.
3453000 1.6751289367675781 0.057289954 0.05733257
Checkpoint not saved at epoch 3454000, loss did not improve.
3454000 1.3848419189453125 0.05462815 0.055470437
Checkpoint not saved at epoch 3455000, loss did not improve.
3455000 1.4659309387207031 0.055410847 0.05399055
Checkpoint not saved at epoch 3456000, loss did not improve.
3456000 1.384257197380066 0.054622382 0.054317225
Checkpoint not saved at epoch 3457000, loss did not improve.
3457000 1.3767015933990479 0.05454769 0.055302646
Checkpoint not saved at epoch 3458000, loss did not improve.
3458000 1.3977251052856445 0.054754756 0.054019887
Checkpoint not saved at epoch 3459000, loss did not improve.
3459000 1.3794561624526978 0.054574955 0.054098506
Checkpoint not saved at epoch 3460000, loss did not improve.
3460000 1.6434049606323242 0.057016764 0.05609427
Checkpoint not saved at epoch 3461000, loss did not improve.
3461000 1.6522339582443237 0.057093192 0.05708409
Checkpoint not saved at epoch 3462000, loss did not improve.
3462000 1.42733633518219 0.055042483 0.05534095
Checkpoint not saved at epoch 3463000, loss did not improve.
3463000 1.5679192543029785 0.056350444 0.057586
Checkpoint not saved at epoch 3464000, loss did not improve.
3464000 1.322205901145935 0.05399968 0.054148752
Checkpoint not saved at epoch 3465000, loss did not improve.
3465000 1.5071898698806763 0.055796687 0.055277374
Checkpoint not saved at epoch 3466000, loss did not improve.
3466000 1.5305818319320679 0.05601193 0.05736772
Checkpoint not saved at epoch 3467000, loss did not improve.
3467000 1.4845565557479858 0.055586025 0.056711126
Checkpoint not saved at epoch 3468000, loss did not improve.
3468000 1.3289003372192383 0.054067902 0.053623322
Checkpoint not saved at epoch 3469000, loss did not improve.
3469000 1.39177668094635 0.054696407 0.053620562
Checkpoint not saved at epoch 3470000, loss did not improve.
3470000 1.3504807949066162 0.054286085 0.053335566
Checkpoint not saved at epoch 3471000, loss did not improve.
3471000 1.3263201713562012 0.05404164 0.054084383
Checkpoint not saved at epoch 3472000, loss did not improve.
3472000 1.4600998163223267 0.055355664 0.054982822
Checkpoint not saved at epoch 3473000, loss did not improve.
3473000 1.4505974054336548 0.05526538 0.055297144
Checkpoint not saved at epoch 3474000, loss did not improve.
3474000 1.3831876516342163 0.05461183 0.054736122
Checkpoint not saved at epoch 3475000, loss did not improve.
3475000 1.3836336135864258 0.05461623 0.05406867
Checkpoint not saved at epoch 3476000, loss did not improve.
3476000 1.5639210939407349 0.056314487 0.057075765
Checkpoint not saved at epoch 3477000, loss did not improve.
3477000 1.4681084156036377 0.055431414 0.055324703
Checkpoint not saved at epoch 3478000, loss did not improve.
3478000 1.344504714012146 0.05422593 0.053662173
Checkpoint not saved at epoch 3479000, loss did not improve.
3479000 1.555615782737732 0.056239575 0.055779457
Checkpoint not saved at epoch 3480000, loss did not improve.
3480000 1.8814691305160522 0.05897809 0.0566638
Checkpoint not saved at epoch 3481000, loss did not improve.
3481000 1.2990580797195435 0.05376177 0.0536864
Checkpoint not saved at epoch 3482000, loss did not improve.
3482000 1.4316526651382446 0.055084046 0.053954862
Checkpoint not saved at epoch 3483000, loss did not improve.
3483000 1.5264508724212646 0.0559741 0.055709623
Checkpoint not saved at epoch 3484000, loss did not improve.
3484000 1.4782358407974243 0.05552676 0.05526155
Checkpoint not saved at epoch 3485000, loss did not improve.
3485000 1.3630871772766113 0.05441233 0.053520776
Checkpoint not saved at epoch 3486000, loss did not improve.
3486000 1.911222219467163 0.059209887 0.0576302
Checkpoint not saved at epoch 3487000, loss did not improve.
3487000 1.3004275560379028 0.05377594 0.053390853
Checkpoint not saved at epoch 3488000, loss did not improve.
3488000 1.3090087175369263 0.053864427 0.05330266
Checkpoint not saved at epoch 3489000, loss did not improve.
3489000 1.378467082977295 0.054565173 0.054589827
Saving checkpoint at epoch 3490000 with improved loss: 1.3027632236480713
Model checkpoint saved at epoch 3490000, batch 1
3490000 1.3147151470184326 0.053923037 0.054019615
Checkpoint not saved at epoch 3491000, loss did not improve.
3491000 1.558152198791504 0.056262482 0.05458095
Checkpoint not saved at epoch 3492000, loss did not improve.
3492000 1.4916324615478516 0.055652145 0.0553219
Checkpoint not saved at epoch 3493000, loss did not improve.
3493000 1.305944800376892 0.05383288 0.053213533
Saving checkpoint at epoch 3494000 with improved loss: 1.2961187362670898
Model checkpoint saved at epoch 3494000, batch 1
3494000 1.3280448913574219 0.0540592 0.05389493
Checkpoint not saved at epoch 3495000, loss did not improve.
3495000 1.5300490856170654 0.056007057 0.055272274
Checkpoint not saved at epoch 3496000, loss did not improve.
3496000 1.3328170776367188 0.0541077 0.05368292
Checkpoint not saved at epoch 3497000, loss did not improve.
3497000 1.3316291570663452 0.054095637 0.05382161
Checkpoint not saved at epoch 3498000, loss did not improve.
3498000 1.3104705810546875 0.053879462 0.05343319
Checkpoint not saved at epoch 3499000, loss did not improve.
3499000 1.3330808877944946 0.054110374 0.05384697
Checkpoint not saved at epoch 3500000, loss did not improve.
3500000 1.5483973026275635 0.05617422 0.05578289
Checkpoint not saved at epoch 3501000, loss did not improve.
3501000 1.522457242012024 0.055937454 0.055135835
Checkpoint not saved at epoch 3502000, loss did not improve.
3502000 1.3803257942199707 0.054583557 0.054720826
Checkpoint not saved at epoch 3503000, loss did not improve.
3503000 1.5936459302902222 0.056580182 0.054633174
Checkpoint not saved at epoch 3504000, loss did not improve.
3504000 1.3153233528137207 0.053929277 0.05700528
Checkpoint not saved at epoch 3505000, loss did not improve.
3505000 1.4009449481964111 0.05478626 0.056135423
Checkpoint not saved at epoch 3506000, loss did not improve.
3506000 1.508276343345642 0.055806737 0.058184184
Checkpoint not saved at epoch 3507000, loss did not improve.
3507000 1.4533045291900635 0.055291142 0.05461667
Checkpoint not saved at epoch 3508000, loss did not improve.
3508000 1.358896017074585 0.05437045 0.055728935
Checkpoint not saved at epoch 3509000, loss did not improve.
3509000 1.3239144086837769 0.05401712 0.053751238
Checkpoint not saved at epoch 3510000, loss did not improve.
3510000 1.6330459117889404 0.0569267 0.06080909
Checkpoint not saved at epoch 3511000, loss did not improve.
3511000 1.940375804901123 0.059434403 0.061576795
Checkpoint not saved at epoch 3512000, loss did not improve.
3512000 1.3096295595169067 0.053870816 0.05437127
Checkpoint not saved at epoch 3513000, loss did not improve.
3513000 1.604394555091858 0.056675352 0.05762064
Checkpoint not saved at epoch 3514000, loss did not improve.
3514000 1.456347942352295 0.05532007 0.05530389
Checkpoint not saved at epoch 3515000, loss did not improve.
3515000 1.3438547849655151 0.054219373 0.056647256
Checkpoint not saved at epoch 3516000, loss did not improve.
3516000 1.6691099405288696 0.057238422 0.054436937
Checkpoint not saved at epoch 3517000, loss did not improve.
3517000 1.3060728311538696 0.0538342 0.054553032
Checkpoint not saved at epoch 3518000, loss did not improve.
3518000 1.5239912271499634 0.05595154 0.05975018
Checkpoint not saved at epoch 3519000, loss did not improve.
3519000 3.3527703285217285 0.06814239 0.06341003
Checkpoint not saved at epoch 3520000, loss did not improve.
3520000 1.5193836688995361 0.0559092 0.05853355
Checkpoint not saved at epoch 3521000, loss did not improve.
3521000 1.5267763137817383 0.05597708 0.053723067
Checkpoint not saved at epoch 3522000, loss did not improve.
3522000 1.3668376207351685 0.054449722 0.05612694
Checkpoint not saved at epoch 3523000, loss did not improve.
3523000 1.2996114492416382 0.0537675 0.055165254
Checkpoint not saved at epoch 3524000, loss did not improve.
3524000 1.3673862218856812 0.054455183 0.054700285
Checkpoint not saved at epoch 3525000, loss did not improve.
3525000 1.4756171703338623 0.055502158 0.05998613
Checkpoint not saved at epoch 3526000, loss did not improve.
3526000 1.3417681455612183 0.054198314 0.056832723
Checkpoint not saved at epoch 3527000, loss did not improve.
3527000 1.3026022911071777 0.0537984 0.05567165
Checkpoint not saved at epoch 3528000, loss did not improve.
3528000 1.736495852470398 0.057807587 0.0638389
Checkpoint not saved at epoch 3529000, loss did not improve.
3529000 1.6471983194351196 0.05704964 0.06105409
Checkpoint not saved at epoch 3530000, loss did not improve.
3530000 1.7132790088653564 0.05761339 0.05678553
Checkpoint not saved at epoch 3531000, loss did not improve.
3531000 1.3066749572753906 0.053840406 0.054613065
Checkpoint not saved at epoch 3532000, loss did not improve.
3532000 1.4635964632034302 0.055388775 0.055939663
Checkpoint not saved at epoch 3533000, loss did not improve.
3533000 1.7622394561767578 0.05802066 0.054138776
Checkpoint not saved at epoch 3534000, loss did not improve.
3534000 1.3995469808578491 0.05477259 0.057887666
Checkpoint not saved at epoch 3535000, loss did not improve.
3535000 1.4221527576446533 0.05499244 0.05450661
Checkpoint not saved at epoch 3536000, loss did not improve.
3536000 1.6924479007720947 0.05743746 0.058114193
Checkpoint not saved at epoch 3537000, loss did not improve.
3537000 1.5228348970413208 0.055940922 0.054789063
Saving checkpoint at epoch 3538000 with improved loss: 1.2868616580963135
Model checkpoint saved at epoch 3538000, batch 1
3538000 1.279306173324585 0.053556234 0.055688843
Checkpoint not saved at epoch 3539000, loss did not improve.
3539000 1.289659023284912 0.05366426 0.05411586
Checkpoint not saved at epoch 3540000, loss did not improve.
3540000 1.7539023160934448 0.057951916 0.057479315
Checkpoint not saved at epoch 3541000, loss did not improve.
3541000 1.5183721780776978 0.055899896 0.056254808
Checkpoint not saved at epoch 3542000, loss did not improve.
3542000 2.8097009658813477 0.06519757 0.06605298
Checkpoint not saved at epoch 3543000, loss did not improve.
3543000 1.3102713823318481 0.053877413 0.055303216
Checkpoint not saved at epoch 3544000, loss did not improve.
3544000 1.994059681892395 0.059841294 0.0576102
Checkpoint not saved at epoch 3545000, loss did not improve.
3545000 1.7183729410171509 0.057656173 0.053879302
Checkpoint not saved at epoch 3546000, loss did not improve.
3546000 1.2969878911972046 0.05374034 0.056242317
Checkpoint not saved at epoch 3547000, loss did not improve.
3547000 1.5772552490234375 0.056434143 0.05874842
Checkpoint not saved at epoch 3548000, loss did not improve.
3548000 1.8886706829071045 0.059034444 0.056183994
Checkpoint not saved at epoch 3549000, loss did not improve.
3549000 1.563954472541809 0.056314785 0.059413113
Checkpoint not saved at epoch 3550000, loss did not improve.
3550000 1.8397891521453857 0.0586487 0.06057172
Checkpoint not saved at epoch 3551000, loss did not improve.
3551000 1.3735005855560303 0.054515958 0.053625293
Checkpoint not saved at epoch 3552000, loss did not improve.
3552000 1.371313452720642 0.054494243 0.054867033
Checkpoint not saved at epoch 3553000, loss did not improve.
3553000 1.3941583633422852 0.05471979 0.05346892
Checkpoint not saved at epoch 3554000, loss did not improve.
3554000 1.3450500965118408 0.05423143 0.056341566
Checkpoint not saved at epoch 3555000, loss did not improve.
3555000 1.511513113975525 0.055836655 0.055144485
Checkpoint not saved at epoch 3556000, loss did not improve.
3556000 1.640520453453064 0.05699173 0.060753293
Checkpoint not saved at epoch 3557000, loss did not improve.
3557000 1.4575599431991577 0.055331577 0.05670846
Checkpoint not saved at epoch 3558000, loss did not improve.
3558000 1.3196611404418945 0.05397368 0.05592884
Checkpoint not saved at epoch 3559000, loss did not improve.
3559000 1.6935456991195679 0.057446778 0.056205545
Checkpoint not saved at epoch 3560000, loss did not improve.
3560000 1.2943037748336792 0.053712513 0.05455836
Checkpoint not saved at epoch 3561000, loss did not improve.
3561000 1.2869793176651 0.05363636 0.05409329
Saving checkpoint at epoch 3562000 with improved loss: 1.2753545045852661
Model checkpoint saved at epoch 3562000, batch 1
3562000 1.2781144380569458 0.05354376 0.05410073
Checkpoint not saved at epoch 3563000, loss did not improve.
3563000 1.3054251670837402 0.053827524 0.05297307
Checkpoint not saved at epoch 3564000, loss did not improve.
3564000 1.5686310529708862 0.056356836 0.058869325
Checkpoint not saved at epoch 3565000, loss did not improve.
3565000 2.0280816555023193 0.060094923 0.060891844
Checkpoint not saved at epoch 3566000, loss did not improve.
3566000 1.368575930595398 0.054467026 0.0553039
Checkpoint not saved at epoch 3567000, loss did not improve.
3567000 1.4496495723724365 0.05525635 0.053358223
Checkpoint not saved at epoch 3568000, loss did not improve.
3568000 1.4587619304656982 0.055342976 0.054215748
Checkpoint not saved at epoch 3569000, loss did not improve.
3569000 1.46907639503479 0.05544055 0.056870222
Checkpoint not saved at epoch 3570000, loss did not improve.
3570000 1.5409618616104126 0.05610666 0.06056573
Checkpoint not saved at epoch 3571000, loss did not improve.
3571000 1.2867827415466309 0.05363432 0.054700997
Checkpoint not saved at epoch 3572000, loss did not improve.
3572000 1.3324880599975586 0.05410436 0.054428604
Checkpoint not saved at epoch 3573000, loss did not improve.
3573000 1.4648468494415283 0.0554006 0.05868286
Checkpoint not saved at epoch 3574000, loss did not improve.
3574000 1.3695627450942993 0.05447684 0.05701162
Checkpoint not saved at epoch 3575000, loss did not improve.
3575000 1.4866284132003784 0.055605404 0.05575881
Checkpoint not saved at epoch 3576000, loss did not improve.
3576000 1.4024113416671753 0.054800596 0.05623261
Checkpoint not saved at epoch 3577000, loss did not improve.
3577000 1.8275419473648071 0.058550857 0.05449222
Checkpoint not saved at epoch 3578000, loss did not improve.
3578000 1.2924879789352417 0.053693667 0.055066887
Checkpoint not saved at epoch 3579000, loss did not improve.
3579000 1.4069851636886597 0.054845225 0.053528734
Checkpoint not saved at epoch 3580000, loss did not improve.
3580000 1.3407789468765259 0.054188322 0.052511655
Checkpoint not saved at epoch 3581000, loss did not improve.
3581000 1.5229910612106323 0.055942353 0.05875756
Checkpoint not saved at epoch 3582000, loss did not improve.
3582000 1.5037273168563843 0.05576461 0.05734599
Checkpoint not saved at epoch 3583000, loss did not improve.
3583000 1.5135427713394165 0.05585539 0.05977947
Checkpoint not saved at epoch 3584000, loss did not improve.
3584000 1.4679261445999146 0.055429693 0.055069104
Checkpoint not saved at epoch 3585000, loss did not improve.
3585000 1.6031593084335327 0.056664437 0.052953575
Checkpoint not saved at epoch 3586000, loss did not improve.
3586000 1.394798994064331 0.054726075 0.055844214
Checkpoint not saved at epoch 3587000, loss did not improve.
3587000 1.2789807319641113 0.05355283 0.05321855
Checkpoint not saved at epoch 3588000, loss did not improve.
3588000 1.429594874382019 0.055064242 0.05328434
Checkpoint not saved at epoch 3589000, loss did not improve.
3589000 1.318461298942566 0.053961407 0.053736366
Checkpoint not saved at epoch 3590000, loss did not improve.
3590000 1.335008144378662 0.05412993 0.055813435
Saving checkpoint at epoch 3591000 with improved loss: 1.2561062574386597
Model checkpoint saved at epoch 3591000, batch 1
3591000 1.257558822631836 0.053327166 0.05505782
Checkpoint not saved at epoch 3592000, loss did not improve.
3592000 1.3140859603881836 0.05391659 0.05781889
Checkpoint not saved at epoch 3593000, loss did not improve.
3593000 1.2703229188919067 0.05346197 0.056408133
Checkpoint not saved at epoch 3594000, loss did not improve.
3594000 1.3571854829788208 0.05435334 0.05719443
Checkpoint not saved at epoch 3595000, loss did not improve.
3595000 1.6014564037322998 0.056649383 0.05348975
Checkpoint not saved at epoch 3596000, loss did not improve.
3596000 1.2793251276016235 0.05355643 0.054802362
Checkpoint not saved at epoch 3597000, loss did not improve.
3597000 1.3563599586486816 0.054345075 0.05661682
Checkpoint not saved at epoch 3598000, loss did not improve.
3598000 1.7147244215011597 0.05762554 0.0620011
Checkpoint not saved at epoch 3599000, loss did not improve.
3599000 2.7623298168182373 0.064921014 0.06456098
Checkpoint not saved at epoch 3600000, loss did not improve.
3600000 1.427252173423767 0.05504167 0.05420089
Checkpoint not saved at epoch 3601000, loss did not improve.
3601000 1.3745713233947754 0.05452658 0.059000023
Checkpoint not saved at epoch 3602000, loss did not improve.
3602000 1.6041566133499146 0.05667325 0.053925987
Checkpoint not saved at epoch 3603000, loss did not improve.
3603000 1.3494821786880493 0.054276045 0.053575102
Checkpoint not saved at epoch 3604000, loss did not improve.
3604000 1.5844557285308838 0.056498438 0.05347468
Checkpoint not saved at epoch 3605000, loss did not improve.
3605000 1.2971405982971191 0.053741917 0.05554455
Checkpoint not saved at epoch 3606000, loss did not improve.
3606000 1.3252489566802979 0.054030724 0.05572518
Checkpoint not saved at epoch 3607000, loss did not improve.
3607000 1.2608835697174072 0.053362377 0.05415116
Checkpoint not saved at epoch 3608000, loss did not improve.
3608000 1.4611477851867676 0.055365596 0.056923155
Checkpoint not saved at epoch 3609000, loss did not improve.
3609000 1.4703056812286377 0.05545214 0.054619264
Checkpoint not saved at epoch 3610000, loss did not improve.
3610000 1.313247799873352 0.053907987 0.05558949
Checkpoint not saved at epoch 3611000, loss did not improve.
3611000 1.4587429761886597 0.055342793 0.053325426
Checkpoint not saved at epoch 3612000, loss did not improve.
3612000 1.4816259145736694 0.055558573 0.059279725
Checkpoint not saved at epoch 3613000, loss did not improve.
3613000 1.3544154167175293 0.054325584 0.05892398
Checkpoint not saved at epoch 3614000, loss did not improve.
3614000 1.5355933904647827 0.056057725 0.057355676
Checkpoint not saved at epoch 3615000, loss did not improve.
3615000 1.3925426006317139 0.054703932 0.058550257
Checkpoint not saved at epoch 3616000, loss did not improve.
3616000 1.3276288509368896 0.054054968 0.055493288
Checkpoint not saved at epoch 3617000, loss did not improve.
3617000 1.300940752029419 0.053781234 0.05725032
Checkpoint not saved at epoch 3618000, loss did not improve.
3618000 1.903092622756958 0.05914682 0.056059934
Checkpoint not saved at epoch 3619000, loss did not improve.
3619000 1.3949962854385376 0.054728013 0.061277874
Checkpoint not saved at epoch 3620000, loss did not improve.
3620000 1.3571523427963257 0.05435301 0.05824507
Checkpoint not saved at epoch 3621000, loss did not improve.
3621000 1.5334714651107788 0.05603835 0.061633322
Checkpoint not saved at epoch 3622000, loss did not improve.
3622000 1.4657779932022095 0.05540941 0.0579398
Checkpoint not saved at epoch 3623000, loss did not improve.
3623000 1.3086986541748047 0.053861238 0.054517575
Checkpoint not saved at epoch 3624000, loss did not improve.
3624000 1.4371323585510254 0.055136677 0.06350245
Saving checkpoint at epoch 3625000 with improved loss: 1.2520267963409424
Model checkpoint saved at epoch 3625000, batch 1
3625000 1.2662838697433472 0.053419422 0.058882207
Checkpoint not saved at epoch 3626000, loss did not improve.
3626000 1.2722171545028687 0.053481884 0.058915082
Checkpoint not saved at epoch 3627000, loss did not improve.
3627000 1.697422981262207 0.057479624 0.056384377
Checkpoint not saved at epoch 3628000, loss did not improve.
3628000 1.9654767513275146 0.05962569 0.0630989
Checkpoint not saved at epoch 3629000, loss did not improve.
3629000 1.4475902318954468 0.055236716 0.06101197
Checkpoint not saved at epoch 3630000, loss did not improve.
3630000 1.3371918201446533 0.054152045 0.058591526
Checkpoint not saved at epoch 3631000, loss did not improve.
3631000 1.302024245262146 0.053792436 0.061214812
Checkpoint not saved at epoch 3632000, loss did not improve.
3632000 1.6027283668518066 0.05666063 0.06418113
Checkpoint not saved at epoch 3633000, loss did not improve.
3633000 1.4316542148590088 0.055084065 0.06647002
Checkpoint not saved at epoch 3634000, loss did not improve.
3634000 1.4174383878707886 0.05494681 0.061640248
Checkpoint not saved at epoch 3635000, loss did not improve.
3635000 1.3553143739700317 0.05433459 0.05852339
Checkpoint not saved at epoch 3636000, loss did not improve.
3636000 1.3694411516189575 0.054475635 0.06295382
Checkpoint not saved at epoch 3637000, loss did not improve.
3637000 1.264920711517334 0.05340504 0.060304943
Checkpoint not saved at epoch 3638000, loss did not improve.
3638000 2.25394606590271 0.061702434 0.06927708
Checkpoint not saved at epoch 3639000, loss did not improve.
3639000 1.2625319957733154 0.05337981 0.058766603
Checkpoint not saved at epoch 3640000, loss did not improve.
3640000 1.518172025680542 0.055898048 0.068293326
Checkpoint not saved at epoch 3641000, loss did not improve.
3641000 1.432997703552246 0.05509698 0.061148528
Checkpoint not saved at epoch 3642000, loss did not improve.
3642000 1.5605427026748657 0.05628405 0.07048096
Checkpoint not saved at epoch 3643000, loss did not improve.
3643000 1.350972056388855 0.054291017 0.063325524
Checkpoint not saved at epoch 3644000, loss did not improve.
3644000 1.2621591091156006 0.05337587 0.059520226
Checkpoint not saved at epoch 3645000, loss did not improve.
3645000 1.537329912185669 0.056073565 0.06763081
Checkpoint not saved at epoch 3646000, loss did not improve.
3646000 1.4154257774353027 0.054927293 0.05439207
Checkpoint not saved at epoch 3647000, loss did not improve.
3647000 1.3982445001602173 0.054759845 0.05735011
Checkpoint not saved at epoch 3648000, loss did not improve.
3648000 1.6331957578659058 0.05692801 0.0663377
Checkpoint not saved at epoch 3649000, loss did not improve.
3649000 1.4330410957336426 0.055097397 0.05605898
Checkpoint not saved at epoch 3650000, loss did not improve.
3650000 1.3808386325836182 0.054588627 0.06178508
Checkpoint not saved at epoch 3651000, loss did not improve.
3651000 1.609527587890625 0.05672063 0.06484109
Checkpoint not saved at epoch 3652000, loss did not improve.
3652000 1.2905747890472412 0.053673785 0.058225866
Checkpoint not saved at epoch 3653000, loss did not improve.
3653000 1.3142520189285278 0.053918283 0.061884057
Checkpoint not saved at epoch 3654000, loss did not improve.
3654000 1.2916854619979858 0.053685326 0.056476954
Checkpoint not saved at epoch 3655000, loss did not improve.
3655000 1.4103647470474243 0.054878127 0.05990029
Checkpoint not saved at epoch 3656000, loss did not improve.
3656000 1.2894585132598877 0.053662177 0.056689978
Checkpoint not saved at epoch 3657000, loss did not improve.
3657000 1.4550977945327759 0.055308193 0.06378083
Checkpoint not saved at epoch 3658000, loss did not improve.
3658000 2.5891568660736084 0.06387869 0.066005744
Checkpoint not saved at epoch 3659000, loss did not improve.
3659000 1.3183417320251465 0.053960178 0.063518226
Checkpoint not saved at epoch 3660000, loss did not improve.
3660000 1.29216468334198 0.05369031 0.058373258
Checkpoint not saved at epoch 3661000, loss did not improve.
3661000 1.6160962581634521 0.05677841 0.06575992
Checkpoint not saved at epoch 3662000, loss did not improve.
3662000 1.5097593069076538 0.055820454 0.054332025
Checkpoint not saved at epoch 3663000, loss did not improve.
3663000 1.3680651187896729 0.05446194 0.054117545
Checkpoint not saved at epoch 3664000, loss did not improve.
3664000 1.2639127969741821 0.0533944 0.057251453
Checkpoint not saved at epoch 3665000, loss did not improve.
3665000 1.4602789878845215 0.055357363 0.058484208
Checkpoint not saved at epoch 3666000, loss did not improve.
3666000 1.3310292959213257 0.054089546 0.057764508
Checkpoint not saved at epoch 3667000, loss did not improve.
3667000 1.2693045139312744 0.05345125 0.058055226
Checkpoint not saved at epoch 3668000, loss did not improve.
3668000 1.3106727600097656 0.053881537 0.056432188
Checkpoint not saved at epoch 3669000, loss did not improve.
3669000 1.2636146545410156 0.05339125 0.05858626
Checkpoint not saved at epoch 3670000, loss did not improve.
3670000 1.295325517654419 0.053723108 0.05793695
Checkpoint not saved at epoch 3671000, loss did not improve.
3671000 1.3186779022216797 0.053963628 0.058789194
Checkpoint not saved at epoch 3672000, loss did not improve.
3672000 1.4239387512207031 0.0550097 0.053438816
Checkpoint not saved at epoch 3673000, loss did not improve.
3673000 1.2695534229278564 0.05345387 0.05531205
Checkpoint not saved at epoch 3674000, loss did not improve.
3674000 1.4048129320144653 0.05482404 0.056164604
Checkpoint not saved at epoch 3675000, loss did not improve.
3675000 1.448388934135437 0.05524433 0.059691343
Checkpoint not saved at epoch 3676000, loss did not improve.
3676000 1.664631962776184 0.057199996 0.06434841
Checkpoint not saved at epoch 3677000, loss did not improve.
3677000 1.3643786907196045 0.054425217 0.056876652
Checkpoint not saved at epoch 3678000, loss did not improve.
3678000 1.5575050115585327 0.05625664 0.0624806
Checkpoint not saved at epoch 3679000, loss did not improve.
3679000 1.3328542709350586 0.054108076 0.053428005
Checkpoint not saved at epoch 3680000, loss did not improve.
3680000 1.32730233669281 0.05405164 0.057465885
Checkpoint not saved at epoch 3681000, loss did not improve.
3681000 1.4275147914886475 0.055044204 0.062161695
Checkpoint not saved at epoch 3682000, loss did not improve.
3682000 1.3506135940551758 0.054287422 0.05396136
Checkpoint not saved at epoch 3683000, loss did not improve.
3683000 1.3270161151885986 0.05404873 0.05885683
Checkpoint not saved at epoch 3684000, loss did not improve.
3684000 1.3679553270339966 0.054460846 0.052843545
Checkpoint not saved at epoch 3685000, loss did not improve.
3685000 1.337273359298706 0.054152872 0.05755845
Checkpoint not saved at epoch 3686000, loss did not improve.
3686000 1.270413875579834 0.053462926 0.054104
Checkpoint not saved at epoch 3687000, loss did not improve.
3687000 1.5500853061676025 0.05618952 0.0613844
Checkpoint not saved at epoch 3688000, loss did not improve.
3688000 1.347017765045166 0.05425125 0.052906513
Checkpoint not saved at epoch 3689000, loss did not improve.
3689000 1.2953933477401733 0.053723812 0.05467411
Saving checkpoint at epoch 3690000 with improved loss: 1.233397126197815
Model checkpoint saved at epoch 3690000, batch 1
3690000 1.2764170169830322 0.053525973 0.057893123
Checkpoint not saved at epoch 3691000, loss did not improve.
3691000 1.3374426364898682 0.054154582 0.057622496
Checkpoint not saved at epoch 3692000, loss did not improve.
3692000 1.4369903802871704 0.05513532 0.060765292
Checkpoint not saved at epoch 3693000, loss did not improve.
3693000 1.4738759994506836 0.055485778 0.057985596
Checkpoint not saved at epoch 3694000, loss did not improve.
3694000 1.4345736503601074 0.05511212 0.05573329
Checkpoint not saved at epoch 3695000, loss did not improve.
3695000 1.284625768661499 0.053611826 0.05602975
Checkpoint not saved at epoch 3696000, loss did not improve.
3696000 1.2683967351913452 0.053441692 0.059760325
Checkpoint not saved at epoch 3697000, loss did not improve.
3697000 1.5220658779144287 0.055933863 0.054963574
Checkpoint not saved at epoch 3698000, loss did not improve.
3698000 1.3853673934936523 0.05463333 0.054593436
Checkpoint not saved at epoch 3699000, loss did not improve.
3699000 1.6604118347167969 0.057163708 0.054417964
Checkpoint not saved at epoch 3700000, loss did not improve.
3700000 1.439794898033142 0.055162203 0.053827316
Checkpoint not saved at epoch 3701000, loss did not improve.
3701000 1.3219799995422363 0.05399737 0.058141198
Checkpoint not saved at epoch 3702000, loss did not improve.
3702000 1.263370394706726 0.05338867 0.054217394
Checkpoint not saved at epoch 3703000, loss did not improve.
3703000 1.4187582731246948 0.05495959 0.060106635
Saving checkpoint at epoch 3704000 with improved loss: 1.2283997535705566
Model checkpoint saved at epoch 3704000, batch 1
3704000 1.2258425951004028 0.052987706 0.055033956
Checkpoint not saved at epoch 3705000, loss did not improve.
3705000 1.3182358741760254 0.053959105 0.053100493
Checkpoint not saved at epoch 3706000, loss did not improve.
3706000 1.4769859313964844 0.05551502 0.056985848
Checkpoint not saved at epoch 3707000, loss did not improve.
3707000 1.5912643671035767 0.056559034 0.05778239
Checkpoint not saved at epoch 3708000, loss did not improve.
3708000 1.3046249151229858 0.053819273 0.054795988
Checkpoint not saved at epoch 3709000, loss did not improve.
3709000 1.4002776145935059 0.05477974 0.05396308
Checkpoint not saved at epoch 3710000, loss did not improve.
3710000 1.5564982891082764 0.056247547 0.05733408
Checkpoint not saved at epoch 3711000, loss did not improve.
3711000 1.384047269821167 0.05462031 0.05769148
Checkpoint not saved at epoch 3712000, loss did not improve.
3712000 1.3738876581192017 0.054519795 0.053365905
Checkpoint not saved at epoch 3713000, loss did not improve.
3713000 1.4799354076385498 0.05554272 0.05308655
Checkpoint not saved at epoch 3714000, loss did not improve.
3714000 1.4345918893814087 0.055112295 0.053197864
Checkpoint not saved at epoch 3715000, loss did not improve.
3715000 1.603472352027893 0.056667205 0.053457424
Checkpoint not saved at epoch 3716000, loss did not improve.
3716000 1.7487391233444214 0.057909213 0.055835072
Checkpoint not saved at epoch 3717000, loss did not improve.
3717000 1.2737125158309937 0.0534976 0.054619715
Checkpoint not saved at epoch 3718000, loss did not improve.
3718000 1.5993964672088623 0.05663116 0.0612283
Checkpoint not saved at epoch 3719000, loss did not improve.
3719000 1.533057451248169 0.056034565 0.052834876
Checkpoint not saved at epoch 3720000, loss did not improve.
3720000 1.649619698524475 0.05707059 0.053586897
Checkpoint not saved at epoch 3721000, loss did not improve.
3721000 1.3897311687469482 0.0546763 0.056637514
Checkpoint not saved at epoch 3722000, loss did not improve.
3722000 1.2570055723190308 0.053321302 0.056227792
Checkpoint not saved at epoch 3723000, loss did not improve.
3723000 1.5449072122573853 0.056142535 0.05850227
Checkpoint not saved at epoch 3724000, loss did not improve.
3724000 1.482133388519287 0.055563323 0.053289924
Checkpoint not saved at epoch 3725000, loss did not improve.
3725000 1.2951173782348633 0.05372095 0.056064367
Checkpoint not saved at epoch 3726000, loss did not improve.
3726000 2.2426228523254395 0.0616248 0.062337406
Checkpoint not saved at epoch 3727000, loss did not improve.
3727000 1.3731104135513306 0.054512084 0.052865405
Checkpoint not saved at epoch 3728000, loss did not improve.
3728000 1.4417946338653564 0.055181343 0.05487823
Checkpoint not saved at epoch 3729000, loss did not improve.
3729000 1.341416358947754 0.054194763 0.056595195
Checkpoint not saved at epoch 3730000, loss did not improve.
3730000 1.262821912765503 0.053382874 0.055716753
Checkpoint not saved at epoch 3731000, loss did not improve.
3731000 1.3068493604660034 0.053842206 0.05586607
Checkpoint not saved at epoch 3732000, loss did not improve.
3732000 1.3377894163131714 0.05415809 0.05532615
Checkpoint not saved at epoch 3733000, loss did not improve.
3733000 1.3570808172225952 0.054352295 0.054257073
Checkpoint not saved at epoch 3734000, loss did not improve.
3734000 1.3499184846878052 0.054280434 0.05546467
Checkpoint not saved at epoch 3735000, loss did not improve.
3735000 1.4012389183044434 0.054789137 0.055286307
Checkpoint not saved at epoch 3736000, loss did not improve.
3736000 1.5603212118148804 0.05628205 0.059965815
Checkpoint not saved at epoch 3737000, loss did not improve.
3737000 1.744787573814392 0.05787647 0.06247077
Checkpoint not saved at epoch 3738000, loss did not improve.
3738000 1.312370777130127 0.05389898 0.054022353
Checkpoint not saved at epoch 3739000, loss did not improve.
3739000 1.5630837678909302 0.056306947 0.057523184
Checkpoint not saved at epoch 3740000, loss did not improve.
3740000 1.7975116968154907 0.058308836 0.05784706
Checkpoint not saved at epoch 3741000, loss did not improve.
3741000 1.2604588270187378 0.05335788 0.056113157
Checkpoint not saved at epoch 3742000, loss did not improve.
3742000 1.247412919998169 0.053219277 0.054564737
Checkpoint not saved at epoch 3743000, loss did not improve.
3743000 1.2850532531738281 0.053616285 0.055762786
Checkpoint not saved at epoch 3744000, loss did not improve.
3744000 1.4005635976791382 0.05478254 0.053724576
Checkpoint not saved at epoch 3745000, loss did not improve.
3745000 1.5601779222488403 0.05628076 0.052883953
Checkpoint not saved at epoch 3746000, loss did not improve.
3746000 1.2964262962341309 0.053734522 0.053089906
Checkpoint not saved at epoch 3747000, loss did not improve.
3747000 1.3372082710266113 0.05415221 0.05396815
Checkpoint not saved at epoch 3748000, loss did not improve.
3748000 1.4381169080734253 0.05514612 0.054232907
Checkpoint not saved at epoch 3749000, loss did not improve.
3749000 1.2835261821746826 0.05360035 0.056065455
Checkpoint not saved at epoch 3750000, loss did not improve.
3750000 1.3434284925460815 0.054215077 0.05543715
Checkpoint not saved at epoch 3751000, loss did not improve.
3751000 1.4677042961120605 0.055427596 0.05357352
Checkpoint not saved at epoch 3752000, loss did not improve.
3752000 1.5997620820999146 0.056634396 0.058125407
Checkpoint not saved at epoch 3753000, loss did not improve.
3753000 1.3996260166168213 0.054773364 0.057405524
Checkpoint not saved at epoch 3754000, loss did not improve.
3754000 1.3390567302703857 0.05417091 0.058173195
Checkpoint not saved at epoch 3755000, loss did not improve.
3755000 1.5643621683120728 0.056318454 0.0537661
Checkpoint not saved at epoch 3756000, loss did not improve.
3756000 2.12760066986084 0.060818955 0.0640628
Checkpoint not saved at epoch 3757000, loss did not improve.
3757000 1.2521679401397705 0.053269923 0.058030307
Checkpoint not saved at epoch 3758000, loss did not improve.
3758000 1.3384002447128296 0.05416427 0.057941083
Checkpoint not saved at epoch 3759000, loss did not improve.
3759000 1.5290324687957764 0.055997755 0.059404727
Checkpoint not saved at epoch 3760000, loss did not improve.
3760000 1.6309878826141357 0.05690876 0.05978515
Checkpoint not saved at epoch 3761000, loss did not improve.
3761000 1.2433644533157349 0.05317604 0.056117374
Checkpoint not saved at epoch 3762000, loss did not improve.
3762000 1.3699315786361694 0.054480504 0.05812745
Checkpoint not saved at epoch 3763000, loss did not improve.
3763000 1.6964755058288574 0.0574716 0.05606098
Checkpoint not saved at epoch 3764000, loss did not improve.
3764000 1.4377743005752563 0.05514284 0.059722766
Checkpoint not saved at epoch 3765000, loss did not improve.
3765000 1.301466941833496 0.053786676 0.054632008
Checkpoint not saved at epoch 3766000, loss did not improve.
3766000 1.251112937927246 0.0532587 0.05439658
Checkpoint not saved at epoch 3767000, loss did not improve.
3767000 1.9452577829360962 0.05947175 0.0552333
Checkpoint not saved at epoch 3768000, loss did not improve.
3768000 1.3282806873321533 0.054061595 0.054192934
Checkpoint not saved at epoch 3769000, loss did not improve.
3769000 1.4590935707092285 0.055346124 0.05421609
Checkpoint not saved at epoch 3770000, loss did not improve.
3770000 1.2640397548675537 0.05339574 0.053561155
Checkpoint not saved at epoch 3771000, loss did not improve.
3771000 1.452783226966858 0.055286184 0.05349148
Checkpoint not saved at epoch 3772000, loss did not improve.
3772000 1.2700567245483398 0.053459167 0.054809734
Checkpoint not saved at epoch 3773000, loss did not improve.
3773000 1.7156074047088623 0.057632953 0.057698168
Checkpoint not saved at epoch 3774000, loss did not improve.
3774000 1.2414536476135254 0.053155605 0.055160295
Checkpoint not saved at epoch 3775000, loss did not improve.
3775000 1.697972297668457 0.057484273 0.06060231
Checkpoint not saved at epoch 3776000, loss did not improve.
3776000 1.7551944255828857 0.057962585 0.054692585
Checkpoint not saved at epoch 3777000, loss did not improve.
3777000 1.6124550104141235 0.0567464 0.057169624
Checkpoint not saved at epoch 3778000, loss did not improve.
3778000 1.320676565170288 0.053984057 0.056536302
Checkpoint not saved at epoch 3779000, loss did not improve.
3779000 1.2440797090530396 0.053183693 0.05375327
Checkpoint not saved at epoch 3780000, loss did not improve.
3780000 1.4912372827529907 0.055648457 0.054597292
Checkpoint not saved at epoch 3781000, loss did not improve.
3781000 1.2641611099243164 0.053397026 0.05374517
Checkpoint not saved at epoch 3782000, loss did not improve.
3782000 1.4359157085418701 0.055125006 0.059793603
Checkpoint not saved at epoch 3783000, loss did not improve.
3783000 1.4222434759140015 0.054993317 0.058462217
Checkpoint not saved at epoch 3784000, loss did not improve.
3784000 1.282835841178894 0.053593136 0.057945214
Checkpoint not saved at epoch 3785000, loss did not improve.
3785000 1.2914241552352905 0.053682614 0.053496093
Checkpoint not saved at epoch 3786000, loss did not improve.
3786000 1.279841661453247 0.05356184 0.05386504
Checkpoint not saved at epoch 3787000, loss did not improve.
3787000 1.4080268144607544 0.05485537 0.056416977
Checkpoint not saved at epoch 3788000, loss did not improve.
3788000 1.664636254310608 0.057200033 0.05686359
Checkpoint not saved at epoch 3789000, loss did not improve.
3789000 1.3879765272140503 0.05465903 0.05479138
Checkpoint not saved at epoch 3790000, loss did not improve.
3790000 1.7069194316864014 0.05755985 0.05535298
Checkpoint not saved at epoch 3791000, loss did not improve.
3791000 1.3036032915115356 0.053808738 0.05420688
Checkpoint not saved at epoch 3792000, loss did not improve.
3792000 1.2752398252487183 0.05351363 0.055392824
Checkpoint not saved at epoch 3793000, loss did not improve.
3793000 1.269123911857605 0.053449348 0.054246817
Checkpoint not saved at epoch 3794000, loss did not improve.
3794000 1.7199958562850952 0.057669777 0.05858021
Checkpoint not saved at epoch 3795000, loss did not improve.
3795000 1.293237328529358 0.05370145 0.054246396
Checkpoint not saved at epoch 3796000, loss did not improve.
3796000 1.3582996129989624 0.05436449 0.056888316
Checkpoint not saved at epoch 3797000, loss did not improve.
3797000 1.3759229183197021 0.054539975 0.05396855
Checkpoint not saved at epoch 3798000, loss did not improve.
3798000 1.6649614572525024 0.05720282 0.06045556
Checkpoint not saved at epoch 3799000, loss did not improve.
3799000 1.3155553340911865 0.05393165 0.0546003
Checkpoint not saved at epoch 3800000, loss did not improve.
3800000 1.2466118335723877 0.053210728 0.053641643
Checkpoint not saved at epoch 3801000, loss did not improve.
3801000 4.183503150939941 0.072019726 0.071033016
Checkpoint not saved at epoch 3802000, loss did not improve.
3802000 1.3005048036575317 0.053776734 0.054080002
Checkpoint not saved at epoch 3803000, loss did not improve.
3803000 1.271417498588562 0.05347348 0.053506568
Checkpoint not saved at epoch 3804000, loss did not improve.
3804000 1.3993477821350098 0.05477064 0.055757854
Checkpoint not saved at epoch 3805000, loss did not improve.
3805000 1.4036955833435059 0.05481313 0.053740937
Checkpoint not saved at epoch 3806000, loss did not improve.
3806000 1.344614863395691 0.05422704 0.054140903
Checkpoint not saved at epoch 3807000, loss did not improve.
3807000 1.2520276308059692 0.05326843 0.053349085
Checkpoint not saved at epoch 3808000, loss did not improve.
3808000 1.5370351076126099 0.05607088 0.05575894
Checkpoint not saved at epoch 3809000, loss did not improve.
3809000 2.647892713546753 0.06423792 0.06389191
Checkpoint not saved at epoch 3810000, loss did not improve.
3810000 1.5146820545196533 0.055865895 0.056871034
Checkpoint not saved at epoch 3811000, loss did not improve.
3811000 2.392688274383545 0.0626308 0.061149377
Checkpoint not saved at epoch 3812000, loss did not improve.
3812000 1.3176594972610474 0.0539532 0.053510867
Checkpoint not saved at epoch 3813000, loss did not improve.
3813000 1.319966435432434 0.053976804 0.056027725
Checkpoint not saved at epoch 3814000, loss did not improve.
3814000 1.2651045322418213 0.05340698 0.05391964
Checkpoint not saved at epoch 3815000, loss did not improve.
3815000 1.446672797203064 0.055227958 0.058367115
Checkpoint not saved at epoch 3816000, loss did not improve.
3816000 1.3075153827667236 0.05384906 0.05420332
Checkpoint not saved at epoch 3817000, loss did not improve.
3817000 1.2416666746139526 0.053157885 0.052928623
Checkpoint not saved at epoch 3818000, loss did not improve.
3818000 1.3014498949050903 0.053786498 0.053419434
Checkpoint not saved at epoch 3819000, loss did not improve.
3819000 1.2290496826171875 0.053022332 0.052508745
Checkpoint not saved at epoch 3820000, loss did not improve.
3820000 1.5631383657455444 0.056307435 0.05713748
Checkpoint not saved at epoch 3821000, loss did not improve.
3821000 1.3724888563156128 0.054505914 0.052416928
Checkpoint not saved at epoch 3822000, loss did not improve.
3822000 1.2231652736663818 0.052958746 0.054582234
Checkpoint not saved at epoch 3823000, loss did not improve.
3823000 1.2491320371627808 0.053237606 0.05338256
Checkpoint not saved at epoch 3824000, loss did not improve.
3824000 1.7855685949325562 0.058211736 0.059554223
Checkpoint not saved at epoch 3825000, loss did not improve.
3825000 1.3147244453430176 0.053923134 0.052974332
Checkpoint not saved at epoch 3826000, loss did not improve.
3826000 1.5269646644592285 0.055978812 0.055513438
Checkpoint not saved at epoch 3827000, loss did not improve.
3827000 1.257615566253662 0.053327765 0.054350015
Checkpoint not saved at epoch 3828000, loss did not improve.
3828000 1.406294584274292 0.05483849 0.052581586
Checkpoint not saved at epoch 3829000, loss did not improve.
3829000 1.5663965940475464 0.05633676 0.05674063
Checkpoint not saved at epoch 3830000, loss did not improve.
3830000 1.431465983390808 0.055082254 0.055203702
Checkpoint not saved at epoch 3831000, loss did not improve.
3831000 2.610623836517334 0.06401069 0.05417731
Saving checkpoint at epoch 3832000 with improved loss: 1.2182165384292603
Model checkpoint saved at epoch 3832000, batch 1
3832000 1.2217175960540771 0.052943073 0.052898917
Checkpoint not saved at epoch 3833000, loss did not improve.
3833000 1.7751113176345825 0.058126315 0.054680653
Checkpoint not saved at epoch 3834000, loss did not improve.
3834000 1.3678765296936035 0.054460064 0.054967415
Checkpoint not saved at epoch 3835000, loss did not improve.
3835000 1.3313127756118774 0.054092426 0.05291024
Checkpoint not saved at epoch 3836000, loss did not improve.
3836000 1.5090004205703735 0.055813435 0.053177178
Checkpoint not saved at epoch 3837000, loss did not improve.
3837000 1.3330775499343872 0.05411034 0.05496428
Checkpoint not saved at epoch 3838000, loss did not improve.
3838000 1.3510018587112427 0.054291323 0.05734018
Checkpoint not saved at epoch 3839000, loss did not improve.
3839000 1.3432936668395996 0.054213718 0.053908464
Checkpoint not saved at epoch 3840000, loss did not improve.
3840000 1.4136635065078735 0.054910187 0.056367196
Checkpoint not saved at epoch 3841000, loss did not improve.
3841000 1.2480878829956055 0.053226475 0.053858954
Checkpoint not saved at epoch 3842000, loss did not improve.
3842000 1.2502204179763794 0.0532492 0.053148627
Checkpoint not saved at epoch 3843000, loss did not improve.
3843000 1.2048063278198242 0.0527589 0.054091252
Checkpoint not saved at epoch 3844000, loss did not improve.
3844000 1.7446203231811523 0.057875082 0.059098985
Checkpoint not saved at epoch 3845000, loss did not improve.
3845000 1.653935194015503 0.057107884 0.055743076
Checkpoint not saved at epoch 3846000, loss did not improve.
3846000 1.2539243698120117 0.05328859 0.052720737
Checkpoint not saved at epoch 3847000, loss did not improve.
3847000 1.2452503442764282 0.053196196 0.054291796
Checkpoint not saved at epoch 3848000, loss did not improve.
3848000 3.269152879714966 0.0677135 0.074092284
Checkpoint not saved at epoch 3849000, loss did not improve.
3849000 1.3558491468429565 0.054339953 0.057029597
Checkpoint not saved at epoch 3850000, loss did not improve.
3850000 1.603373408317566 0.056666337 0.056835167
Saving checkpoint at epoch 3851000 with improved loss: 1.2141528129577637
Model checkpoint saved at epoch 3851000, batch 1
3851000 1.2296870946884155 0.053029202 0.054293532
Checkpoint not saved at epoch 3852000, loss did not improve.
3852000 1.2113761901855469 0.052830677 0.053046223
Checkpoint not saved at epoch 3853000, loss did not improve.
3853000 1.4097403287887573 0.05487205 0.05712101
Checkpoint not saved at epoch 3854000, loss did not improve.
3854000 2.8877601623535156 0.06564576 0.070615225
Checkpoint not saved at epoch 3855000, loss did not improve.
3855000 1.2416415214538574 0.05315761 0.05429736
Checkpoint not saved at epoch 3856000, loss did not improve.
3856000 1.2682119607925415 0.053439744 0.054328535
Checkpoint not saved at epoch 3857000, loss did not improve.
3857000 1.8793232440948486 0.058961265 0.055568803
Checkpoint not saved at epoch 3858000, loss did not improve.
3858000 1.2516064643859863 0.053263947 0.054196257
Checkpoint not saved at epoch 3859000, loss did not improve.
3859000 1.254507303237915 0.05329479 0.053938713
Checkpoint not saved at epoch 3860000, loss did not improve.
3860000 1.2845137119293213 0.053610653 0.055941124
Checkpoint not saved at epoch 3861000, loss did not improve.
3861000 1.6067261695861816 0.05669593 0.060518455
Checkpoint not saved at epoch 3862000, loss did not improve.
3862000 1.425636887550354 0.055026088 0.054238684
Checkpoint not saved at epoch 3863000, loss did not improve.
3863000 1.2325788736343384 0.05306035 0.054362707
Checkpoint not saved at epoch 3864000, loss did not improve.
3864000 1.2381705045700073 0.053120427 0.05655589
Checkpoint not saved at epoch 3865000, loss did not improve.
3865000 1.2154176235198975 0.052874688 0.053798027
Checkpoint not saved at epoch 3866000, loss did not improve.
3866000 1.7076749801635742 0.05756622 0.057344757
Checkpoint not saved at epoch 3867000, loss did not improve.
3867000 1.4902867078781128 0.055639587 0.053522207
Checkpoint not saved at epoch 3868000, loss did not improve.
3868000 1.2932488918304443 0.05370156 0.054475993
Checkpoint not saved at epoch 3869000, loss did not improve.
3869000 1.7560186386108398 0.057969384 0.055172533
Checkpoint not saved at epoch 3870000, loss did not improve.
3870000 1.2248115539550781 0.052976556 0.054384515
Checkpoint not saved at epoch 3871000, loss did not improve.
3871000 1.5463783740997314 0.056155894 0.056644652
Checkpoint not saved at epoch 3872000, loss did not improve.
3872000 1.5593477487564087 0.05627327 0.057051975
Checkpoint not saved at epoch 3873000, loss did not improve.
3873000 1.6567052602767944 0.05713178 0.054818366
Checkpoint not saved at epoch 3874000, loss did not improve.
3874000 1.260725736618042 0.053360708 0.056013945
Checkpoint not saved at epoch 3875000, loss did not improve.
3875000 1.436855673789978 0.055134024 0.05571789
Saving checkpoint at epoch 3876000 with improved loss: 1.211139440536499
Model checkpoint saved at epoch 3876000, batch 1
3876000 1.2189611196517944 0.05291318 0.05554141
Checkpoint not saved at epoch 3877000, loss did not improve.
3877000 1.2627193927764893 0.05338179 0.053946126
Checkpoint not saved at epoch 3878000, loss did not improve.
3878000 1.4782503843307495 0.0555269 0.05434896
Checkpoint not saved at epoch 3879000, loss did not improve.
3879000 1.2331732511520386 0.05306674 0.05449944
Checkpoint not saved at epoch 3880000, loss did not improve.
3880000 1.2424194812774658 0.053165942 0.05347698
Checkpoint not saved at epoch 3881000, loss did not improve.
3881000 1.2751665115356445 0.053512864 0.055909295
Saving checkpoint at epoch 3882000 with improved loss: 1.2084393501281738
Model checkpoint saved at epoch 3882000, batch 1
3882000 1.2067763805389404 0.052780453 0.054481357
Checkpoint not saved at epoch 3883000, loss did not improve.
3883000 1.4265239238739014 0.055034652 0.05594929
Checkpoint not saved at epoch 3884000, loss did not improve.
3884000 1.517295002937317 0.05588998 0.057549097
Checkpoint not saved at epoch 3885000, loss did not improve.
3885000 1.3532958030700684 0.054314353 0.052777328
Checkpoint not saved at epoch 3886000, loss did not improve.
3886000 1.4764902591705322 0.055510364 0.059705194
Checkpoint not saved at epoch 3887000, loss did not improve.
3887000 1.2854365110397339 0.05362028 0.053914428
Checkpoint not saved at epoch 3888000, loss did not improve.
3888000 1.3013527393341064 0.053785495 0.05481205
Checkpoint not saved at epoch 3889000, loss did not improve.
3889000 1.3689206838607788 0.054470453 0.05782279
Checkpoint not saved at epoch 3890000, loss did not improve.
3890000 1.2537208795547485 0.053286433 0.05350118
Checkpoint not saved at epoch 3891000, loss did not improve.
3891000 1.2820104360580444 0.053584516 0.05495751
Checkpoint not saved at epoch 3892000, loss did not improve.
3892000 1.3499184846878052 0.054280434 0.056673445
Checkpoint not saved at epoch 3893000, loss did not improve.
3893000 1.2851202487945557 0.053616986 0.05330609
Checkpoint not saved at epoch 3894000, loss did not improve.
3894000 1.5285109281539917 0.05599298 0.058519553
Checkpoint not saved at epoch 3895000, loss did not improve.
3895000 1.8215632438659668 0.058502913 0.057873208
Checkpoint not saved at epoch 3896000, loss did not improve.
3896000 1.2358092069625854 0.053095076 0.05480827
Checkpoint not saved at epoch 3897000, loss did not improve.
3897000 1.2481951713562012 0.053227622 0.056219645
Checkpoint not saved at epoch 3898000, loss did not improve.
3898000 1.3135452270507812 0.053911034 0.05676265
Checkpoint not saved at epoch 3899000, loss did not improve.
3899000 1.8746793270111084 0.058924805 0.057129994
Checkpoint not saved at epoch 3900000, loss did not improve.
3900000 1.2337037324905396 0.05307245 0.054978047
Checkpoint not saved at epoch 3901000, loss did not improve.
3901000 3.194092273712158 0.06732142 0.07444637
Checkpoint not saved at epoch 3902000, loss did not improve.
3902000 1.2098520994186401 0.052814055 0.05395655
Checkpoint not saved at epoch 3903000, loss did not improve.
3903000 1.3165113925933838 0.053941447 0.056012746
Checkpoint not saved at epoch 3904000, loss did not improve.
3904000 1.3340835571289062 0.054120544 0.05479625
Checkpoint not saved at epoch 3905000, loss did not improve.
3905000 1.2777049541473389 0.053539474 0.05315788
Checkpoint not saved at epoch 3906000, loss did not improve.
3906000 1.2064098119735718 0.05277645 0.053088177
Checkpoint not saved at epoch 3907000, loss did not improve.
3907000 1.3733015060424805 0.054513976 0.053182717
Checkpoint not saved at epoch 3908000, loss did not improve.
3908000 1.625074028968811 0.056857098 0.052854825
Checkpoint not saved at epoch 3909000, loss did not improve.
3909000 1.5700058937072754 0.05636918 0.05748758
Checkpoint not saved at epoch 3910000, loss did not improve.
3910000 1.238821029663086 0.053127397 0.054621246
Checkpoint not saved at epoch 3911000, loss did not improve.
3911000 1.233157753944397 0.053066578 0.0538892
Checkpoint not saved at epoch 3912000, loss did not improve.
3912000 1.5274842977523804 0.055983573 0.054472435
Checkpoint not saved at epoch 3913000, loss did not improve.
3913000 1.4501924514770508 0.055261523 0.05727261
Checkpoint not saved at epoch 3914000, loss did not improve.
3914000 1.339584231376648 0.054176245 0.05787635
Checkpoint not saved at epoch 3915000, loss did not improve.
3915000 1.2415882349014282 0.053157043 0.05558269
Checkpoint not saved at epoch 3916000, loss did not improve.
3916000 1.3921043872833252 0.05469963 0.055838164
Checkpoint not saved at epoch 3917000, loss did not improve.
3917000 1.6632118225097656 0.05718779 0.060624138
Checkpoint not saved at epoch 3918000, loss did not improve.
3918000 1.2512751817703247 0.053260427 0.0546434
Checkpoint not saved at epoch 3919000, loss did not improve.
3919000 1.684614896774292 0.05737089 0.05832716
Checkpoint not saved at epoch 3920000, loss did not improve.
3920000 1.3872733116149902 0.05465211 0.05874205
Checkpoint not saved at epoch 3921000, loss did not improve.
3921000 1.2475569248199463 0.053220816 0.05400644
Checkpoint not saved at epoch 3922000, loss did not improve.
3922000 1.3794089555740356 0.05457449 0.053576015
Checkpoint not saved at epoch 3923000, loss did not improve.
3923000 1.5837957859039307 0.056492552 0.05715514
Saving checkpoint at epoch 3924000 with improved loss: 1.1974310874938965
Model checkpoint saved at epoch 3924000, batch 1
3924000 1.207760214805603 0.05279121 0.054651994
Checkpoint not saved at epoch 3925000, loss did not improve.
3925000 2.258530378341675 0.061733786 0.06153722
Checkpoint not saved at epoch 3926000, loss did not improve.
3926000 1.4178202152252197 0.05495051 0.059468146
Checkpoint not saved at epoch 3927000, loss did not improve.
3927000 1.3815205097198486 0.054595362 0.0597687
Checkpoint not saved at epoch 3928000, loss did not improve.
3928000 1.4155395030975342 0.054928396 0.05827832
Checkpoint not saved at epoch 3929000, loss did not improve.
3929000 1.2312599420547485 0.05304615 0.05518071
Checkpoint not saved at epoch 3930000, loss did not improve.
3930000 1.2908799648284912 0.053676955 0.05753284
Checkpoint not saved at epoch 3931000, loss did not improve.
3931000 1.2090131044387817 0.052804895 0.058006737
Checkpoint not saved at epoch 3932000, loss did not improve.
3932000 1.4830273389816284 0.0555717 0.05353617
Checkpoint not saved at epoch 3933000, loss did not improve.
3933000 1.344792127609253 0.054228827 0.058868
Checkpoint not saved at epoch 3934000, loss did not improve.
3934000 1.2458956241607666 0.053203087 0.05554401
Checkpoint not saved at epoch 3935000, loss did not improve.
3935000 1.1939712762832642 0.05263988 0.056288283
Checkpoint not saved at epoch 3936000, loss did not improve.
3936000 1.3938795328140259 0.054717053 0.055737395
Checkpoint not saved at epoch 3937000, loss did not improve.
3937000 1.2258163690567017 0.052987423 0.055472214
Checkpoint not saved at epoch 3938000, loss did not improve.
3938000 1.309094786643982 0.053865314 0.05828363
Checkpoint not saved at epoch 3939000, loss did not improve.
3939000 1.2152488231658936 0.052872848 0.053447064
Checkpoint not saved at epoch 3940000, loss did not improve.
3940000 1.265402913093567 0.053410128 0.05577039
Checkpoint not saved at epoch 3941000, loss did not improve.
3941000 1.2989509105682373 0.053760663 0.05311996
Checkpoint not saved at epoch 3942000, loss did not improve.
3942000 1.2175546884536743 0.05289792 0.054777127
Checkpoint not saved at epoch 3943000, loss did not improve.
3943000 1.3742924928665161 0.05452381 0.060662147
Checkpoint not saved at epoch 3944000, loss did not improve.
3944000 1.4129356145858765 0.05490312 0.057570305
Checkpoint not saved at epoch 3945000, loss did not improve.
3945000 1.2813869714736938 0.053578 0.057956386
Checkpoint not saved at epoch 3946000, loss did not improve.
3946000 1.216471552848816 0.052886147 0.054034818
Checkpoint not saved at epoch 3947000, loss did not improve.
3947000 1.5200966596603394 0.055915758 0.06063304
Checkpoint not saved at epoch 3948000, loss did not improve.
3948000 1.3370410203933716 0.054150518 0.05610011
Checkpoint not saved at epoch 3949000, loss did not improve.
3949000 1.2864502668380737 0.05363085 0.052473348
Checkpoint not saved at epoch 3950000, loss did not improve.
3950000 1.2483024597167969 0.053228766 0.05472848
Checkpoint not saved at epoch 3951000, loss did not improve.
3951000 1.1966502666473389 0.05266938 0.05492594
Checkpoint not saved at epoch 3952000, loss did not improve.
3952000 1.2517913579940796 0.053265918 0.053295273
Checkpoint not saved at epoch 3953000, loss did not improve.
3953000 1.9982783794403076 0.059872914 0.053932384
Checkpoint not saved at epoch 3954000, loss did not improve.
3954000 1.6922528743743896 0.05743581 0.05457045
Checkpoint not saved at epoch 3955000, loss did not improve.
3955000 1.2237979173660278 0.052965596 0.054356873
Checkpoint not saved at epoch 3956000, loss did not improve.
3956000 1.2777752876281738 0.053540204 0.05586207
Checkpoint not saved at epoch 3957000, loss did not improve.
3957000 1.4485573768615723 0.055245936 0.058856457
Checkpoint not saved at epoch 3958000, loss did not improve.
3958000 1.4946913719177246 0.055680655 0.051643882
Checkpoint not saved at epoch 3959000, loss did not improve.
3959000 1.326859474182129 0.05404713 0.0581906
Checkpoint not saved at epoch 3960000, loss did not improve.
3960000 1.2382277250289917 0.053121038 0.05717984
Checkpoint not saved at epoch 3961000, loss did not improve.
3961000 1.305633783340454 0.05382968 0.0524809
Checkpoint not saved at epoch 3962000, loss did not improve.
3962000 1.580904483795166 0.05646675 0.05628873
Checkpoint not saved at epoch 3963000, loss did not improve.
3963000 1.2402595281600952 0.05314282 0.052542794
Checkpoint not saved at epoch 3964000, loss did not improve.
3964000 1.378529667854309 0.05456579 0.052078664
Checkpoint not saved at epoch 3965000, loss did not improve.
3965000 1.6297099590301514 0.056897607 0.05262811
Checkpoint not saved at epoch 3966000, loss did not improve.
3966000 1.4024566411972046 0.05480104 0.052374687
Checkpoint not saved at epoch 3967000, loss did not improve.
3967000 1.381822943687439 0.054598354 0.055430125
Checkpoint not saved at epoch 3968000, loss did not improve.
3968000 1.419686198234558 0.054968577 0.05514821
Checkpoint not saved at epoch 3969000, loss did not improve.
3969000 1.4723714590072632 0.05547161 0.058943454
Checkpoint not saved at epoch 3970000, loss did not improve.
3970000 1.8244640827178955 0.05852619 0.055858627
Checkpoint not saved at epoch 3971000, loss did not improve.
3971000 1.2196877002716064 0.052921068 0.056149203
Checkpoint not saved at epoch 3972000, loss did not improve.
3972000 1.4154739379882812 0.054927763 0.05256282
Checkpoint not saved at epoch 3973000, loss did not improve.
3973000 1.2311238050460815 0.05304468 0.05872188
Checkpoint not saved at epoch 3974000, loss did not improve.
3974000 1.3191907405853271 0.05396887 0.058700606
Checkpoint not saved at epoch 3975000, loss did not improve.
3975000 1.6482783555984497 0.05705899 0.052889485
Checkpoint not saved at epoch 3976000, loss did not improve.
3976000 1.4625848531723022 0.0553792 0.058117885
Checkpoint not saved at epoch 3977000, loss did not improve.
3977000 1.2903156280517578 0.053671088 0.059159957
Checkpoint not saved at epoch 3978000, loss did not improve.
3978000 1.2523082494735718 0.053271417 0.05875672
Checkpoint not saved at epoch 3979000, loss did not improve.
3979000 1.3976808786392212 0.054754328 0.056814745
Checkpoint not saved at epoch 3980000, loss did not improve.
3980000 1.3008514642715454 0.053780317 0.05361372
Checkpoint not saved at epoch 3981000, loss did not improve.
3981000 1.3640010356903076 0.054421447 0.053038754
Checkpoint not saved at epoch 3982000, loss did not improve.
3982000 1.495620846748352 0.055689305 0.060192272
Checkpoint not saved at epoch 3983000, loss did not improve.
3983000 1.5022999048233032 0.05575138 0.058616087
Checkpoint not saved at epoch 3984000, loss did not improve.
3984000 1.3157228231430054 0.053933367 0.05847039
Checkpoint not saved at epoch 3985000, loss did not improve.
3985000 1.2838443517684937 0.05360367 0.052833084
Checkpoint not saved at epoch 3986000, loss did not improve.
3986000 1.4295895099639893 0.055064194 0.061171982
Checkpoint not saved at epoch 3987000, loss did not improve.
3987000 1.4508475065231323 0.05526776 0.052984983
Checkpoint not saved at epoch 3988000, loss did not improve.
3988000 1.3027101755142212 0.05379952 0.057932653
Checkpoint not saved at epoch 3989000, loss did not improve.
3989000 1.4301328659057617 0.055069424 0.054676477
Checkpoint not saved at epoch 3990000, loss did not improve.
3990000 1.2012934684753418 0.052720398 0.055302914
Checkpoint not saved at epoch 3991000, loss did not improve.
3991000 1.442627191543579 0.055189308 0.053647894
Checkpoint not saved at epoch 3992000, loss did not improve.
3992000 1.38175368309021 0.054597665 0.05762097
Checkpoint not saved at epoch 3993000, loss did not improve.
3993000 1.3071813583374023 0.05384562 0.056857325
Checkpoint not saved at epoch 3994000, loss did not improve.
3994000 1.39228093624115 0.05470136 0.055429596
Checkpoint not saved at epoch 3995000, loss did not improve.
3995000 1.4027365446090698 0.05480377 0.060457453
Checkpoint not saved at epoch 3996000, loss did not improve.
3996000 1.3282567262649536 0.054061357 0.05957989
Checkpoint not saved at epoch 3997000, loss did not improve.
3997000 1.4351831674575806 0.055117976 0.05967904
Checkpoint not saved at epoch 3998000, loss did not improve.
3998000 1.3337366580963135 0.054117028 0.05518946
Checkpoint not saved at epoch 3999000, loss did not improve.
3999000 1.771783709526062 0.05809906 0.061907813
Checkpoint not saved at epoch 4000000, loss did not improve.
4000000 1.4979311227798462 0.055710796 0.063320294
Checkpoint not saved at epoch 4001000, loss did not improve.
4001000 1.259735107421875 0.053350225 0.059546538
Saving checkpoint at epoch 4002000 with improved loss: 1.1909186840057373
Model checkpoint saved at epoch 4002000, batch 1
4002000 1.1853110790252686 0.052544173 0.05657879
Checkpoint not saved at epoch 4003000, loss did not improve.
4003000 1.2719504833221436 0.053479087 0.056900434
Saving checkpoint at epoch 4004000 with improved loss: 1.1840035915374756
Model checkpoint saved at epoch 4004000, batch 1
4004000 1.191628098487854 0.052614033 0.05416974
Checkpoint not saved at epoch 4005000, loss did not improve.
4005000 1.2757184505462646 0.053518645 0.059842937
Checkpoint not saved at epoch 4006000, loss did not improve.
4006000 1.392423391342163 0.054702763 0.0577108
Checkpoint not saved at epoch 4007000, loss did not improve.
4007000 1.178966999053955 0.05247372 0.060251378
Checkpoint not saved at epoch 4008000, loss did not improve.
4008000 1.2671051025390625 0.05342808 0.053198963
Checkpoint not saved at epoch 4009000, loss did not improve.
4009000 1.3604538440704346 0.054386035 0.062000554
Checkpoint not saved at epoch 4010000, loss did not improve.
4010000 1.4112683534622192 0.054886915 0.06336332
Checkpoint not saved at epoch 4011000, loss did not improve.
4011000 1.413468360900879 0.054908294 0.054730885
Checkpoint not saved at epoch 4012000, loss did not improve.
4012000 1.433462381362915 0.055101443 0.05565025
Saving checkpoint at epoch 4013000 with improved loss: 1.1746217012405396
Model checkpoint saved at epoch 4013000, batch 1
4013000 1.2045396566390991 0.052755978 0.05795999
Checkpoint not saved at epoch 4014000, loss did not improve.
4014000 1.1724251508712769 0.052400775 0.056562655
Saving checkpoint at epoch 4015000 with improved loss: 1.165479302406311
Model checkpoint saved at epoch 4015000, batch 1
4015000 1.1720609664916992 0.052396704 0.055397827
Checkpoint not saved at epoch 4016000, loss did not improve.
4016000 1.1752959489822388 0.052432824 0.056196377
Checkpoint not saved at epoch 4017000, loss did not improve.
4017000 1.302285075187683 0.053795125 0.058458854
Checkpoint not saved at epoch 4018000, loss did not improve.
4018000 1.2141934633255005 0.052861363 0.055562865
Checkpoint not saved at epoch 4019000, loss did not improve.
4019000 1.601975440979004 0.05665398 0.058626413
Checkpoint not saved at epoch 4020000, loss did not improve.
4020000 1.196580410003662 0.052668616 0.055359796
Checkpoint not saved at epoch 4021000, loss did not improve.
4021000 1.695823073387146 0.057466082 0.05718809
Checkpoint not saved at epoch 4022000, loss did not improve.
4022000 1.2921125888824463 0.053689767 0.055043187
Checkpoint not saved at epoch 4023000, loss did not improve.
4023000 1.2982436418533325 0.053753342 0.059197742
Checkpoint not saved at epoch 4024000, loss did not improve.
4024000 1.35615873336792 0.054343056 0.055735413
Checkpoint not saved at epoch 4025000, loss did not improve.
4025000 1.3765954971313477 0.054546643 0.061421994
Checkpoint not saved at epoch 4026000, loss did not improve.
4026000 1.1973384618759155 0.052676953 0.058188874
Checkpoint not saved at epoch 4027000, loss did not improve.
4027000 1.2064168453216553 0.052776523 0.055835593
Checkpoint not saved at epoch 4028000, loss did not improve.
4028000 1.2302340269088745 0.053035095 0.056095757
Checkpoint not saved at epoch 4029000, loss did not improve.
4029000 1.2061420679092407 0.052773517 0.055660743
Checkpoint not saved at epoch 4030000, loss did not improve.
4030000 1.2271337509155273 0.05300165 0.057882667
Checkpoint not saved at epoch 4031000, loss did not improve.
4031000 1.2127562761306763 0.05284572 0.058010112
Checkpoint not saved at epoch 4032000, loss did not improve.
4032000 1.4617561101913452 0.055371355 0.055524595
Checkpoint not saved at epoch 4033000, loss did not improve.
4033000 1.8509564399719238 0.0587375 0.054830633
Checkpoint not saved at epoch 4034000, loss did not improve.
4034000 2.007368803024292 0.059940897 0.053881843
Checkpoint not saved at epoch 4035000, loss did not improve.
4035000 1.1739248037338257 0.052417524 0.057908118
Checkpoint not saved at epoch 4036000, loss did not improve.
4036000 1.3048274517059326 0.053821363 0.061252993
Checkpoint not saved at epoch 4037000, loss did not improve.
4037000 1.8892308473587036 0.059038818 0.05563165
Checkpoint not saved at epoch 4038000, loss did not improve.
4038000 1.627437949180603 0.056877766 0.058715835
Checkpoint not saved at epoch 4039000, loss did not improve.
4039000 1.3722386360168457 0.05450343 0.054116435
Checkpoint not saved at epoch 4040000, loss did not improve.
4040000 1.6252593994140625 0.05685872 0.062901
Checkpoint not saved at epoch 4041000, loss did not improve.
4041000 1.2387726306915283 0.053126883 0.059995808
Checkpoint not saved at epoch 4042000, loss did not improve.
4042000 1.60061514377594 0.056641947 0.05939895
Checkpoint not saved at epoch 4043000, loss did not improve.
4043000 1.459548830986023 0.055350438 0.056820426
Checkpoint not saved at epoch 4044000, loss did not improve.
4044000 1.1705942153930664 0.05238031 0.05581755
Checkpoint not saved at epoch 4045000, loss did not improve.
4045000 1.276723027229309 0.05352918 0.060318235
Checkpoint not saved at epoch 4046000, loss did not improve.
4046000 1.21983003616333 0.05292261 0.056079887
Checkpoint not saved at epoch 4047000, loss did not improve.
4047000 1.4505443572998047 0.05526487 0.058640093
Checkpoint not saved at epoch 4048000, loss did not improve.
4048000 1.2814966440200806 0.053579148 0.054615658
Checkpoint not saved at epoch 4049000, loss did not improve.
4049000 1.4421091079711914 0.055184353 0.058913995
Checkpoint not saved at epoch 4050000, loss did not improve.
4050000 1.1860411167144775 0.052552253 0.05671508
Checkpoint not saved at epoch 4051000, loss did not improve.
4051000 1.189517617225647 0.052590724 0.05825904
Checkpoint not saved at epoch 4052000, loss did not improve.
4052000 1.6304761171340942 0.056904294 0.062156316
Checkpoint not saved at epoch 4053000, loss did not improve.
4053000 1.1694432497024536 0.052367423 0.053064372
Checkpoint not saved at epoch 4054000, loss did not improve.
4054000 1.2361855506896973 0.053099122 0.056934416
Checkpoint not saved at epoch 4055000, loss did not improve.
4055000 1.193061113357544 0.052629847 0.05403157
Checkpoint not saved at epoch 4056000, loss did not improve.
4056000 1.3339385986328125 0.054119077 0.05136391
Checkpoint not saved at epoch 4057000, loss did not improve.
4057000 1.3435207605361938 0.054216005 0.05907649
Checkpoint not saved at epoch 4058000, loss did not improve.
4058000 1.5527913570404053 0.056214023 0.06125001
Checkpoint not saved at epoch 4059000, loss did not improve.
4059000 1.6159796714782715 0.056777388 0.05175546
Checkpoint not saved at epoch 4060000, loss did not improve.
4060000 1.2929635047912598 0.053698603 0.054138817
Checkpoint not saved at epoch 4061000, loss did not improve.
4061000 1.5112649202346802 0.055834364 0.055406835
Checkpoint not saved at epoch 4062000, loss did not improve.
4062000 1.2429355382919312 0.05317146 0.053245164
Checkpoint not saved at epoch 4063000, loss did not improve.
4063000 1.5429046154022217 0.056124333 0.053829484
Checkpoint not saved at epoch 4064000, loss did not improve.
4064000 1.237268328666687 0.053110745 0.052588142
Checkpoint not saved at epoch 4065000, loss did not improve.
4065000 1.5292906761169434 0.056000113 0.057101887
Checkpoint not saved at epoch 4066000, loss did not improve.
4066000 1.3737066984176636 0.054518 0.056277204
Checkpoint not saved at epoch 4067000, loss did not improve.
4067000 1.3362555503845215 0.054142565 0.05267756
Checkpoint not saved at epoch 4068000, loss did not improve.
4068000 1.1896471977233887 0.052592155 0.052921485
Checkpoint not saved at epoch 4069000, loss did not improve.
4069000 1.4685800075531006 0.055435866 0.055348396
Checkpoint not saved at epoch 4070000, loss did not improve.
4070000 1.3179597854614258 0.053956274 0.054955345
Checkpoint not saved at epoch 4071000, loss did not improve.
4071000 1.2474042177200317 0.053219184 0.052062657
Checkpoint not saved at epoch 4072000, loss did not improve.
4072000 1.5401721000671387 0.056099467 0.056737173
Checkpoint not saved at epoch 4073000, loss did not improve.
4073000 1.2102299928665161 0.05281817 0.051466845
Checkpoint not saved at epoch 4074000, loss did not improve.
4074000 1.2356408834457397 0.053093273 0.053680398
Checkpoint not saved at epoch 4075000, loss did not improve.
4075000 1.2795039415359497 0.053558305 0.05314176
Checkpoint not saved at epoch 4076000, loss did not improve.
4076000 1.4677997827529907 0.055428497 0.05719386
Checkpoint not saved at epoch 4077000, loss did not improve.
4077000 1.192352056503296 0.05262202 0.05228012
Checkpoint not saved at epoch 4078000, loss did not improve.
4078000 1.5590232610702515 0.056270346 0.053367965
Checkpoint not saved at epoch 4079000, loss did not improve.
4079000 1.1752012968063354 0.052431762 0.053442504
Checkpoint not saved at epoch 4080000, loss did not improve.
4080000 1.3628779649734497 0.05441024 0.053595528
Checkpoint not saved at epoch 4081000, loss did not improve.
4081000 2.0240418910980225 0.060064968 0.056544248
Checkpoint not saved at epoch 4082000, loss did not improve.
4082000 1.2833586931228638 0.053598598 0.05427307
Checkpoint not saved at epoch 4083000, loss did not improve.
4083000 1.4374372959136963 0.055139605 0.059734285
Checkpoint not saved at epoch 4084000, loss did not improve.
4084000 1.1804205179214478 0.052489888 0.052856002
Checkpoint not saved at epoch 4085000, loss did not improve.
4085000 1.5599536895751953 0.05627874 0.05585752
Checkpoint not saved at epoch 4086000, loss did not improve.
4086000 1.6655329465866089 0.057207733 0.05765124
Checkpoint not saved at epoch 4087000, loss did not improve.
4087000 1.2378244400024414 0.053116713 0.05422936
Checkpoint not saved at epoch 4088000, loss did not improve.
4088000 1.2506418228149414 0.053253684 0.055924818
Checkpoint not saved at epoch 4089000, loss did not improve.
4089000 1.299416422843933 0.053765476 0.053899042
Checkpoint not saved at epoch 4090000, loss did not improve.
4090000 1.2330517768859863 0.053065438 0.052107003
Checkpoint not saved at epoch 4091000, loss did not improve.
4091000 1.183632731437683 0.05252556 0.053519096
Checkpoint not saved at epoch 4092000, loss did not improve.
4092000 1.680540680885315 0.05733617 0.05615632
Checkpoint not saved at epoch 4093000, loss did not improve.
4093000 1.5250365734100342 0.05596113 0.05332583
Checkpoint not saved at epoch 4094000, loss did not improve.
4094000 1.456382393836975 0.055320397 0.06073793
Checkpoint not saved at epoch 4095000, loss did not improve.
4095000 1.5052460432052612 0.055778686 0.0554539
Checkpoint not saved at epoch 4096000, loss did not improve.
4096000 1.1746512651443481 0.05242563 0.051617566
Checkpoint not saved at epoch 4097000, loss did not improve.
4097000 1.2089684009552002 0.052804407 0.051876415
Checkpoint not saved at epoch 4098000, loss did not improve.
4098000 1.279502511024475 0.05355829 0.060194254
Checkpoint not saved at epoch 4099000, loss did not improve.
4099000 1.3778765201568604 0.054559324 0.054753955
Checkpoint not saved at epoch 4100000, loss did not improve.
4100000 2.0495412349700928 0.060253266 0.0636872
Checkpoint not saved at epoch 4101000, loss did not improve.
4101000 1.4010930061340332 0.054787718 0.05319717
Checkpoint not saved at epoch 4102000, loss did not improve.
4102000 1.382458209991455 0.054604623 0.056156933
Saving checkpoint at epoch 4103000 with improved loss: 1.1650234460830688
Model checkpoint saved at epoch 4103000, batch 1
4103000 1.1943312883377075 0.052643847 0.05249816
Checkpoint not saved at epoch 4104000, loss did not improve.
4104000 1.5627694129943848 0.056304116 0.054298952
Checkpoint not saved at epoch 4105000, loss did not improve.
4105000 1.3773494958877563 0.05455411 0.052930687
Checkpoint not saved at epoch 4106000, loss did not improve.
4106000 1.2992876768112183 0.05376415 0.05353243
Checkpoint not saved at epoch 4107000, loss did not improve.
4107000 1.2050800323486328 0.052761894 0.053164896
Checkpoint not saved at epoch 4108000, loss did not improve.
4108000 1.2360434532165527 0.053097595 0.05217751
Checkpoint not saved at epoch 4109000, loss did not improve.
4109000 1.625169277191162 0.056857932 0.05478618
Saving checkpoint at epoch 4110000 with improved loss: 1.1588243246078491
Model checkpoint saved at epoch 4110000, batch 1
4110000 1.1694175004959106 0.052367136 0.052104425
Checkpoint not saved at epoch 4111000, loss did not improve.
4111000 1.223042607307434 0.05295742 0.053639174
Checkpoint not saved at epoch 4112000, loss did not improve.
4112000 1.2450581789016724 0.053194147 0.051396035
Checkpoint not saved at epoch 4113000, loss did not improve.
4113000 1.5754609107971191 0.056418084 0.057188056
Checkpoint not saved at epoch 4114000, loss did not improve.
4114000 1.344660758972168 0.0542275 0.052464783
Checkpoint not saved at epoch 4115000, loss did not improve.
4115000 1.1822566986083984 0.052510284 0.051689837
Checkpoint not saved at epoch 4116000, loss did not improve.
4116000 1.20405912399292 0.052750714 0.052673727
Checkpoint not saved at epoch 4117000, loss did not improve.
4117000 1.336475133895874 0.05414479 0.052072246
Checkpoint not saved at epoch 4118000, loss did not improve.
4118000 1.3088723421096802 0.053863026 0.054651115
Checkpoint not saved at epoch 4119000, loss did not improve.
4119000 1.6566156148910522 0.057131004 0.057754166
Checkpoint not saved at epoch 4120000, loss did not improve.
4120000 1.3549522161483765 0.054330964 0.052100103
Checkpoint not saved at epoch 4121000, loss did not improve.
4121000 1.1937615871429443 0.052637573 0.052194536
Checkpoint not saved at epoch 4122000, loss did not improve.
4122000 1.2016624212265015 0.052724447 0.052875407
Checkpoint not saved at epoch 4123000, loss did not improve.
4123000 1.1793931722640991 0.05247846 0.051851742
Checkpoint not saved at epoch 4124000, loss did not improve.
4124000 1.2728476524353027 0.05348851 0.057103913
Checkpoint not saved at epoch 4125000, loss did not improve.
4125000 1.9160912036895752 0.059247557 0.05582847
Checkpoint not saved at epoch 4126000, loss did not improve.
4126000 1.350206732749939 0.05428333 0.05454186
Checkpoint not saved at epoch 4127000, loss did not improve.
4127000 1.476271390914917 0.055508304 0.056855258
Checkpoint not saved at epoch 4128000, loss did not improve.
4128000 1.2444236278533936 0.053187367 0.053151414
Checkpoint not saved at epoch 4129000, loss did not improve.
4129000 1.1522830724716187 0.052174248 0.05291981
Checkpoint not saved at epoch 4130000, loss did not improve.
4130000 1.2943758964538574 0.053713262 0.055168863
Checkpoint not saved at epoch 4131000, loss did not improve.
4131000 2.109405040740967 0.060688507 0.06147607
Checkpoint not saved at epoch 4132000, loss did not improve.
4132000 1.2228477001190186 0.05295531 0.052189186
Checkpoint not saved at epoch 4133000, loss did not improve.
4133000 1.5965709686279297 0.056606133 0.05438041
Checkpoint not saved at epoch 4134000, loss did not improve.
4134000 1.321658968925476 0.053994093 0.056295127
Checkpoint not saved at epoch 4135000, loss did not improve.
4135000 1.2330840826034546 0.053065788 0.051407516
Checkpoint not saved at epoch 4136000, loss did not improve.
4136000 1.1553657054901123 0.05220911 0.05511696
Checkpoint not saved at epoch 4137000, loss did not improve.
4137000 1.2246003150939941 0.052974276 0.052680768
Checkpoint not saved at epoch 4138000, loss did not improve.
4138000 1.596102237701416 0.056601975 0.056619864
Checkpoint not saved at epoch 4139000, loss did not improve.
4139000 1.2061258554458618 0.05277334 0.05168041
Checkpoint not saved at epoch 4140000, loss did not improve.
4140000 1.1828382015228271 0.052516744 0.052134536
Saving checkpoint at epoch 4141000 with improved loss: 1.1498433351516724
Model checkpoint saved at epoch 4141000, batch 1
4141000 1.2135822772979736 0.052854717 0.056871
Checkpoint not saved at epoch 4142000, loss did not improve.
4142000 1.4537622928619385 0.0552955 0.059532493
Checkpoint not saved at epoch 4143000, loss did not improve.
4143000 1.2098166942596436 0.052813668 0.054315608
Checkpoint not saved at epoch 4144000, loss did not improve.
4144000 1.2194874286651611 0.052918896 0.052158084
Checkpoint not saved at epoch 4145000, loss did not improve.
4145000 1.5564327239990234 0.056246955 0.053698592
Checkpoint not saved at epoch 4146000, loss did not improve.
4146000 1.159529685974121 0.05225609 0.05244529
Checkpoint not saved at epoch 4147000, loss did not improve.
4147000 1.262539267539978 0.053379886 0.05390876
Checkpoint not saved at epoch 4148000, loss did not improve.
4148000 1.1668587923049927 0.052338466 0.053649202
Checkpoint not saved at epoch 4149000, loss did not improve.
4149000 1.2715874910354614 0.053475272 0.055636805
Checkpoint not saved at epoch 4150000, loss did not improve.
4150000 1.424555778503418 0.055015653 0.055570275
Saving checkpoint at epoch 4151000 with improved loss: 1.1363447904586792
Model checkpoint saved at epoch 4151000, batch 1
4151000 1.1506651639938354 0.052155923 0.05205794
Checkpoint not saved at epoch 4152000, loss did not improve.
4152000 1.8584586381912231 0.05879693 0.056000497
Checkpoint not saved at epoch 4153000, loss did not improve.
4153000 1.2057461738586426 0.05276919 0.056242492
Checkpoint not saved at epoch 4154000, loss did not improve.
4154000 1.2688355445861816 0.05344631 0.05529102
Checkpoint not saved at epoch 4155000, loss did not improve.
4155000 1.1980282068252563 0.052684538 0.05437382
Checkpoint not saved at epoch 4156000, loss did not improve.
4156000 1.2342478036880493 0.0530783 0.05190556
Checkpoint not saved at epoch 4157000, loss did not improve.
4157000 1.168424367904663 0.052356012 0.052178916
Checkpoint not saved at epoch 4158000, loss did not improve.
4158000 1.190139889717102 0.0525976 0.051219158
Checkpoint not saved at epoch 4159000, loss did not improve.
4159000 1.310940146446228 0.05388429 0.05344544
Checkpoint not saved at epoch 4160000, loss did not improve.
4160000 1.5590766668319702 0.05627083 0.054217197
Checkpoint not saved at epoch 4161000, loss did not improve.
4161000 1.5275617837905884 0.05598428 0.054031532
Checkpoint not saved at epoch 4162000, loss did not improve.
4162000 1.1458724737167358 0.052101534 0.054468118
Checkpoint not saved at epoch 4163000, loss did not improve.
4163000 1.3121060132980347 0.053896263 0.054104928
Checkpoint not saved at epoch 4164000, loss did not improve.
4164000 1.502667784690857 0.055754792 0.05496622
Checkpoint not saved at epoch 4165000, loss did not improve.
4165000 1.298268437385559 0.0537536 0.059223223
Checkpoint not saved at epoch 4166000, loss did not improve.
4166000 1.2149845361709595 0.05286997 0.056039885
Checkpoint not saved at epoch 4167000, loss did not improve.
4167000 4.034303665161133 0.071368836 0.072468415
Checkpoint not saved at epoch 4168000, loss did not improve.
4168000 1.29842209815979 0.05375519 0.057468195
Checkpoint not saved at epoch 4169000, loss did not improve.
4169000 1.199688196182251 0.052702777 0.056146048
Checkpoint not saved at epoch 4170000, loss did not improve.
4170000 1.1759984493255615 0.05244065 0.05344144
Checkpoint not saved at epoch 4171000, loss did not improve.
4171000 1.3191713094711304 0.053968668 0.057864465
Checkpoint not saved at epoch 4172000, loss did not improve.
4172000 1.1517328023910522 0.052168023 0.05546966
Checkpoint not saved at epoch 4173000, loss did not improve.
4173000 1.2886450290679932 0.05365371 0.056168616
Checkpoint not saved at epoch 4174000, loss did not improve.
4174000 1.28697669506073 0.05363633 0.05227275
Checkpoint not saved at epoch 4175000, loss did not improve.
4175000 1.4030269384384155 0.054806612 0.058944013
Checkpoint not saved at epoch 4176000, loss did not improve.
4176000 1.4033901691436768 0.054810155 0.051521152
Checkpoint not saved at epoch 4177000, loss did not improve.
4177000 1.1903735399246216 0.052600183 0.0548992
Checkpoint not saved at epoch 4178000, loss did not improve.
4178000 1.2140216827392578 0.052859496 0.055538792
Checkpoint not saved at epoch 4179000, loss did not improve.
4179000 1.1631680727005005 0.05229703 0.053472362
Checkpoint not saved at epoch 4180000, loss did not improve.
4180000 1.4789323806762695 0.055533305 0.05964639
Checkpoint not saved at epoch 4181000, loss did not improve.
4181000 1.1818733215332031 0.05250603 0.05607653
Checkpoint not saved at epoch 4182000, loss did not improve.
4182000 1.2275395393371582 0.05300603 0.053566862
Checkpoint not saved at epoch 4183000, loss did not improve.
4183000 1.7318453788757324 0.057768848 0.060719203
Checkpoint not saved at epoch 4184000, loss did not improve.
4184000 1.2532795667648315 0.053281743 0.052988574
Checkpoint not saved at epoch 4185000, loss did not improve.
4185000 1.178647756576538 0.052470166 0.05395701
Checkpoint not saved at epoch 4186000, loss did not improve.
4186000 1.3930931091308594 0.054709338 0.0544615
Checkpoint not saved at epoch 4187000, loss did not improve.
4187000 1.1632124185562134 0.052297533 0.052551653
Checkpoint not saved at epoch 4188000, loss did not improve.
4188000 1.2108286619186401 0.052824706 0.051937204
Checkpoint not saved at epoch 4189000, loss did not improve.
4189000 1.3477146625518799 0.05425827 0.051568463
Checkpoint not saved at epoch 4190000, loss did not improve.
4190000 1.5700395107269287 0.056369483 0.053306162
Checkpoint not saved at epoch 4191000, loss did not improve.
4191000 1.360985279083252 0.05439134 0.052616064
Checkpoint not saved at epoch 4192000, loss did not improve.
4192000 1.3315569162368774 0.054094903 0.053003445
Checkpoint not saved at epoch 4193000, loss did not improve.
4193000 1.5664805173873901 0.056337513 0.051994994
Checkpoint not saved at epoch 4194000, loss did not improve.
4194000 1.1580811738967896 0.052239757 0.051730994
Checkpoint not saved at epoch 4195000, loss did not improve.
4195000 1.1422380208969116 0.052060172 0.052639734
Checkpoint not saved at epoch 4196000, loss did not improve.
4196000 1.148915410041809 0.05213609 0.051592615
Checkpoint not saved at epoch 4197000, loss did not improve.
4197000 1.1600507497787476 0.052261956 0.05347525
Checkpoint not saved at epoch 4198000, loss did not improve.
4198000 1.1623269319534302 0.05228758 0.051809825
Checkpoint not saved at epoch 4199000, loss did not improve.
4199000 1.175276279449463 0.052432604 0.05345951
Checkpoint not saved at epoch 4200000, loss did not improve.
4200000 1.5778498649597168 0.056439463 0.05577455
Checkpoint not saved at epoch 4201000, loss did not improve.
4201000 1.2000311613082886 0.052706547 0.05254994
Checkpoint not saved at epoch 4202000, loss did not improve.
4202000 1.3861610889434814 0.05464115 0.05694818
Checkpoint not saved at epoch 4203000, loss did not improve.
4203000 1.1905165910720825 0.05260176 0.053403597
Checkpoint not saved at epoch 4204000, loss did not improve.
4204000 1.1929928064346313 0.05262909 0.051694077
Checkpoint not saved at epoch 4205000, loss did not improve.
4205000 1.1992586851119995 0.052698057 0.052485883
Checkpoint not saved at epoch 4206000, loss did not improve.
4206000 1.267396092414856 0.05343115 0.054838188
Checkpoint not saved at epoch 4207000, loss did not improve.
4207000 1.3276616334915161 0.0540553 0.054044496
Checkpoint not saved at epoch 4208000, loss did not improve.
4208000 1.4344680309295654 0.05511111 0.053859964
Checkpoint not saved at epoch 4209000, loss did not improve.
4209000 1.360612392425537 0.054387614 0.05581607
Checkpoint not saved at epoch 4210000, loss did not improve.
4210000 1.5831776857376099 0.056487042 0.05524478
Checkpoint not saved at epoch 4211000, loss did not improve.
4211000 1.2785903215408325 0.05354874 0.051187444
Checkpoint not saved at epoch 4212000, loss did not improve.
4212000 1.2853273153305054 0.053619143 0.053734254
Checkpoint not saved at epoch 4213000, loss did not improve.
4213000 1.2339533567428589 0.053075135 0.053583506
Checkpoint not saved at epoch 4214000, loss did not improve.
4214000 1.6463454961776733 0.057042252 0.052433666
Checkpoint not saved at epoch 4215000, loss did not improve.
4215000 1.3542206287384033 0.054323632 0.051550534
Checkpoint not saved at epoch 4216000, loss did not improve.
4216000 1.3511086702346802 0.054292396 0.055883043
Checkpoint not saved at epoch 4217000, loss did not improve.
4217000 1.3358349800109863 0.054138307 0.056821104
Checkpoint not saved at epoch 4218000, loss did not improve.
4218000 1.2748451232910156 0.053509485 0.054346647
Checkpoint not saved at epoch 4219000, loss did not improve.
4219000 1.3757721185684204 0.054538485 0.054175645
Checkpoint not saved at epoch 4220000, loss did not improve.
4220000 2.114637851715088 0.060726106 0.058461186
Checkpoint not saved at epoch 4221000, loss did not improve.
4221000 1.7885206937789917 0.05823578 0.05877875
Checkpoint not saved at epoch 4222000, loss did not improve.
4222000 1.3311958312988281 0.054091237 0.051368196
Checkpoint not saved at epoch 4223000, loss did not improve.
4223000 1.3367886543273926 0.05414796 0.053353515
Checkpoint not saved at epoch 4224000, loss did not improve.
4224000 1.6813257932662964 0.05734286 0.058167532
Checkpoint not saved at epoch 4225000, loss did not improve.
4225000 1.1914948225021362 0.05261256 0.051567845
Checkpoint not saved at epoch 4226000, loss did not improve.
4226000 1.2380244731903076 0.053118862 0.05574344
Checkpoint not saved at epoch 4227000, loss did not improve.
4227000 1.5592063665390015 0.056271993 0.054670267
Checkpoint not saved at epoch 4228000, loss did not improve.
4228000 1.4469918012619019 0.055231 0.05608064
Checkpoint not saved at epoch 4229000, loss did not improve.
4229000 1.463322401046753 0.055386182 0.05420991
Checkpoint not saved at epoch 4230000, loss did not improve.
4230000 1.2754539251327515 0.053515874 0.051833298
Checkpoint not saved at epoch 4231000, loss did not improve.
4231000 1.142050862312317 0.052058034 0.05181293
Checkpoint not saved at epoch 4232000, loss did not improve.
4232000 1.1830453872680664 0.05251904 0.05075538
Checkpoint not saved at epoch 4233000, loss did not improve.
4233000 1.6674987077713013 0.057224605 0.0538737
Checkpoint not saved at epoch 4234000, loss did not improve.
4234000 1.4840227365493774 0.05558103 0.053269915
Checkpoint not saved at epoch 4235000, loss did not improve.
4235000 2.6436774730682373 0.064212345 0.062432826
Checkpoint not saved at epoch 4236000, loss did not improve.
4236000 1.8893992900848389 0.059040137 0.05623453
Checkpoint not saved at epoch 4237000, loss did not improve.
4237000 1.1408096551895142 0.052043885 0.053155597
Checkpoint not saved at epoch 4238000, loss did not improve.
4238000 1.4443528652191162 0.055205803 0.05373387
Checkpoint not saved at epoch 4239000, loss did not improve.
4239000 1.4316881895065308 0.055084385 0.0531498
Checkpoint not saved at epoch 4240000, loss did not improve.
4240000 1.1728136539459229 0.05240512 0.05087462
Checkpoint not saved at epoch 4241000, loss did not improve.
4241000 1.1823385953903198 0.052511193 0.052250452
Checkpoint not saved at epoch 4242000, loss did not improve.
4242000 1.238152265548706 0.05312023 0.050878316
Checkpoint not saved at epoch 4243000, loss did not improve.
4243000 1.210516095161438 0.0528213 0.053998206
Checkpoint not saved at epoch 4244000, loss did not improve.
4244000 1.2910397052764893 0.05367862 0.054515127
Checkpoint not saved at epoch 4245000, loss did not improve.
4245000 1.585632085800171 0.05650892 0.05763564
Checkpoint not saved at epoch 4246000, loss did not improve.
4246000 1.1866563558578491 0.05255907 0.053489126
Checkpoint not saved at epoch 4247000, loss did not improve.
4247000 1.4451981782913208 0.05521388 0.05361201
Checkpoint not saved at epoch 4248000, loss did not improve.
4248000 1.199094533920288 0.052696258 0.054532766
Checkpoint not saved at epoch 4249000, loss did not improve.
4249000 1.1268032789230347 0.0518834 0.05217786
Checkpoint not saved at epoch 4250000, loss did not improve.
4250000 1.1504101753234863 0.052153036 0.052359574
Checkpoint not saved at epoch 4251000, loss did not improve.
4251000 1.1835918426513672 0.0525251 0.05194861
Checkpoint not saved at epoch 4252000, loss did not improve.
4252000 1.3691257238388062 0.054472495 0.052729018
Checkpoint not saved at epoch 4253000, loss did not improve.
4253000 1.2850534915924072 0.05361629 0.051558558
Checkpoint not saved at epoch 4254000, loss did not improve.
4254000 1.1451665163040161 0.052093506 0.05239464
Checkpoint not saved at epoch 4255000, loss did not improve.
4255000 1.6900957822799683 0.057417493 0.063023806
Checkpoint not saved at epoch 4256000, loss did not improve.
4256000 1.2699276208877563 0.05345781 0.05610232
Checkpoint not saved at epoch 4257000, loss did not improve.
4257000 1.4570167064666748 0.05532642 0.056211352
Checkpoint not saved at epoch 4258000, loss did not improve.
4258000 1.2619205713272095 0.053373348 0.051007416
Checkpoint not saved at epoch 4259000, loss did not improve.
4259000 1.9149067401885986 0.0592384 0.054697033
Checkpoint not saved at epoch 4260000, loss did not improve.
4260000 1.2017145156860352 0.05272502 0.058197964
Checkpoint not saved at epoch 4261000, loss did not improve.
4261000 1.376997470855713 0.054550625 0.055912387
Checkpoint not saved at epoch 4262000, loss did not improve.
4262000 1.239605188369751 0.05313581 0.05314883
Checkpoint not saved at epoch 4263000, loss did not improve.
4263000 1.2308416366577148 0.053041648 0.054309808
Checkpoint not saved at epoch 4264000, loss did not improve.
4264000 1.2280784845352173 0.053011846 0.051210973
Checkpoint not saved at epoch 4265000, loss did not improve.
4265000 1.2071146965026855 0.05278415 0.052255776
Checkpoint not saved at epoch 4266000, loss did not improve.
4266000 1.2796783447265625 0.05356013 0.051048763
Checkpoint not saved at epoch 4267000, loss did not improve.
4267000 1.2917606830596924 0.05368611 0.056131437
Checkpoint not saved at epoch 4268000, loss did not improve.
4268000 2.0535383224487305 0.060282625 0.05683328
Checkpoint not saved at epoch 4269000, loss did not improve.
4269000 1.3772352933883667 0.054552976 0.060710758
Checkpoint not saved at epoch 4270000, loss did not improve.
4270000 1.268976092338562 0.05344779 0.054669473
Checkpoint not saved at epoch 4271000, loss did not improve.
4271000 1.198917031288147 0.05269431 0.05174595
Checkpoint not saved at epoch 4272000, loss did not improve.
4272000 1.4190726280212402 0.054962642 0.053246036
Checkpoint not saved at epoch 4273000, loss did not improve.
4273000 1.4458388090133667 0.055219997 0.051941577
Checkpoint not saved at epoch 4274000, loss did not improve.
4274000 1.3607395887374878 0.05438889 0.05768337
Checkpoint not saved at epoch 4275000, loss did not improve.
4275000 1.2836464643478394 0.053601604 0.051847935
Saving checkpoint at epoch 4276000 with improved loss: 1.1328715085983276
Model checkpoint saved at epoch 4276000, batch 1
4276000 1.1528137922286987 0.052180253 0.053676415
Checkpoint not saved at epoch 4277000, loss did not improve.
4277000 1.4005672931671143 0.05478257 0.05469468
Checkpoint not saved at epoch 4278000, loss did not improve.
4278000 1.3443145751953125 0.05422401 0.052319765
Checkpoint not saved at epoch 4279000, loss did not improve.
4279000 1.1640193462371826 0.052306596 0.05313165
Checkpoint not saved at epoch 4280000, loss did not improve.
4280000 1.4544557332992554 0.05530209 0.06060549
Saving checkpoint at epoch 4281000 with improved loss: 1.131279468536377
Model checkpoint saved at epoch 4281000, batch 1
4281000 1.1390414237976074 0.05202371 0.053190067
Checkpoint not saved at epoch 4282000, loss did not improve.
4282000 1.1412895917892456 0.05204936 0.05481089
Checkpoint not saved at epoch 4283000, loss did not improve.
4283000 1.3641425371170044 0.05442286 0.057332594
Checkpoint not saved at epoch 4284000, loss did not improve.
4284000 1.441295862197876 0.05517657 0.054256197
Checkpoint not saved at epoch 4285000, loss did not improve.
4285000 1.4142588376998901 0.054915965 0.052390873
Checkpoint not saved at epoch 4286000, loss did not improve.
4286000 1.2149858474731445 0.052869994 0.055298198
Checkpoint not saved at epoch 4287000, loss did not improve.
4287000 1.3241633176803589 0.05401966 0.052154817
Checkpoint not saved at epoch 4288000, loss did not improve.
4288000 1.5661948919296265 0.056334943 0.05340105
Checkpoint not saved at epoch 4289000, loss did not improve.
4289000 1.1715630292892456 0.05239114 0.0543973
Checkpoint not saved at epoch 4290000, loss did not improve.
4290000 1.1972967386245728 0.052676495 0.051957868
Checkpoint not saved at epoch 4291000, loss did not improve.
4291000 1.320853352546692 0.053985868 0.05829901
Checkpoint not saved at epoch 4292000, loss did not improve.
4292000 1.2564821243286133 0.053315744 0.05535529
Checkpoint not saved at epoch 4293000, loss did not improve.
4293000 1.139915943145752 0.052033693 0.053924676
Checkpoint not saved at epoch 4294000, loss did not improve.
4294000 1.6818859577178955 0.057347637 0.061184775
Checkpoint not saved at epoch 4295000, loss did not improve.
4295000 1.3152389526367188 0.05392841 0.052700642
Checkpoint not saved at epoch 4296000, loss did not improve.
4296000 1.395922303199768 0.054737095 0.051310766
Checkpoint not saved at epoch 4297000, loss did not improve.
4297000 1.190686821937561 0.05260364 0.052646935
Saving checkpoint at epoch 4298000 with improved loss: 1.1251667737960815
Model checkpoint saved at epoch 4298000, batch 1
4298000 1.1295183897018433 0.051914632 0.054115098
Checkpoint not saved at epoch 4299000, loss did not improve.
4299000 1.2715699672698975 0.053475082 0.054739676
Checkpoint not saved at epoch 4300000, loss did not improve.
4300000 1.3221244812011719 0.05399885 0.059332196
Checkpoint not saved at epoch 4301000, loss did not improve.
4301000 1.407100796699524 0.05484635 0.051843483
Checkpoint not saved at epoch 4302000, loss did not improve.
4302000 1.7143008708953857 0.057621986 0.051321343
Checkpoint not saved at epoch 4303000, loss did not improve.
4303000 1.2457062005996704 0.053201064 0.05529775
Checkpoint not saved at epoch 4304000, loss did not improve.
4304000 1.2268900871276855 0.052999023 0.052727435
Checkpoint not saved at epoch 4305000, loss did not improve.
4305000 1.3645774126052856 0.054427195 0.05500363
Checkpoint not saved at epoch 4306000, loss did not improve.
4306000 3.9478304386138916 0.070983276 0.06041421
Checkpoint not saved at epoch 4307000, loss did not improve.
4307000 1.1499030590057373 0.05214729 0.05402375
Checkpoint not saved at epoch 4308000, loss did not improve.
4308000 1.3087043762207031 0.053861298 0.056589697
Checkpoint not saved at epoch 4309000, loss did not improve.
4309000 1.1797384023666382 0.052482303 0.055925675
Checkpoint not saved at epoch 4310000, loss did not improve.
4310000 1.292036533355713 0.053688977 0.057935968
Checkpoint not saved at epoch 4311000, loss did not improve.
4311000 1.3131085634231567 0.053906556 0.055042095
Checkpoint not saved at epoch 4312000, loss did not improve.
4312000 1.1474977731704712 0.052119993 0.05193293
Checkpoint not saved at epoch 4313000, loss did not improve.
4313000 1.2432011365890503 0.053174302 0.05324286
Checkpoint not saved at epoch 4314000, loss did not improve.
4314000 1.3817838430404663 0.054597966 0.050889723
Checkpoint not saved at epoch 4315000, loss did not improve.
4315000 1.3778395652770996 0.054558963 0.06066803
Checkpoint not saved at epoch 4316000, loss did not improve.
4316000 1.2414436340332031 0.053155493 0.053061433
Checkpoint not saved at epoch 4317000, loss did not improve.
4317000 1.228245735168457 0.05301365 0.05280277
Checkpoint not saved at epoch 4318000, loss did not improve.
4318000 1.6243191957473755 0.0568505 0.05868956
Checkpoint not saved at epoch 4319000, loss did not improve.
4319000 1.1949923038482666 0.05265113 0.05474164
Checkpoint not saved at epoch 4320000, loss did not improve.
4320000 1.355791687965393 0.05433938 0.056518003
Checkpoint not saved at epoch 4321000, loss did not improve.
4321000 1.3139843940734863 0.05391554 0.052275885
Checkpoint not saved at epoch 4322000, loss did not improve.
4322000 1.1203112602233887 0.051808514 0.05498927
Checkpoint not saved at epoch 4323000, loss did not improve.
4323000 1.4625532627105713 0.055378903 0.05183967
Checkpoint not saved at epoch 4324000, loss did not improve.
4324000 1.3693193197250366 0.05447442 0.05507107
Checkpoint not saved at epoch 4325000, loss did not improve.
4325000 1.4626332521438599 0.055379663 0.050937988
Checkpoint not saved at epoch 4326000, loss did not improve.
4326000 1.6719789505004883 0.057263006 0.060606062
Checkpoint not saved at epoch 4327000, loss did not improve.
4327000 1.693130373954773 0.057443254 0.06370318
Checkpoint not saved at epoch 4328000, loss did not improve.
4328000 1.3936645984649658 0.054714948 0.056726657
Checkpoint not saved at epoch 4329000, loss did not improve.
4329000 1.3169974088668823 0.053946424 0.061640866
Checkpoint not saved at epoch 4330000, loss did not improve.
4330000 1.198188304901123 0.052686304 0.05305093
Checkpoint not saved at epoch 4331000, loss did not improve.
4331000 1.571136236190796 0.056379326 0.051175177
Checkpoint not saved at epoch 4332000, loss did not improve.
4332000 1.1489313840866089 0.05213627 0.05637224
Checkpoint not saved at epoch 4333000, loss did not improve.
4333000 1.162373423576355 0.052288104 0.054449856
Checkpoint not saved at epoch 4334000, loss did not improve.
4334000 1.5756343603134155 0.056419633 0.06082956
Checkpoint not saved at epoch 4335000, loss did not improve.
4335000 1.4646508693695068 0.055398747 0.062070116
Checkpoint not saved at epoch 4336000, loss did not improve.
4336000 1.220978856086731 0.05293507 0.050757904
Checkpoint not saved at epoch 4337000, loss did not improve.
4337000 1.2281712293624878 0.05301285 0.051403277
Checkpoint not saved at epoch 4338000, loss did not improve.
4338000 1.1667616367340088 0.052337375 0.05313302
Checkpoint not saved at epoch 4339000, loss did not improve.
4339000 1.1651489734649658 0.052319285 0.05369345
Checkpoint not saved at epoch 4340000, loss did not improve.
4340000 1.3024005889892578 0.053796317 0.05166228
Checkpoint not saved at epoch 4341000, loss did not improve.
4341000 1.414768099784851 0.05492091 0.052730665
Checkpoint not saved at epoch 4342000, loss did not improve.
4342000 1.1862319707870483 0.05255437 0.0517987
Checkpoint not saved at epoch 4343000, loss did not improve.
4343000 1.194785714149475 0.052648857 0.056450207
Checkpoint not saved at epoch 4344000, loss did not improve.
4344000 1.2945445775985718 0.053715013 0.05889003
Checkpoint not saved at epoch 4345000, loss did not improve.
4345000 1.3180071115493774 0.053956762 0.057987154
Checkpoint not saved at epoch 4346000, loss did not improve.
4346000 1.3331841230392456 0.05411142 0.05889109
Checkpoint not saved at epoch 4347000, loss did not improve.
4347000 1.2661548852920532 0.053418063 0.056975797
Checkpoint not saved at epoch 4348000, loss did not improve.
4348000 1.1510311365127563 0.052160073 0.052830026
Checkpoint not saved at epoch 4349000, loss did not improve.
4349000 1.140591025352478 0.05204139 0.055020556
Checkpoint not saved at epoch 4350000, loss did not improve.
4350000 1.2438995838165283 0.053181767 0.058848906
Checkpoint not saved at epoch 4351000, loss did not improve.
4351000 1.4517689943313599 0.05527653 0.05133207
Checkpoint not saved at epoch 4352000, loss did not improve.
4352000 1.3442368507385254 0.05422323 0.05161899
Checkpoint not saved at epoch 4353000, loss did not improve.
4353000 1.4495195150375366 0.055255108 0.050862618
Checkpoint not saved at epoch 4354000, loss did not improve.
4354000 1.8480849266052246 0.058714706 0.054496918
Checkpoint not saved at epoch 4355000, loss did not improve.
4355000 1.3232157230377197 0.05400999 0.052531485
Checkpoint not saved at epoch 4356000, loss did not improve.
4356000 1.389479398727417 0.054673824 0.05706145
Checkpoint not saved at epoch 4357000, loss did not improve.
4357000 1.3799940347671509 0.054580275 0.05741166
Checkpoint not saved at epoch 4358000, loss did not improve.
4358000 1.280204176902771 0.053565633 0.052693825
Checkpoint not saved at epoch 4359000, loss did not improve.
4359000 1.2996418476104736 0.053767815 0.057977326
Checkpoint not saved at epoch 4360000, loss did not improve.
4360000 1.3067206144332886 0.053840872 0.05717567
Checkpoint not saved at epoch 4361000, loss did not improve.
4361000 1.4301254749298096 0.05506935 0.057655852
Checkpoint not saved at epoch 4362000, loss did not improve.
4362000 1.8430354595184326 0.05867456 0.05814208
Checkpoint not saved at epoch 4363000, loss did not improve.
4363000 2.235933303833008 0.061578788 0.059807133
Checkpoint not saved at epoch 4364000, loss did not improve.
4364000 1.149916172027588 0.052147437 0.05384562
Checkpoint not saved at epoch 4365000, loss did not improve.
4365000 1.1620898246765137 0.05228491 0.054005947
Checkpoint not saved at epoch 4366000, loss did not improve.
4366000 1.6030473709106445 0.05666345 0.06169831
Checkpoint not saved at epoch 4367000, loss did not improve.
4367000 1.2251975536346436 0.052980732 0.054774355
Checkpoint not saved at epoch 4368000, loss did not improve.
4368000 4.331528663635254 0.07264851 0.059371453
Checkpoint not saved at epoch 4369000, loss did not improve.
4369000 1.219754934310913 0.052921798 0.056587845
Checkpoint not saved at epoch 4370000, loss did not improve.
4370000 1.2484747171401978 0.0532306 0.05539588
Checkpoint not saved at epoch 4371000, loss did not improve.
4371000 1.3300505876541138 0.0540796 0.057169005
Checkpoint not saved at epoch 4372000, loss did not improve.
4372000 1.359198808670044 0.054373484 0.051879123
Checkpoint not saved at epoch 4373000, loss did not improve.
4373000 1.2267866134643555 0.052997906 0.052370876
Checkpoint not saved at epoch 4374000, loss did not improve.
4374000 1.2787243127822876 0.053550143 0.05839738
Checkpoint not saved at epoch 4375000, loss did not improve.
4375000 1.417949914932251 0.054951765 0.05437797
Checkpoint not saved at epoch 4376000, loss did not improve.
4376000 1.1306971311569214 0.051928166 0.054184236
Checkpoint not saved at epoch 4377000, loss did not improve.
4377000 1.2250159978866577 0.052978765 0.052386373
Checkpoint not saved at epoch 4378000, loss did not improve.
4378000 1.1222039461135864 0.051830377 0.054093324
Checkpoint not saved at epoch 4379000, loss did not improve.
4379000 1.6434744596481323 0.057017367 0.056617398
Checkpoint not saved at epoch 4380000, loss did not improve.
4380000 1.3101905584335327 0.053876583 0.054178853
Checkpoint not saved at epoch 4381000, loss did not improve.
4381000 1.166537880897522 0.052334867 0.05176384
Checkpoint not saved at epoch 4382000, loss did not improve.
4382000 1.3517764806747437 0.0542991 0.053746764
Checkpoint not saved at epoch 4383000, loss did not improve.
4383000 1.1329312324523926 0.051953796 0.05318683
Checkpoint not saved at epoch 4384000, loss did not improve.
4384000 1.215143084526062 0.0528717 0.053288806
Checkpoint not saved at epoch 4385000, loss did not improve.
4385000 1.2652122974395752 0.05340812 0.051897857
Checkpoint not saved at epoch 4386000, loss did not improve.
4386000 1.4540002346038818 0.05529776 0.051818706
Checkpoint not saved at epoch 4387000, loss did not improve.
4387000 1.177088737487793 0.052452806 0.05521754
Checkpoint not saved at epoch 4388000, loss did not improve.
4388000 1.2518391609191895 0.05326642 0.05519262
Checkpoint not saved at epoch 4389000, loss did not improve.
4389000 1.2269525527954102 0.052999694 0.055043183
Checkpoint not saved at epoch 4390000, loss did not improve.
4390000 1.3245899677276611 0.054024003 0.051801283
Checkpoint not saved at epoch 4391000, loss did not improve.
4391000 1.2582063674926758 0.053334028 0.05585341
Checkpoint not saved at epoch 4392000, loss did not improve.
4392000 1.1476646661758423 0.05212189 0.051242437
Checkpoint not saved at epoch 4393000, loss did not improve.
4393000 1.3033992052078247 0.05380663 0.05207629
Saving checkpoint at epoch 4394000 with improved loss: 1.1238130331039429
Model checkpoint saved at epoch 4394000, batch 1
4394000 1.1448277235031128 0.05208965 0.05317771
Checkpoint not saved at epoch 4395000, loss did not improve.
4395000 1.1859962940216064 0.052551758 0.05416207
Checkpoint not saved at epoch 4396000, loss did not improve.
4396000 1.3032276630401611 0.053804863 0.056749556
Checkpoint not saved at epoch 4397000, loss did not improve.
4397000 1.2193191051483154 0.05291707 0.05577258
Checkpoint not saved at epoch 4398000, loss did not improve.
4398000 1.6024739742279053 0.056658383 0.055844255
Saving checkpoint at epoch 4399000 with improved loss: 1.1084624528884888
Model checkpoint saved at epoch 4399000, batch 1
4399000 1.1171730756759644 0.05177219 0.052960336
Checkpoint not saved at epoch 4400000, loss did not improve.
4400000 1.186998724937439 0.052562855 0.051374923
Checkpoint not saved at epoch 4401000, loss did not improve.
4401000 1.4704779386520386 0.055453766 0.05164874
Checkpoint not saved at epoch 4402000, loss did not improve.
4402000 1.447403073310852 0.055234928 0.054452058
Checkpoint not saved at epoch 4403000, loss did not improve.
4403000 1.2672253847122192 0.05342935 0.051116195
Checkpoint not saved at epoch 4404000, loss did not improve.
4404000 1.2337123155593872 0.053072546 0.05171349
Checkpoint not saved at epoch 4405000, loss did not improve.
4405000 1.2795138359069824 0.053558413 0.054951362
Checkpoint not saved at epoch 4406000, loss did not improve.
4406000 2.0335094928741455 0.060135093 0.05588817
Checkpoint not saved at epoch 4407000, loss did not improve.
4407000 1.2786606550216675 0.05354948 0.054491173
Checkpoint not saved at epoch 4408000, loss did not improve.
4408000 1.7716035842895508 0.05809758 0.05757834
Checkpoint not saved at epoch 4409000, loss did not improve.
4409000 1.1464037895202637 0.052107573 0.052203115
Checkpoint not saved at epoch 4410000, loss did not improve.
4410000 1.4688053131103516 0.055437986 0.05584484
Checkpoint not saved at epoch 4411000, loss did not improve.
4411000 1.4939509630203247 0.055673752 0.056589454
Checkpoint not saved at epoch 4412000, loss did not improve.
4412000 1.325599193572998 0.054034293 0.054983962
Checkpoint not saved at epoch 4413000, loss did not improve.
4413000 1.7381715774536133 0.057821527 0.06116906
Checkpoint not saved at epoch 4414000, loss did not improve.
4414000 1.1383299827575684 0.05201558 0.052914344
Saving checkpoint at epoch 4415000 with improved loss: 1.105993390083313
Model checkpoint saved at epoch 4415000, batch 1
4415000 1.1348820924758911 0.05197615 0.053117216
Checkpoint not saved at epoch 4416000, loss did not improve.
4416000 1.3186790943145752 0.05396364 0.053164903
Checkpoint not saved at epoch 4417000, loss did not improve.
4417000 1.1299209594726562 0.05191925 0.05248808
Checkpoint not saved at epoch 4418000, loss did not improve.
4418000 1.1120142936706543 0.05171232 0.054232765
Checkpoint not saved at epoch 4419000, loss did not improve.
4419000 1.3409931659698486 0.05419049 0.05252033
Checkpoint not saved at epoch 4420000, loss did not improve.
4420000 1.1372570991516113 0.05200332 0.05226893
Checkpoint not saved at epoch 4421000, loss did not improve.
4421000 1.2454943656921387 0.0531988 0.052927956
Checkpoint not saved at epoch 4422000, loss did not improve.
4422000 1.2651934623718262 0.053407915 0.054565776
Checkpoint not saved at epoch 4423000, loss did not improve.
4423000 1.2502027750015259 0.05324901 0.051974118
Checkpoint not saved at epoch 4424000, loss did not improve.
4424000 1.2856826782226562 0.05362285 0.052904524
Checkpoint not saved at epoch 4425000, loss did not improve.
4425000 1.1153953075408936 0.05175158 0.052539207
Checkpoint not saved at epoch 4426000, loss did not improve.
4426000 1.1181837320327759 0.051783893 0.051663738
Checkpoint not saved at epoch 4427000, loss did not improve.
4427000 1.7641929388046265 0.05803673 0.058709044
Checkpoint not saved at epoch 4428000, loss did not improve.
4428000 1.110105037689209 0.05169011 0.05227074
Checkpoint not saved at epoch 4429000, loss did not improve.
4429000 1.3585954904556274 0.05436745 0.054244787
Checkpoint not saved at epoch 4430000, loss did not improve.
4430000 1.290941834449768 0.0536776 0.053730045
Checkpoint not saved at epoch 4431000, loss did not improve.
4431000 1.719960331916809 0.05766948 0.057430387
Checkpoint not saved at epoch 4432000, loss did not improve.
4432000 1.2237613201141357 0.052965198 0.053723216
Checkpoint not saved at epoch 4433000, loss did not improve.
4433000 1.1494783163070679 0.05214247 0.051852945
Checkpoint not saved at epoch 4434000, loss did not improve.
4434000 1.131988286972046 0.051942986 0.052098013
Checkpoint not saved at epoch 4435000, loss did not improve.
4435000 1.2829784154891968 0.053594626 0.053518165
Checkpoint not saved at epoch 4436000, loss did not improve.
4436000 1.5071121454238892 0.055795964 0.054707043
Checkpoint not saved at epoch 4437000, loss did not improve.
4437000 1.1631964445114136 0.05229735 0.052474715
Checkpoint not saved at epoch 4438000, loss did not improve.
4438000 1.2516340017318726 0.05326425 0.053244106
Checkpoint not saved at epoch 4439000, loss did not improve.
4439000 1.1243122816085815 0.051854704 0.05366113
Checkpoint not saved at epoch 4440000, loss did not improve.
4440000 1.1777524948120117 0.0524602 0.05534099
Checkpoint not saved at epoch 4441000, loss did not improve.
4441000 1.4053521156311035 0.0548293 0.0534501
Checkpoint not saved at epoch 4442000, loss did not improve.
4442000 1.2282143831253052 0.053013317 0.05221383
Checkpoint not saved at epoch 4443000, loss did not improve.
4443000 1.1130794286727905 0.0517247 0.052787848
Checkpoint not saved at epoch 4444000, loss did not improve.
4444000 1.2769508361816406 0.053531565 0.051811922
Checkpoint not saved at epoch 4445000, loss did not improve.
4445000 1.227447509765625 0.05300504 0.052101
Checkpoint not saved at epoch 4446000, loss did not improve.
4446000 1.1091727018356323 0.051679254 0.05216399
Checkpoint not saved at epoch 4447000, loss did not improve.
4447000 1.350130558013916 0.05428257 0.052140187
Checkpoint not saved at epoch 4448000, loss did not improve.
4448000 1.6962276697158813 0.057469506 0.05389714
Checkpoint not saved at epoch 4449000, loss did not improve.
4449000 1.1113553047180176 0.051704656 0.052884176
Checkpoint not saved at epoch 4450000, loss did not improve.
4450000 1.4140111207962036 0.054913566 0.054400954
Checkpoint not saved at epoch 4451000, loss did not improve.
4451000 1.4850231409072876 0.05559039 0.051288564
Checkpoint not saved at epoch 4452000, loss did not improve.
4452000 1.116221308708191 0.051761158 0.05203301
Checkpoint not saved at epoch 4453000, loss did not improve.
4453000 1.154327154159546 0.052197374 0.052941937
Checkpoint not saved at epoch 4454000, loss did not improve.
4454000 1.1478151082992554 0.052123595 0.05498253
Checkpoint not saved at epoch 4455000, loss did not improve.
4455000 1.1858701705932617 0.05255036 0.05343296
Checkpoint not saved at epoch 4456000, loss did not improve.
4456000 1.3963062763214111 0.054740854 0.052138917
Checkpoint not saved at epoch 4457000, loss did not improve.
4457000 1.0993945598602295 0.051564973 0.05229415
Saving checkpoint at epoch 4458000 with improved loss: 1.1053286790847778
Model checkpoint saved at epoch 4458000, batch 1
4458000 1.1003215312957764 0.05157584 0.05170807
Checkpoint not saved at epoch 4459000, loss did not improve.
4459000 1.1536999940872192 0.05219028 0.052256424
Saving checkpoint at epoch 4460000 with improved loss: 1.1042773723602295
Model checkpoint saved at epoch 4460000, batch 1
4460000 1.1014580726623535 0.051589157 0.05220862
Checkpoint not saved at epoch 4461000, loss did not improve.
4461000 1.1454079151153564 0.052096244 0.052267645
Checkpoint not saved at epoch 4462000, loss did not improve.
4462000 1.157796859741211 0.052236553 0.05195564
Checkpoint not saved at epoch 4463000, loss did not improve.
4463000 1.138419270515442 0.052016605 0.051841512
Checkpoint not saved at epoch 4464000, loss did not improve.
4464000 1.1360732316970825 0.051989783 0.05306045
Checkpoint not saved at epoch 4465000, loss did not improve.
4465000 1.2266727685928345 0.052996673 0.0537404
Checkpoint not saved at epoch 4466000, loss did not improve.
4466000 1.52798330783844 0.055988144 0.059410885
Checkpoint not saved at epoch 4467000, loss did not improve.
4467000 1.206679105758667 0.05277939 0.051715095
Checkpoint not saved at epoch 4468000, loss did not improve.
4468000 1.2443643808364868 0.05318673 0.052070063
Checkpoint not saved at epoch 4469000, loss did not improve.
4469000 1.3519573211669922 0.05430092 0.054994393
Checkpoint not saved at epoch 4470000, loss did not improve.
4470000 1.1870263814926147 0.052563168 0.05419811
Checkpoint not saved at epoch 4471000, loss did not improve.
4471000 1.3466112613677979 0.05424716 0.0546324
Checkpoint not saved at epoch 4472000, loss did not improve.
4472000 1.349714994430542 0.05427839 0.056347474
Checkpoint not saved at epoch 4473000, loss did not improve.
4473000 1.3220285177230835 0.053997874 0.05630948
Checkpoint not saved at epoch 4474000, loss did not improve.
4474000 1.3652063608169556 0.054433465 0.052087817
Checkpoint not saved at epoch 4475000, loss did not improve.
4475000 1.1208542585372925 0.051814783 0.052605137
Checkpoint not saved at epoch 4476000, loss did not improve.
4476000 1.315857172012329 0.053934745 0.05312881
Checkpoint not saved at epoch 4477000, loss did not improve.
4477000 1.3397220373153687 0.054177642 0.05563507
Checkpoint not saved at epoch 4478000, loss did not improve.
4478000 1.262953281402588 0.053384267 0.054561097
Checkpoint not saved at epoch 4479000, loss did not improve.
4479000 1.174679160118103 0.05242594 0.053367946
Checkpoint not saved at epoch 4480000, loss did not improve.
4480000 1.2048958539962769 0.052759882 0.05140807
Checkpoint not saved at epoch 4481000, loss did not improve.
4481000 1.1392590999603271 0.052026194 0.053392354
Checkpoint not saved at epoch 4482000, loss did not improve.
4482000 1.1322940587997437 0.05194649 0.05116719
Checkpoint not saved at epoch 4483000, loss did not improve.
4483000 1.2290846109390259 0.053022705 0.054174878
Checkpoint not saved at epoch 4484000, loss did not improve.
4484000 1.3293733596801758 0.05407271 0.05128849
Checkpoint not saved at epoch 4485000, loss did not improve.
4485000 1.1433513164520264 0.052072853 0.05264841
Saving checkpoint at epoch 4486000 with improved loss: 1.0777093172073364
Model checkpoint saved at epoch 4486000, batch 1
4486000 1.0867624282836914 0.05141621 0.051694773
Checkpoint not saved at epoch 4487000, loss did not improve.
4487000 1.7137149572372437 0.057617057 0.05909845
Checkpoint not saved at epoch 4488000, loss did not improve.
4488000 1.1708632707595825 0.052383315 0.050954845
Checkpoint not saved at epoch 4489000, loss did not improve.
4489000 1.2374012470245361 0.05311217 0.052060317
Checkpoint not saved at epoch 4490000, loss did not improve.
4490000 1.1685049533843994 0.052356914 0.051246855
Checkpoint not saved at epoch 4491000, loss did not improve.
4491000 1.3651162385940552 0.054432567 0.05428103
Checkpoint not saved at epoch 4492000, loss did not improve.
4492000 1.2401210069656372 0.053141333 0.052194923
Checkpoint not saved at epoch 4493000, loss did not improve.
4493000 1.4672183990478516 0.05542301 0.052737605
Checkpoint not saved at epoch 4494000, loss did not improve.
4494000 1.1660701036453247 0.052329622 0.05256154
Checkpoint not saved at epoch 4495000, loss did not improve.
4495000 1.3669978380203247 0.054451317 0.052108064
Checkpoint not saved at epoch 4496000, loss did not improve.
4496000 2.1979148387908936 0.061315335 0.06135085
Checkpoint not saved at epoch 4497000, loss did not improve.
4497000 1.1083201169967651 0.051669315 0.051423084
Checkpoint not saved at epoch 4498000, loss did not improve.
4498000 1.0946322679519653 0.051509045 0.051785883
Checkpoint not saved at epoch 4499000, loss did not improve.
4499000 1.0870205163955688 0.051419266 0.05208969
Checkpoint not saved at epoch 4500000, loss did not improve.
4500000 1.1447306871414185 0.052088547 0.053099956
Checkpoint not saved at epoch 4501000, loss did not improve.
4501000 1.130614161491394 0.051927216 0.0515539
Checkpoint not saved at epoch 4502000, loss did not improve.
4502000 1.2022480964660645 0.05273087 0.053170417
Checkpoint not saved at epoch 4503000, loss did not improve.
4503000 1.6155521869659424 0.05677363 0.057020538
Checkpoint not saved at epoch 4504000, loss did not improve.
4504000 1.1321369409561157 0.05194469 0.052982707
Checkpoint not saved at epoch 4505000, loss did not improve.
4505000 1.281605839729309 0.053580288 0.051802933
Checkpoint not saved at epoch 4506000, loss did not improve.
4506000 1.1760481595993042 0.05244121 0.05191482
Checkpoint not saved at epoch 4507000, loss did not improve.
4507000 1.156991958618164 0.052227475 0.052427355
Checkpoint not saved at epoch 4508000, loss did not improve.
4508000 1.3047853708267212 0.05382093 0.052278325
Checkpoint not saved at epoch 4509000, loss did not improve.
4509000 1.100176453590393 0.051574145 0.0513813
Checkpoint not saved at epoch 4510000, loss did not improve.
4510000 1.1707987785339355 0.052382592 0.052100483
Checkpoint not saved at epoch 4511000, loss did not improve.
4511000 1.1883013248443604 0.052577276 0.052288067
Checkpoint not saved at epoch 4512000, loss did not improve.
4512000 1.1013126373291016 0.05158745 0.051638156
Checkpoint not saved at epoch 4513000, loss did not improve.
4513000 1.1405246257781982 0.052040637 0.054940354
Checkpoint not saved at epoch 4514000, loss did not improve.
4514000 1.3352582454681396 0.054132458 0.054274835
Checkpoint not saved at epoch 4515000, loss did not improve.
4515000 1.3018138408660889 0.05379026 0.053696174
Checkpoint not saved at epoch 4516000, loss did not improve.
4516000 1.1772739887237549 0.052454866 0.05248663
Checkpoint not saved at epoch 4517000, loss did not improve.
4517000 1.1760222911834717 0.052440923 0.050791066
Checkpoint not saved at epoch 4518000, loss did not improve.
4518000 1.2430561780929565 0.053172745 0.053004727
Checkpoint not saved at epoch 4519000, loss did not improve.
4519000 1.5246976613998413 0.055958018 0.05626978
Checkpoint not saved at epoch 4520000, loss did not improve.
4520000 1.1118829250335693 0.051710796 0.05156598
Checkpoint not saved at epoch 4521000, loss did not improve.
4521000 1.1463429927825928 0.05210688 0.050810024
Checkpoint not saved at epoch 4522000, loss did not improve.
4522000 1.1337504386901855 0.051963188 0.051868975
Checkpoint not saved at epoch 4523000, loss did not improve.
4523000 1.4961220026016235 0.055693973 0.052257694
Checkpoint not saved at epoch 4524000, loss did not improve.
4524000 1.4196734428405762 0.054968454 0.051100448
Checkpoint not saved at epoch 4525000, loss did not improve.
4525000 1.129494071006775 0.051914353 0.05229647
Checkpoint not saved at epoch 4526000, loss did not improve.
4526000 1.3794718980789185 0.054575108 0.052464947
Checkpoint not saved at epoch 4527000, loss did not improve.
4527000 1.150669813156128 0.05215598 0.052235793
Checkpoint not saved at epoch 4528000, loss did not improve.
4528000 1.3355629444122314 0.054135542 0.054805968
Checkpoint not saved at epoch 4529000, loss did not improve.
4529000 1.287950038909912 0.05364647 0.051996
Checkpoint not saved at epoch 4530000, loss did not improve.
4530000 1.0983412265777588 0.051552624 0.051552124
Checkpoint not saved at epoch 4531000, loss did not improve.
4531000 1.101585030555725 0.05159064 0.052022595
Checkpoint not saved at epoch 4532000, loss did not improve.
4532000 1.1111624240875244 0.05170241 0.0519203
Checkpoint not saved at epoch 4533000, loss did not improve.
4533000 1.3148987293243408 0.05392492 0.053910505
Checkpoint not saved at epoch 4534000, loss did not improve.
4534000 1.1626912355422974 0.052291673 0.051612828
Checkpoint not saved at epoch 4535000, loss did not improve.
4535000 1.9406349658966064 0.059436385 0.07236187
Checkpoint not saved at epoch 4536000, loss did not improve.
4536000 1.1713814735412598 0.052389115 0.054063648
Checkpoint not saved at epoch 4537000, loss did not improve.
4537000 1.115294098854065 0.051750407 0.051052902
Checkpoint not saved at epoch 4538000, loss did not improve.
4538000 1.1729884147644043 0.052407067 0.05465518
Checkpoint not saved at epoch 4539000, loss did not improve.
4539000 1.1970309019088745 0.052673567 0.051057585
Checkpoint not saved at epoch 4540000, loss did not improve.
4540000 1.3302708864212036 0.054081835 0.052046515
Checkpoint not saved at epoch 4541000, loss did not improve.
4541000 1.2819312810897827 0.05358369 0.05154535
Checkpoint not saved at epoch 4542000, loss did not improve.
4542000 1.0969492197036743 0.051536277 0.051216185
Checkpoint not saved at epoch 4543000, loss did not improve.
4543000 1.1176912784576416 0.051778197 0.052255053
Checkpoint not saved at epoch 4544000, loss did not improve.
4544000 1.1857566833496094 0.05254911 0.05165043
Checkpoint not saved at epoch 4545000, loss did not improve.
4545000 1.2273424863815308 0.053003907 0.053804543
Checkpoint not saved at epoch 4546000, loss did not improve.
4546000 1.185604214668274 0.052547418 0.05181699
Checkpoint not saved at epoch 4547000, loss did not improve.
4547000 1.3947749137878418 0.05472584 0.05329642
Checkpoint not saved at epoch 4548000, loss did not improve.
4548000 1.2141783237457275 0.052861203 0.05214715
Checkpoint not saved at epoch 4549000, loss did not improve.
4549000 1.5678019523620605 0.05634939 0.054146525
Checkpoint not saved at epoch 4550000, loss did not improve.
4550000 1.5610742568969727 0.056288842 0.05462783
Checkpoint not saved at epoch 4551000, loss did not improve.
4551000 1.1006289720535278 0.051579446 0.05073491
Checkpoint not saved at epoch 4552000, loss did not improve.
4552000 1.315802812576294 0.053934187 0.05323342
Checkpoint not saved at epoch 4553000, loss did not improve.
4553000 1.136576771736145 0.051995542 0.0520044
Checkpoint not saved at epoch 4554000, loss did not improve.
4554000 1.140891194343567 0.052044816 0.0519297
Checkpoint not saved at epoch 4555000, loss did not improve.
4555000 1.1682754755020142 0.052354343 0.05214385
Checkpoint not saved at epoch 4556000, loss did not improve.
4556000 1.0816532373428345 0.051355675 0.050913412
Checkpoint not saved at epoch 4557000, loss did not improve.
4557000 1.398837924003601 0.05476565 0.053914543
Checkpoint not saved at epoch 4558000, loss did not improve.
4558000 1.3230377435684204 0.054008175 0.052413393
Checkpoint not saved at epoch 4559000, loss did not improve.
4559000 1.0811806917190552 0.05135006 0.051090866
Checkpoint not saved at epoch 4560000, loss did not improve.
4560000 1.1366280317306519 0.051996134 0.053482514
Checkpoint not saved at epoch 4561000, loss did not improve.
4561000 1.1005373001098633 0.05157837 0.050944008
Checkpoint not saved at epoch 4562000, loss did not improve.
4562000 1.1265146732330322 0.051880077 0.051795185
Checkpoint not saved at epoch 4563000, loss did not improve.
4563000 1.2860617637634277 0.0536268 0.052654047
Checkpoint not saved at epoch 4564000, loss did not improve.
4564000 1.1006298065185547 0.05157945 0.052195456
Checkpoint not saved at epoch 4565000, loss did not improve.
4565000 1.1302520036697388 0.05192305 0.05254988
Checkpoint not saved at epoch 4566000, loss did not improve.
4566000 1.0836645364761353 0.05137953 0.05069438
Checkpoint not saved at epoch 4567000, loss did not improve.
4567000 1.4060847759246826 0.05483645 0.052821442
Checkpoint not saved at epoch 4568000, loss did not improve.
4568000 1.642310619354248 0.05700727 0.056016617
Checkpoint not saved at epoch 4569000, loss did not improve.
4569000 1.0995196104049683 0.051566444 0.050498717
Checkpoint not saved at epoch 4570000, loss did not improve.
4570000 1.2181075811386108 0.052903917 0.051751185
Checkpoint not saved at epoch 4571000, loss did not improve.
4571000 2.1480584144592285 0.06096463 0.05782367
Checkpoint not saved at epoch 4572000, loss did not improve.
4572000 1.3983595371246338 0.05476097 0.053639147
Checkpoint not saved at epoch 4573000, loss did not improve.
4573000 1.2323285341262817 0.053057652 0.052002404
Checkpoint not saved at epoch 4574000, loss did not improve.
4574000 1.1745519638061523 0.05242452 0.051440056
Checkpoint not saved at epoch 4575000, loss did not improve.
4575000 2.0469532012939453 0.060234234 0.057043757
Checkpoint not saved at epoch 4576000, loss did not improve.
4576000 1.3389480113983154 0.054169815 0.05228611
Checkpoint not saved at epoch 4577000, loss did not improve.
4577000 1.1175206899642944 0.05177622 0.050611842
Checkpoint not saved at epoch 4578000, loss did not improve.
4578000 1.095913290977478 0.051524106 0.050426684
Checkpoint not saved at epoch 4579000, loss did not improve.
4579000 1.3811218738555908 0.054591425 0.052171674
Checkpoint not saved at epoch 4580000, loss did not improve.
4580000 1.0686557292938232 0.0512007 0.051160827
Checkpoint not saved at epoch 4581000, loss did not improve.
4581000 2.098355770111084 0.060608868 0.059928674
Checkpoint not saved at epoch 4582000, loss did not improve.
4582000 1.1700854301452637 0.052374613 0.05074023
Checkpoint not saved at epoch 4583000, loss did not improve.
4583000 1.3096277713775635 0.053870797 0.051894423
Checkpoint not saved at epoch 4584000, loss did not improve.
4584000 1.1041208505630493 0.051620305 0.050128892
Checkpoint not saved at epoch 4585000, loss did not improve.
4585000 1.2729599475860596 0.053489696 0.05169312
Checkpoint not saved at epoch 4586000, loss did not improve.
4586000 4.655029296875 0.07396854 0.07745251
Checkpoint not saved at epoch 4587000, loss did not improve.
4587000 1.1914448738098145 0.05261201 0.05194969
Checkpoint not saved at epoch 4588000, loss did not improve.
4588000 1.1389527320861816 0.052022696 0.051817138
Checkpoint not saved at epoch 4589000, loss did not improve.
4589000 1.1410576105117798 0.052046716 0.051437873
Checkpoint not saved at epoch 4590000, loss did not improve.
4590000 1.0947154760360718 0.05151002 0.05108101
Checkpoint not saved at epoch 4591000, loss did not improve.
4591000 1.0769660472869873 0.051299952 0.050704144
Saving checkpoint at epoch 4592000 with improved loss: 1.0690953731536865
Model checkpoint saved at epoch 4592000, batch 1
4592000 1.076041340827942 0.05128893 0.0501411
Checkpoint not saved at epoch 4593000, loss did not improve.
4593000 1.106474757194519 0.0516478 0.05060613
Checkpoint not saved at epoch 4594000, loss did not improve.
4594000 1.3388078212738037 0.0541684 0.054189112
Checkpoint not saved at epoch 4595000, loss did not improve.
4595000 1.844799518585205 0.058688596 0.057256132
Checkpoint not saved at epoch 4596000, loss did not improve.
4596000 1.4091796875 0.054866597 0.053985722
Checkpoint not saved at epoch 4597000, loss did not improve.
4597000 1.2711189985275269 0.053470343 0.054256562
Checkpoint not saved at epoch 4598000, loss did not improve.
4598000 1.362507700920105 0.054406546 0.05203914
Checkpoint not saved at epoch 4599000, loss did not improve.
4599000 1.4488542079925537 0.055248763 0.05494666
Checkpoint not saved at epoch 4600000, loss did not improve.
4600000 1.4680912494659424 0.05543125 0.052191827
Checkpoint not saved at epoch 4601000, loss did not improve.
4601000 1.2791318893432617 0.053554416 0.05381962
Checkpoint not saved at epoch 4602000, loss did not improve.
4602000 1.1579899787902832 0.052238736 0.054747917
Checkpoint not saved at epoch 4603000, loss did not improve.
4603000 1.5428993701934814 0.056124285 0.054279972
Checkpoint not saved at epoch 4604000, loss did not improve.
4604000 1.2015124559402466 0.052722804 0.050333496
Checkpoint not saved at epoch 4605000, loss did not improve.
4605000 1.216692566871643 0.052888546 0.053099506
Checkpoint not saved at epoch 4606000, loss did not improve.
4606000 1.2587974071502686 0.05334029 0.052189045
Checkpoint not saved at epoch 4607000, loss did not improve.
4607000 1.555068016052246 0.056234624 0.05698177
Checkpoint not saved at epoch 4608000, loss did not improve.
4608000 1.0928738117218018 0.051488347 0.052003354
Checkpoint not saved at epoch 4609000, loss did not improve.
4609000 1.208404779434204 0.05279825 0.051059783
Checkpoint not saved at epoch 4610000, loss did not improve.
4610000 2.3107964992523193 0.062087882 0.057713665
Checkpoint not saved at epoch 4611000, loss did not improve.
4611000 1.235200047492981 0.05308854 0.053062078
Checkpoint not saved at epoch 4612000, loss did not improve.
4612000 1.107995867729187 0.051665537 0.050923616
Checkpoint not saved at epoch 4613000, loss did not improve.
4613000 1.7279237508773804 0.05773612 0.0520988
Checkpoint not saved at epoch 4614000, loss did not improve.
4614000 1.1131539344787598 0.051725563 0.05221432
Checkpoint not saved at epoch 4615000, loss did not improve.
4615000 1.0977387428283691 0.05154555 0.051586058
Checkpoint not saved at epoch 4616000, loss did not improve.
4616000 1.2129024267196655 0.052847315 0.05185776
Checkpoint not saved at epoch 4617000, loss did not improve.
4617000 1.240211844444275 0.0531423 0.0526017
Checkpoint not saved at epoch 4618000, loss did not improve.
4618000 1.1918566226959229 0.052616555 0.05182679
Checkpoint not saved at epoch 4619000, loss did not improve.
4619000 1.06619131565094 0.051171158 0.051317036
Checkpoint not saved at epoch 4620000, loss did not improve.
4620000 1.2638753652572632 0.053393997 0.05193634
Checkpoint not saved at epoch 4621000, loss did not improve.
4621000 1.073278784751892 0.05125598 0.0512449
Checkpoint not saved at epoch 4622000, loss did not improve.
4622000 1.3203250169754028 0.053980466 0.053043135
Checkpoint not saved at epoch 4623000, loss did not improve.
4623000 1.096134901046753 0.05152671 0.050628424
Checkpoint not saved at epoch 4624000, loss did not improve.
4624000 1.473732352256775 0.05548442 0.052518424
Checkpoint not saved at epoch 4625000, loss did not improve.
4625000 1.1470032930374146 0.052114382 0.050980616
Checkpoint not saved at epoch 4626000, loss did not improve.
4626000 1.4448095560073853 0.05521017 0.05312088
Checkpoint not saved at epoch 4627000, loss did not improve.
4627000 1.0748190879821777 0.051274363 0.05178352
Checkpoint not saved at epoch 4628000, loss did not improve.
4628000 1.3059542179107666 0.053832978 0.055819362
Checkpoint not saved at epoch 4629000, loss did not improve.
4629000 1.2758289575576782 0.053519808 0.05140618
Checkpoint not saved at epoch 4630000, loss did not improve.
4630000 1.1318765878677368 0.051941708 0.052211642
Checkpoint not saved at epoch 4631000, loss did not improve.
4631000 1.0782297849655151 0.051314987 0.050707035
Checkpoint not saved at epoch 4632000, loss did not improve.
4632000 1.0917227268218994 0.05147478 0.051335078
Checkpoint not saved at epoch 4633000, loss did not improve.
4633000 1.5753179788589478 0.056416806 0.05954642
Checkpoint not saved at epoch 4634000, loss did not improve.
4634000 1.0757801532745361 0.051285822 0.050234906
Checkpoint not saved at epoch 4635000, loss did not improve.
4635000 1.072098970413208 0.05124189 0.05031761
Checkpoint not saved at epoch 4636000, loss did not improve.
4636000 1.1194844245910645 0.051798947 0.05188897
Checkpoint not saved at epoch 4637000, loss did not improve.
4637000 1.1558358669281006 0.05221442 0.051156424
Checkpoint not saved at epoch 4638000, loss did not improve.
4638000 1.3721210956573486 0.05450226 0.052607585
Checkpoint not saved at epoch 4639000, loss did not improve.
4639000 1.0809775590896606 0.051347654 0.05018094
Checkpoint not saved at epoch 4640000, loss did not improve.
4640000 1.1395968198776245 0.05203005 0.05022306
Checkpoint not saved at epoch 4641000, loss did not improve.
4641000 1.2778661251068115 0.053541157 0.053989697
Checkpoint not saved at epoch 4642000, loss did not improve.
4642000 1.4048444032669067 0.054824352 0.05841581
Checkpoint not saved at epoch 4643000, loss did not improve.
4643000 1.1043057441711426 0.05162247 0.053282965
Checkpoint not saved at epoch 4644000, loss did not improve.
4644000 1.5156711339950562 0.05587502 0.054959033
Checkpoint not saved at epoch 4645000, loss did not improve.
4645000 1.0965120792388916 0.051531136 0.05250011
Checkpoint not saved at epoch 4646000, loss did not improve.
4646000 1.1159783601760864 0.05175834 0.05194216
Checkpoint not saved at epoch 4647000, loss did not improve.
4647000 1.1467729806900024 0.052111767 0.05347494
Checkpoint not saved at epoch 4648000, loss did not improve.
4648000 2.715512752532959 0.06464417 0.060428888
Checkpoint not saved at epoch 4649000, loss did not improve.
4649000 1.467496395111084 0.055425636 0.057537273
Checkpoint not saved at epoch 4650000, loss did not improve.
4650000 1.3834773302078247 0.05461469 0.056804728
Checkpoint not saved at epoch 4651000, loss did not improve.
4651000 1.3040896654129028 0.05381375 0.051680993
Checkpoint not saved at epoch 4652000, loss did not improve.
4652000 1.0701712369918823 0.051218845 0.051984962
Checkpoint not saved at epoch 4653000, loss did not improve.
4653000 1.2869206666946411 0.05363575 0.056866933
Checkpoint not saved at epoch 4654000, loss did not improve.
4654000 1.4626550674438477 0.055379868 0.05069851
Checkpoint not saved at epoch 4655000, loss did not improve.
4655000 1.0885883569717407 0.05143779 0.051969416
Checkpoint not saved at epoch 4656000, loss did not improve.
4656000 1.0722675323486328 0.051243905 0.05247409
Checkpoint not saved at epoch 4657000, loss did not improve.
4657000 1.5268069505691528 0.055977367 0.051211976
Checkpoint not saved at epoch 4658000, loss did not improve.
4658000 1.0963900089263916 0.051529706 0.05202518
Checkpoint not saved at epoch 4659000, loss did not improve.
4659000 1.1286201477050781 0.051904302 0.0527893
Checkpoint not saved at epoch 4660000, loss did not improve.
4660000 1.4278322458267212 0.055047262 0.05521367
Checkpoint not saved at epoch 4661000, loss did not improve.
4661000 1.1097198724746704 0.051685624 0.054109965
Checkpoint not saved at epoch 4662000, loss did not improve.
4662000 1.7492084503173828 0.057913102 0.055550747
Checkpoint not saved at epoch 4663000, loss did not improve.
4663000 1.8126740455627441 0.058431406 0.053903867
Checkpoint not saved at epoch 4664000, loss did not improve.
4664000 1.0652475357055664 0.051159825 0.05296129
Checkpoint not saved at epoch 4665000, loss did not improve.
4665000 1.1080886125564575 0.051666617 0.052377157
Checkpoint not saved at epoch 4666000, loss did not improve.
4666000 1.0782349109649658 0.05131505 0.051759966
Checkpoint not saved at epoch 4667000, loss did not improve.
4667000 1.5963494777679443 0.05660417 0.05219291
Checkpoint not saved at epoch 4668000, loss did not improve.
4668000 1.0683822631835938 0.05119742 0.052019298
Checkpoint not saved at epoch 4669000, loss did not improve.
4669000 1.3244695663452148 0.05402278 0.050805073
Checkpoint not saved at epoch 4670000, loss did not improve.
4670000 1.0753830671310425 0.051281087 0.050664436
Checkpoint not saved at epoch 4671000, loss did not improve.
4671000 1.18681800365448 0.052560862 0.052245975
Checkpoint not saved at epoch 4672000, loss did not improve.
4672000 1.364463448524475 0.05442606 0.05243812
Checkpoint not saved at epoch 4673000, loss did not improve.
4673000 1.0756897926330566 0.05128474 0.051911876
Checkpoint not saved at epoch 4674000, loss did not improve.
4674000 1.4760127067565918 0.05550587 0.05634504
Checkpoint not saved at epoch 4675000, loss did not improve.
4675000 1.143563985824585 0.052075274 0.05126373
Checkpoint not saved at epoch 4676000, loss did not improve.
4676000 1.746103286743164 0.05788738 0.057789087
Checkpoint not saved at epoch 4677000, loss did not improve.
4677000 1.1340703964233398 0.051966853 0.0527953
Checkpoint not saved at epoch 4678000, loss did not improve.
4678000 1.1548848152160645 0.05220367 0.050147627
Checkpoint not saved at epoch 4679000, loss did not improve.
4679000 1.2545469999313354 0.05329521 0.056633975
Checkpoint not saved at epoch 4680000, loss did not improve.
4680000 1.3858129978179932 0.05463772 0.051570036
Checkpoint not saved at epoch 4681000, loss did not improve.
4681000 1.1780787706375122 0.052463833 0.055949096
Checkpoint not saved at epoch 4682000, loss did not improve.
4682000 1.1582404375076294 0.05224156 0.053166043
Checkpoint not saved at epoch 4683000, loss did not improve.
4683000 1.1506853103637695 0.052156154 0.05081274
Checkpoint not saved at epoch 4684000, loss did not improve.
4684000 1.2593709230422974 0.05334637 0.053207364
Checkpoint not saved at epoch 4685000, loss did not improve.
4685000 1.4031803607940674 0.054808106 0.055170815
Checkpoint not saved at epoch 4686000, loss did not improve.
4686000 1.2720533609390259 0.053480167 0.053234957
Checkpoint not saved at epoch 4687000, loss did not improve.
4687000 1.556617021560669 0.056248616 0.05967277
Checkpoint not saved at epoch 4688000, loss did not improve.
4688000 1.1816422939300537 0.052503463 0.05237207
Checkpoint not saved at epoch 4689000, loss did not improve.
4689000 1.1981370449066162 0.052685738 0.0529352
Checkpoint not saved at epoch 4690000, loss did not improve.
4690000 1.2828338146209717 0.053593118 0.054423388
Checkpoint not saved at epoch 4691000, loss did not improve.
4691000 1.2228881120681763 0.052955747 0.054822482
Checkpoint not saved at epoch 4692000, loss did not improve.
4692000 1.2115083932876587 0.05283212 0.052884933
Checkpoint not saved at epoch 4693000, loss did not improve.
4693000 1.3162508010864258 0.053938776 0.0518893
Checkpoint not saved at epoch 4694000, loss did not improve.
4694000 1.0844175815582275 0.051388457 0.051028296
Checkpoint not saved at epoch 4695000, loss did not improve.
4695000 1.3893238306045532 0.054672293 0.058520705
Checkpoint not saved at epoch 4696000, loss did not improve.
4696000 1.1567879915237427 0.052225173 0.05295532
Checkpoint not saved at epoch 4697000, loss did not improve.
4697000 1.0877385139465332 0.051427756 0.050686885
Checkpoint not saved at epoch 4698000, loss did not improve.
4698000 1.2727725505828857 0.053487726 0.05445381
Checkpoint not saved at epoch 4699000, loss did not improve.
4699000 1.1555999517440796 0.052211754 0.053316325
Checkpoint not saved at epoch 4700000, loss did not improve.
4700000 1.265674114227295 0.053412993 0.05123339
Checkpoint not saved at epoch 4701000, loss did not improve.
4701000 1.1125441789627075 0.051718477 0.050872
Checkpoint not saved at epoch 4702000, loss did not improve.
4702000 1.2203574180603027 0.05292833 0.050234426
Checkpoint not saved at epoch 4703000, loss did not improve.
4703000 1.2520521879196167 0.053268693 0.0544044
Checkpoint not saved at epoch 4704000, loss did not improve.
4704000 1.1508829593658447 0.052158397 0.05213771
Checkpoint not saved at epoch 4705000, loss did not improve.
4705000 1.1331716775894165 0.051956553 0.052991953
Checkpoint not saved at epoch 4706000, loss did not improve.
4706000 1.0882495641708374 0.05143379 0.051986665
Checkpoint not saved at epoch 4707000, loss did not improve.
4707000 1.2434988021850586 0.05317748 0.05634108
Checkpoint not saved at epoch 4708000, loss did not improve.
4708000 1.5139583349227905 0.055859227 0.05718393
Checkpoint not saved at epoch 4709000, loss did not improve.
4709000 1.1442152261734009 0.052082684 0.056491684
Checkpoint not saved at epoch 4710000, loss did not improve.
4710000 1.2643948793411255 0.05339949 0.05637802
Checkpoint not saved at epoch 4711000, loss did not improve.
4711000 1.7185821533203125 0.05765792 0.05285428
Checkpoint not saved at epoch 4712000, loss did not improve.
4712000 1.0806334018707275 0.051343568 0.051377844
Checkpoint not saved at epoch 4713000, loss did not improve.
4713000 1.2396985292434692 0.05313681 0.058296453
Checkpoint not saved at epoch 4714000, loss did not improve.
4714000 1.184209942817688 0.05253196 0.050694644
Checkpoint not saved at epoch 4715000, loss did not improve.
4715000 1.1321866512298584 0.05194526 0.051397856
Checkpoint not saved at epoch 4716000, loss did not improve.
4716000 1.191830039024353 0.052616265 0.052363798
Checkpoint not saved at epoch 4717000, loss did not improve.
4717000 1.07086181640625 0.051227104 0.05070958
Checkpoint not saved at epoch 4718000, loss did not improve.
4718000 1.7186105251312256 0.057658162 0.056817517
Checkpoint not saved at epoch 4719000, loss did not improve.
4719000 1.1173382997512817 0.051774107 0.050794456
Checkpoint not saved at epoch 4720000, loss did not improve.
4720000 1.1579519510269165 0.052238304 0.052390017
Checkpoint not saved at epoch 4721000, loss did not improve.
4721000 1.0880197286605835 0.051431075 0.051935043
Checkpoint not saved at epoch 4722000, loss did not improve.
4722000 1.2123602628707886 0.052841406 0.052694798
Checkpoint not saved at epoch 4723000, loss did not improve.
4723000 1.3145909309387207 0.05392176 0.050703216
Checkpoint not saved at epoch 4724000, loss did not improve.
4724000 1.1394556760787964 0.05202844 0.05488907
Checkpoint not saved at epoch 4725000, loss did not improve.
4725000 1.4421100616455078 0.05518436 0.05788141
Checkpoint not saved at epoch 4726000, loss did not improve.
4726000 1.091485857963562 0.05147199 0.05303092
Checkpoint not saved at epoch 4727000, loss did not improve.
4727000 1.319569706916809 0.053972743 0.05036289
Checkpoint not saved at epoch 4728000, loss did not improve.
4728000 1.1236103773117065 0.05184661 0.05118181
Checkpoint not saved at epoch 4729000, loss did not improve.
4729000 1.317578673362732 0.053952374 0.056582447
Checkpoint not saved at epoch 4730000, loss did not improve.
4730000 1.1120458841323853 0.051712688 0.050978377
Checkpoint not saved at epoch 4731000, loss did not improve.
4731000 1.101298213005066 0.051587284 0.051576503
Checkpoint not saved at epoch 4732000, loss did not improve.
4732000 3.281304359436035 0.06777633 0.059224963
Checkpoint not saved at epoch 4733000, loss did not improve.
4733000 1.2075592279434204 0.052789014 0.05318101
Checkpoint not saved at epoch 4734000, loss did not improve.
4734000 1.5094937086105347 0.055817995 0.060702767
Checkpoint not saved at epoch 4735000, loss did not improve.
4735000 1.108162760734558 0.051667485 0.05206515
Checkpoint not saved at epoch 4736000, loss did not improve.
4736000 1.2703276872634888 0.053462017 0.055921365
Checkpoint not saved at epoch 4737000, loss did not improve.
4737000 1.2303519248962402 0.053036366 0.056641847
Checkpoint not saved at epoch 4738000, loss did not improve.
4738000 1.7599135637283325 0.058001503 0.05259369
Checkpoint not saved at epoch 4739000, loss did not improve.
4739000 1.418641209602356 0.05495846 0.059664465
Checkpoint not saved at epoch 4740000, loss did not improve.
4740000 1.3668667078018188 0.054450013 0.052960504
Checkpoint not saved at epoch 4741000, loss did not improve.
4741000 1.2105977535247803 0.052822184 0.05061518
Checkpoint not saved at epoch 4742000, loss did not improve.
4742000 1.2364323139190674 0.05310177 0.050732426
Checkpoint not saved at epoch 4743000, loss did not improve.
4743000 1.1386299133300781 0.052019008 0.053197455
Checkpoint not saved at epoch 4744000, loss did not improve.
4744000 1.1153110265731812 0.051750604 0.051501308
Checkpoint not saved at epoch 4745000, loss did not improve.
4745000 1.3180971145629883 0.05395768 0.051045537
Checkpoint not saved at epoch 4746000, loss did not improve.
4746000 1.4715967178344727 0.055464312 0.05684855
Checkpoint not saved at epoch 4747000, loss did not improve.
4747000 1.2964974641799927 0.05373526 0.05984188
Checkpoint not saved at epoch 4748000, loss did not improve.
4748000 1.2063521146774292 0.052775815 0.05542
Checkpoint not saved at epoch 4749000, loss did not improve.
4749000 1.2300724983215332 0.053033356 0.057802785
Checkpoint not saved at epoch 4750000, loss did not improve.
4750000 1.2537469863891602 0.053286705 0.051836774
Checkpoint not saved at epoch 4751000, loss did not improve.
4751000 1.0873563289642334 0.051423237 0.05217879
Checkpoint not saved at epoch 4752000, loss did not improve.
4752000 1.4822437763214111 0.055564363 0.054260086
Checkpoint not saved at epoch 4753000, loss did not improve.
4753000 1.0723810195922852 0.05124526 0.053993177
Checkpoint not saved at epoch 4754000, loss did not improve.
4754000 1.073138952255249 0.05125431 0.05500564
Checkpoint not saved at epoch 4755000, loss did not improve.
4755000 1.35432767868042 0.0543247 0.059251033
Saving checkpoint at epoch 4756000 with improved loss: 1.0669472217559814
Model checkpoint saved at epoch 4756000, batch 1
4756000 1.061142086982727 0.051110465 0.05283807
Checkpoint not saved at epoch 4757000, loss did not improve.
4757000 1.1624053716659546 0.052288458 0.051273383
Checkpoint not saved at epoch 4758000, loss did not improve.
4758000 1.5642955303192139 0.05631786 0.05563713
Checkpoint not saved at epoch 4759000, loss did not improve.
4759000 1.192336082458496 0.052621853 0.052068736
Checkpoint not saved at epoch 4760000, loss did not improve.
4760000 1.393290638923645 0.05471128 0.054591123
Checkpoint not saved at epoch 4761000, loss did not improve.
4761000 1.1909351348876953 0.052606385 0.057395853
Checkpoint not saved at epoch 4762000, loss did not improve.
4762000 1.5070691108703613 0.05579557 0.050535265
Checkpoint not saved at epoch 4763000, loss did not improve.
4763000 1.3471710681915283 0.0542528 0.050718922
Checkpoint not saved at epoch 4764000, loss did not improve.
4764000 1.324825406074524 0.05402641 0.05891718
Checkpoint not saved at epoch 4765000, loss did not improve.
4765000 1.0963431596755981 0.05152916 0.055882797
Checkpoint not saved at epoch 4766000, loss did not improve.
4766000 1.208999752998352 0.05280475 0.051837254
Checkpoint not saved at epoch 4767000, loss did not improve.
4767000 1.5635976791381836 0.056311578 0.057290792
Checkpoint not saved at epoch 4768000, loss did not improve.
4768000 1.1771374940872192 0.05245335 0.054834288
Checkpoint not saved at epoch 4769000, loss did not improve.
4769000 1.1563386917114258 0.052220102 0.05303724
Checkpoint not saved at epoch 4770000, loss did not improve.
4770000 1.2058560848236084 0.052770387 0.052637544
Checkpoint not saved at epoch 4771000, loss did not improve.
4771000 1.2651499509811401 0.053407457 0.054304443
Checkpoint not saved at epoch 4772000, loss did not improve.
4772000 1.35316801071167 0.05431307 0.055598635
Checkpoint not saved at epoch 4773000, loss did not improve.
4773000 2.1213200092315674 0.06077402 0.05968855
Checkpoint not saved at epoch 4774000, loss did not improve.
4774000 1.6919169425964355 0.05743296 0.062063925
Checkpoint not saved at epoch 4775000, loss did not improve.
4775000 1.1410865783691406 0.052047048 0.05624137
Checkpoint not saved at epoch 4776000, loss did not improve.
4776000 1.109402060508728 0.051681925 0.056856092
Checkpoint not saved at epoch 4777000, loss did not improve.
4777000 1.2095465660095215 0.05281072 0.057301626
Checkpoint not saved at epoch 4778000, loss did not improve.
4778000 1.3180434703826904 0.05395713 0.05655501
Checkpoint not saved at epoch 4779000, loss did not improve.
4779000 1.6074352264404297 0.056702185 0.062003013
Checkpoint not saved at epoch 4780000, loss did not improve.
4780000 1.2749494314193726 0.053510584 0.054458007
Checkpoint not saved at epoch 4781000, loss did not improve.
4781000 1.2322770357131958 0.053057104 0.050956182
Checkpoint not saved at epoch 4782000, loss did not improve.
4782000 1.254774808883667 0.053297628 0.05753408
Checkpoint not saved at epoch 4783000, loss did not improve.
4783000 2.8748974800109863 0.06557254 0.07133102
Checkpoint not saved at epoch 4784000, loss did not improve.
4784000 1.227016806602478 0.053000394 0.057089515
Checkpoint not saved at epoch 4785000, loss did not improve.
4785000 1.4455033540725708 0.055216797 0.058541577
Checkpoint not saved at epoch 4786000, loss did not improve.
4786000 1.0703816413879395 0.051221356 0.05799658
Saving checkpoint at epoch 4787000 with improved loss: 1.0499383211135864
Model checkpoint saved at epoch 4787000, batch 1
4787000 1.054244875907898 0.051027205 0.053106982
Checkpoint not saved at epoch 4788000, loss did not improve.
4788000 1.3662430047988892 0.054443795 0.05251701
Checkpoint not saved at epoch 4789000, loss did not improve.
4789000 1.1906031370162964 0.052602716 0.053042408
Checkpoint not saved at epoch 4790000, loss did not improve.
4790000 1.8534239530563354 0.058757067 0.061968185
Checkpoint not saved at epoch 4791000, loss did not improve.
4791000 1.5350440740585327 0.05605271 0.063910484
Checkpoint not saved at epoch 4792000, loss did not improve.
4792000 1.2360154390335083 0.053097297 0.052969746
Checkpoint not saved at epoch 4793000, loss did not improve.
4793000 1.1075602769851685 0.051660456 0.056575745
Checkpoint not saved at epoch 4794000, loss did not improve.
4794000 2.606541633605957 0.063985646 0.06240133
Checkpoint not saved at epoch 4795000, loss did not improve.
4795000 1.5865001678466797 0.056516655 0.06209219
Checkpoint not saved at epoch 4796000, loss did not improve.
4796000 1.1000099182128906 0.05157219 0.053211242
Checkpoint not saved at epoch 4797000, loss did not improve.
4797000 1.1208010911941528 0.051814172 0.05285252
Checkpoint not saved at epoch 4798000, loss did not improve.
4798000 1.1808741092681885 0.052494925 0.055343483
Checkpoint not saved at epoch 4799000, loss did not improve.
4799000 1.3395427465438843 0.054175828 0.050566442
Checkpoint not saved at epoch 4800000, loss did not improve.
4800000 1.1925681829452515 0.05262441 0.0505484
Checkpoint not saved at epoch 4801000, loss did not improve.
4801000 1.2665557861328125 0.05342229 0.050983198
Checkpoint not saved at epoch 4802000, loss did not improve.
4802000 1.2530673742294312 0.05327949 0.0522627
Saving checkpoint at epoch 4803000 with improved loss: 1.045637845993042
Model checkpoint saved at epoch 4803000, batch 1
4803000 1.0440300703048706 0.050903153 0.052726332
Checkpoint not saved at epoch 4804000, loss did not improve.
4804000 1.2840684652328491 0.053606007 0.05243922
Checkpoint not saved at epoch 4805000, loss did not improve.
4805000 1.2601326704025269 0.053354427 0.058702238
Checkpoint not saved at epoch 4806000, loss did not improve.
4806000 1.1420224905014038 0.052057717 0.052323576
Checkpoint not saved at epoch 4807000, loss did not improve.
4807000 1.0904786586761475 0.05146011 0.051100276
Checkpoint not saved at epoch 4808000, loss did not improve.
4808000 1.0993653535842896 0.051564634 0.05133541
Checkpoint not saved at epoch 4809000, loss did not improve.
4809000 1.2242940664291382 0.052970964 0.052570228
Checkpoint not saved at epoch 4810000, loss did not improve.
4810000 1.1935046911239624 0.052634742 0.050756022
Checkpoint not saved at epoch 4811000, loss did not improve.
4811000 1.0796654224395752 0.05133206 0.053203348
Checkpoint not saved at epoch 4812000, loss did not improve.
4812000 1.6290624141693115 0.05689196 0.052552667
Checkpoint not saved at epoch 4813000, loss did not improve.
4813000 1.0457125902175903 0.05092365 0.052866027
Checkpoint not saved at epoch 4814000, loss did not improve.
4814000 1.2108148336410522 0.05282456 0.056728415
Checkpoint not saved at epoch 4815000, loss did not improve.
4815000 1.1595757007598877 0.052256607 0.055178266
Checkpoint not saved at epoch 4816000, loss did not improve.
4816000 1.222133755683899 0.052947577 0.056820493
Checkpoint not saved at epoch 4817000, loss did not improve.
4817000 1.1129943132400513 0.05172371 0.055200595
Checkpoint not saved at epoch 4818000, loss did not improve.
4818000 1.0856722593307495 0.05140331 0.054724295
Checkpoint not saved at epoch 4819000, loss did not improve.
4819000 1.1235599517822266 0.051846027 0.05578779
Checkpoint not saved at epoch 4820000, loss did not improve.
4820000 1.3713610172271729 0.054494716 0.056075387
Checkpoint not saved at epoch 4821000, loss did not improve.
4821000 1.0943248271942139 0.051505424 0.05321883
Saving checkpoint at epoch 4822000 with improved loss: 1.0447443723678589
Model checkpoint saved at epoch 4822000, batch 1
4822000 1.0637987852096558 0.051142424 0.053552803
Checkpoint not saved at epoch 4823000, loss did not improve.
4823000 1.2646894454956055 0.0534026 0.058551367
Checkpoint not saved at epoch 4824000, loss did not improve.
4824000 1.3385615348815918 0.054165903 0.06301197
Checkpoint not saved at epoch 4825000, loss did not improve.
4825000 9.855854988098145 0.08922571 0.10269953
Checkpoint not saved at epoch 4826000, loss did not improve.
4826000 1.0536870956420898 0.051020455 0.05723441
Checkpoint not saved at epoch 4827000, loss did not improve.
4827000 1.1318795680999756 0.051941738 0.055457793
Checkpoint not saved at epoch 4828000, loss did not improve.
4828000 1.134172797203064 0.051968027 0.061071526
Checkpoint not saved at epoch 4829000, loss did not improve.
4829000 1.3467000722885132 0.05424805 0.054336157
Checkpoint not saved at epoch 4830000, loss did not improve.
4830000 1.1161911487579346 0.051760808 0.057194278
Checkpoint not saved at epoch 4831000, loss did not improve.
4831000 1.0824633836746216 0.051365286 0.053439874
Checkpoint not saved at epoch 4832000, loss did not improve.
4832000 1.4688488245010376 0.055438403 0.05224429
Checkpoint not saved at epoch 4833000, loss did not improve.
4833000 1.6969976425170898 0.05747603 0.060485292
Checkpoint not saved at epoch 4834000, loss did not improve.
4834000 1.3036714792251587 0.053809438 0.05288951
Checkpoint not saved at epoch 4835000, loss did not improve.
4835000 1.2203624248504639 0.05292838 0.05098361
Checkpoint not saved at epoch 4836000, loss did not improve.
4836000 1.1476290225982666 0.052121487 0.052931193
Checkpoint not saved at epoch 4837000, loss did not improve.
4837000 1.0578912496566772 0.05107127 0.05467207
Checkpoint not saved at epoch 4838000, loss did not improve.
4838000 1.11463463306427 0.05174276 0.050706822
Checkpoint not saved at epoch 4839000, loss did not improve.
4839000 1.0967308282852173 0.051533714 0.052144434
Checkpoint not saved at epoch 4840000, loss did not improve.
4840000 1.0494935512542725 0.05096962 0.05500232
Checkpoint not saved at epoch 4841000, loss did not improve.
4841000 1.086586594581604 0.051414132 0.05432893
Checkpoint not saved at epoch 4842000, loss did not improve.
4842000 1.256011724472046 0.05331076 0.05714594
Checkpoint not saved at epoch 4843000, loss did not improve.
4843000 1.094167709350586 0.05150358 0.053994123
Checkpoint not saved at epoch 4844000, loss did not improve.
4844000 1.0693775415420532 0.051209338 0.05329711
Checkpoint not saved at epoch 4845000, loss did not improve.
4845000 1.1105635166168213 0.051695444 0.054699544
Checkpoint not saved at epoch 4846000, loss did not improve.
4846000 1.3936697244644165 0.054715 0.05447647
Checkpoint not saved at epoch 4847000, loss did not improve.
4847000 1.2521079778671265 0.05326929 0.056695346
Checkpoint not saved at epoch 4848000, loss did not improve.
4848000 1.6455799341201782 0.05703562 0.058417395
Checkpoint not saved at epoch 4849000, loss did not improve.
4849000 1.069104552268982 0.05120607 0.052054625
Checkpoint not saved at epoch 4850000, loss did not improve.
4850000 1.2903043031692505 0.053670973 0.053766623
Checkpoint not saved at epoch 4851000, loss did not improve.
4851000 1.3048158884048462 0.053821247 0.051659293
Checkpoint not saved at epoch 4852000, loss did not improve.
4852000 1.0653635263442993 0.051161215 0.05267273
Checkpoint not saved at epoch 4853000, loss did not improve.
4853000 1.1982290744781494 0.052686747 0.05474923
Checkpoint not saved at epoch 4854000, loss did not improve.
4854000 1.4855438470840454 0.055595264 0.051947307
Checkpoint not saved at epoch 4855000, loss did not improve.
4855000 1.1427332162857056 0.052065812 0.05122166
Checkpoint not saved at epoch 4856000, loss did not improve.
4856000 1.1535658836364746 0.052188765 0.05576771
Checkpoint not saved at epoch 4857000, loss did not improve.
4857000 1.1743988990783691 0.052422818 0.053432062
Checkpoint not saved at epoch 4858000, loss did not improve.
4858000 1.086652159690857 0.051414907 0.0521162
Checkpoint not saved at epoch 4859000, loss did not improve.
4859000 1.3626790046691895 0.054408256 0.05346588
Checkpoint not saved at epoch 4860000, loss did not improve.
4860000 1.1693567037582397 0.052366454 0.050716586
Checkpoint not saved at epoch 4861000, loss did not improve.
4861000 1.3052947521209717 0.053826187 0.053573824
Checkpoint not saved at epoch 4862000, loss did not improve.
4862000 1.4319249391555786 0.05508667 0.052732736
Checkpoint not saved at epoch 4863000, loss did not improve.
4863000 1.3541333675384521 0.054322753 0.0532599
Checkpoint not saved at epoch 4864000, loss did not improve.
4864000 1.1623300313949585 0.052287612 0.05357554
Checkpoint not saved at epoch 4865000, loss did not improve.
4865000 1.1397794485092163 0.05203214 0.05379538
Checkpoint not saved at epoch 4866000, loss did not improve.
4866000 1.3912361860275269 0.0546911 0.05566263
Checkpoint not saved at epoch 4867000, loss did not improve.
4867000 1.430985450744629 0.05507763 0.054131467
Checkpoint not saved at epoch 4868000, loss did not improve.
4868000 1.0475053787231445 0.05094546 0.054036092
Checkpoint not saved at epoch 4869000, loss did not improve.
4869000 1.2372552156448364 0.053110603 0.055305734
Checkpoint not saved at epoch 4870000, loss did not improve.
4870000 1.0679559707641602 0.051192313 0.051576674
Checkpoint not saved at epoch 4871000, loss did not improve.
4871000 1.4485565423965454 0.055245932 0.05677972
Checkpoint not saved at epoch 4872000, loss did not improve.
4872000 1.2440294027328491 0.053183153 0.054790836
Checkpoint not saved at epoch 4873000, loss did not improve.
4873000 1.3004354238510132 0.05377602 0.05821627
Checkpoint not saved at epoch 4874000, loss did not improve.
4874000 1.3152669668197632 0.053928696 0.054396402
Checkpoint not saved at epoch 4875000, loss did not improve.
4875000 1.4842851161956787 0.055583484 0.05827251
Checkpoint not saved at epoch 4876000, loss did not improve.
4876000 1.445068359375 0.055212643 0.055719655
Checkpoint not saved at epoch 4877000, loss did not improve.
4877000 1.061423897743225 0.05111385 0.05243812
Checkpoint not saved at epoch 4878000, loss did not improve.
4878000 1.8542362451553345 0.0587635 0.056238208
Checkpoint not saved at epoch 4879000, loss did not improve.
4879000 2.356525182723999 0.062392794 0.05225465
Checkpoint not saved at epoch 4880000, loss did not improve.
4880000 1.1153223514556885 0.051750734 0.05240535
Checkpoint not saved at epoch 4881000, loss did not improve.
4881000 1.0633513927459717 0.051137045 0.052638136
Checkpoint not saved at epoch 4882000, loss did not improve.
4882000 1.7700411081314087 0.05808477 0.06130749
Checkpoint not saved at epoch 4883000, loss did not improve.
4883000 1.1424617767333984 0.052062716 0.053629644
Checkpoint not saved at epoch 4884000, loss did not improve.
4884000 1.5739598274230957 0.05640464 0.057573173
Checkpoint not saved at epoch 4885000, loss did not improve.
4885000 1.1808689832687378 0.05249487 0.051397
Checkpoint not saved at epoch 4886000, loss did not improve.
4886000 1.1134037971496582 0.05172847 0.050307762
Checkpoint not saved at epoch 4887000, loss did not improve.
4887000 1.5393081903457642 0.056091595 0.05292914
Checkpoint not saved at epoch 4888000, loss did not improve.
4888000 1.071820855140686 0.051238574 0.05183922
Checkpoint not saved at epoch 4889000, loss did not improve.
4889000 1.4020735025405884 0.054797295 0.05705927
Saving checkpoint at epoch 4890000 with improved loss: 1.032894253730774
Model checkpoint saved at epoch 4890000, batch 1
4890000 1.0322033166885376 0.050758377 0.05275434
Checkpoint not saved at epoch 4891000, loss did not improve.
4891000 1.0857313871383667 0.051404014 0.053678755
Checkpoint not saved at epoch 4892000, loss did not improve.
4892000 1.0418760776519775 0.050876874 0.05181072
Checkpoint not saved at epoch 4893000, loss did not improve.
4893000 1.0320422649383545 0.050756402 0.05165257
Checkpoint not saved at epoch 4894000, loss did not improve.
4894000 1.292454481124878 0.053693317 0.05224988
Checkpoint not saved at epoch 4895000, loss did not improve.
4895000 1.0307801961898804 0.05074087 0.051579874
Checkpoint not saved at epoch 4896000, loss did not improve.
4896000 1.0741287469863892 0.051266126 0.05311763
Checkpoint not saved at epoch 4897000, loss did not improve.
4897000 1.0386879444122314 0.05083791 0.051971488
Checkpoint not saved at epoch 4898000, loss did not improve.
4898000 1.701432228088379 0.05751354 0.05905684
Checkpoint not saved at epoch 4899000, loss did not improve.
4899000 1.1765389442443848 0.052446682 0.050665382
Checkpoint not saved at epoch 4900000, loss did not improve.
4900000 1.1027157306671143 0.051603876 0.050966784
Checkpoint not saved at epoch 4901000, loss did not improve.
4901000 1.0501439571380615 0.05097751 0.05055463
Checkpoint not saved at epoch 4902000, loss did not improve.
4902000 1.2836087942123413 0.05360121 0.053806458
Checkpoint not saved at epoch 4903000, loss did not improve.
4903000 1.187083125114441 0.052563794 0.05045027
Checkpoint not saved at epoch 4904000, loss did not improve.
4904000 1.232889175415039 0.053063683 0.05249587
Checkpoint not saved at epoch 4905000, loss did not improve.
4905000 1.1853001117706299 0.05254405 0.052829415
Checkpoint not saved at epoch 4906000, loss did not improve.
4906000 1.087504267692566 0.051424984 0.05022852
Checkpoint not saved at epoch 4907000, loss did not improve.
4907000 1.0827852487564087 0.05136911 0.05169662
Checkpoint not saved at epoch 4908000, loss did not improve.
4908000 1.2211318016052246 0.052936725 0.052462503
Checkpoint not saved at epoch 4909000, loss did not improve.
4909000 1.0435611009597778 0.050897438 0.050251044
Checkpoint not saved at epoch 4910000, loss did not improve.
4910000 1.0770025253295898 0.051300384 0.050317496
Checkpoint not saved at epoch 4911000, loss did not improve.
4911000 1.1122297048568726 0.051714826 0.05166013
Checkpoint not saved at epoch 4912000, loss did not improve.
4912000 2.5171689987182617 0.063429974 0.06471373
Checkpoint not saved at epoch 4913000, loss did not improve.
4913000 1.0464816093444824 0.050933007 0.051614817
Checkpoint not saved at epoch 4914000, loss did not improve.
4914000 1.3354209661483765 0.054134108 0.051796284
Checkpoint not saved at epoch 4915000, loss did not improve.
4915000 1.8760602474212646 0.058935653 0.05328735
Checkpoint not saved at epoch 4916000, loss did not improve.
4916000 1.0658559799194336 0.05116713 0.05156321
Checkpoint not saved at epoch 4917000, loss did not improve.
4917000 1.1124032735824585 0.05171684 0.04929946
Checkpoint not saved at epoch 4918000, loss did not improve.
4918000 1.3339446783065796 0.05411914 0.05425005
Checkpoint not saved at epoch 4919000, loss did not improve.
4919000 1.7454197406768799 0.057881717 0.0539366
Checkpoint not saved at epoch 4920000, loss did not improve.
4920000 1.071047067642212 0.051229317 0.050897162
Checkpoint not saved at epoch 4921000, loss did not improve.
4921000 1.1912682056427002 0.052610062 0.05095127
Checkpoint not saved at epoch 4922000, loss did not improve.
4922000 1.0600345134735107 0.051097117 0.05146015
Checkpoint not saved at epoch 4923000, loss did not improve.
4923000 1.058961272239685 0.051084183 0.05098875
Checkpoint not saved at epoch 4924000, loss did not improve.
4924000 1.2179241180419922 0.052901927 0.05257849
Checkpoint not saved at epoch 4925000, loss did not improve.
4925000 1.2552486658096313 0.053302653 0.051920846
Checkpoint not saved at epoch 4926000, loss did not improve.
4926000 1.216850757598877 0.052890267 0.054689072
Checkpoint not saved at epoch 4927000, loss did not improve.
4927000 1.454651951789856 0.055303957 0.056489345
Checkpoint not saved at epoch 4928000, loss did not improve.
4928000 1.420003890991211 0.054971654 0.05333692
Checkpoint not saved at epoch 4929000, loss did not improve.
4929000 1.094520092010498 0.051507723 0.055045374
Checkpoint not saved at epoch 4930000, loss did not improve.
4930000 1.14837646484375 0.05212997 0.05467145
Checkpoint not saved at epoch 4931000, loss did not improve.
4931000 1.3052061796188354 0.05382527 0.057002485
Checkpoint not saved at epoch 4932000, loss did not improve.
4932000 1.254959225654602 0.05329958 0.054876905
Checkpoint not saved at epoch 4933000, loss did not improve.
4933000 1.1059415340423584 0.051641576 0.051859617
Checkpoint not saved at epoch 4934000, loss did not improve.
4934000 1.3584877252578735 0.05436637 0.056174636
Checkpoint not saved at epoch 4935000, loss did not improve.
4935000 1.0505131483078003 0.050981987 0.051838897
Checkpoint not saved at epoch 4936000, loss did not improve.
4936000 1.2410364151000977 0.053151134 0.053348128
Saving checkpoint at epoch 4937000 with improved loss: 1.0322662591934204
Model checkpoint saved at epoch 4937000, batch 1
4937000 1.032357096672058 0.050760265 0.05137916
Checkpoint not saved at epoch 4938000, loss did not improve.
4938000 1.1154006719589233 0.05175164 0.054031853
Checkpoint not saved at epoch 4939000, loss did not improve.
4939000 1.0597769021987915 0.051094014 0.051593095
Checkpoint not saved at epoch 4940000, loss did not improve.
4940000 1.3641202449798584 0.05442264 0.054667413
Checkpoint not saved at epoch 4941000, loss did not improve.
4941000 1.2294704914093018 0.053026866 0.054807853
Checkpoint not saved at epoch 4942000, loss did not improve.
4942000 1.5959445238113403 0.056600578 0.055316895
Checkpoint not saved at epoch 4943000, loss did not improve.
4943000 1.0845885276794434 0.051390484 0.051092394
Checkpoint not saved at epoch 4944000, loss did not improve.
4944000 1.238059639930725 0.053119235 0.053602833
Checkpoint not saved at epoch 4945000, loss did not improve.
4945000 1.5946342945098877 0.05658896 0.060060974
Checkpoint not saved at epoch 4946000, loss did not improve.
4946000 1.1395840644836426 0.052029904 0.05333362
Checkpoint not saved at epoch 4947000, loss did not improve.
4947000 1.0674604177474976 0.051186375 0.05294795
Checkpoint not saved at epoch 4948000, loss did not improve.
4948000 2.0855941772460938 0.060516514 0.05678933
Checkpoint not saved at epoch 4949000, loss did not improve.
4949000 1.3161293268203735 0.05393753 0.05533798
Checkpoint not saved at epoch 4950000, loss did not improve.
4950000 1.1692332029342651 0.052365076 0.05211544
Checkpoint not saved at epoch 4951000, loss did not improve.
4951000 1.2030963897705078 0.05274017 0.052474897
Checkpoint not saved at epoch 4952000, loss did not improve.
4952000 1.1543657779693604 0.05219781 0.052411392
Checkpoint not saved at epoch 4953000, loss did not improve.
4953000 1.1973810195922852 0.052677423 0.05022526
Checkpoint not saved at epoch 4954000, loss did not improve.
4954000 1.2340307235717773 0.053075965 0.05644658
Checkpoint not saved at epoch 4955000, loss did not improve.
4955000 1.1397335529327393 0.052031606 0.05295155
Checkpoint not saved at epoch 4956000, loss did not improve.
4956000 1.0959622859954834 0.05152468 0.05086997
Checkpoint not saved at epoch 4957000, loss did not improve.
4957000 1.1124885082244873 0.05171783 0.052193377
Checkpoint not saved at epoch 4958000, loss did not improve.
4958000 1.2293637990951538 0.053025715 0.05306954
Checkpoint not saved at epoch 4959000, loss did not improve.
4959000 1.1807605028152466 0.05249366 0.055776764
Checkpoint not saved at epoch 4960000, loss did not improve.
4960000 1.2835191488265991 0.053600278 0.056839727
Checkpoint not saved at epoch 4961000, loss did not improve.
4961000 1.1642903089523315 0.052309643 0.056948546
Checkpoint not saved at epoch 4962000, loss did not improve.
4962000 1.2789150476455688 0.05355214 0.053646106
Checkpoint not saved at epoch 4963000, loss did not improve.
4963000 1.140663504600525 0.05204222 0.050988648
Checkpoint not saved at epoch 4964000, loss did not improve.
4964000 1.188652753829956 0.052581158 0.052633647
Checkpoint not saved at epoch 4965000, loss did not improve.
4965000 1.026017427444458 0.050682157 0.05116853
Checkpoint not saved at epoch 4966000, loss did not improve.
4966000 1.2952907085418701 0.05372275 0.051269293
Checkpoint not saved at epoch 4967000, loss did not improve.
4967000 1.1988706588745117 0.0526938 0.051798265
Checkpoint not saved at epoch 4968000, loss did not improve.
4968000 1.2917084693908691 0.053685565 0.056111358
Checkpoint not saved at epoch 4969000, loss did not improve.
4969000 1.0494803190231323 0.05096946 0.051577847
Checkpoint not saved at epoch 4970000, loss did not improve.
4970000 1.0891114473342896 0.051443975 0.050463963
Checkpoint not saved at epoch 4971000, loss did not improve.
4971000 1.0456907749176025 0.05092338 0.051073007
Checkpoint not saved at epoch 4972000, loss did not improve.
4972000 1.0904253721237183 0.051459488 0.051895317
Checkpoint not saved at epoch 4973000, loss did not improve.
4973000 1.1056550741195679 0.051638227 0.050301027
Checkpoint not saved at epoch 4974000, loss did not improve.
4974000 1.2142529487609863 0.052862015 0.05280171
Checkpoint not saved at epoch 4975000, loss did not improve.
4975000 1.2958298921585083 0.053728342 0.053389676
Checkpoint not saved at epoch 4976000, loss did not improve.
4976000 1.0698190927505493 0.051214624 0.050552625
Checkpoint not saved at epoch 4977000, loss did not improve.
4977000 1.078293800354004 0.05131575 0.051468153
Checkpoint not saved at epoch 4978000, loss did not improve.
4978000 1.1757441759109497 0.05243782 0.05250408
Checkpoint not saved at epoch 4979000, loss did not improve.
4979000 1.0356853008270264 0.050801132 0.050342787
Checkpoint not saved at epoch 4980000, loss did not improve.
4980000 1.1981215476989746 0.052685566 0.053126052
Checkpoint not saved at epoch 4981000, loss did not improve.
4981000 1.098713994026184 0.051556993 0.05051885
Checkpoint not saved at epoch 4982000, loss did not improve.
4982000 1.1070846319198608 0.051654913 0.050968196
Checkpoint not saved at epoch 4983000, loss did not improve.
4983000 1.3186827898025513 0.053963672 0.049760934
Checkpoint not saved at epoch 4984000, loss did not improve.
4984000 1.3097785711288452 0.053872343 0.051852718
Checkpoint not saved at epoch 4985000, loss did not improve.
4985000 1.6847227811813354 0.057371803 0.058323268
Checkpoint not saved at epoch 4986000, loss did not improve.
4986000 1.0395071506500244 0.050847933 0.049912047
Checkpoint not saved at epoch 4987000, loss did not improve.
4987000 1.2047958374023438 0.052758783 0.053736087
Checkpoint not saved at epoch 4988000, loss did not improve.
4988000 1.1713194847106934 0.052388415 0.05065928
Checkpoint not saved at epoch 4989000, loss did not improve.
4989000 1.0357192754745483 0.050801545 0.05081791
Checkpoint not saved at epoch 4990000, loss did not improve.
4990000 1.3742985725402832 0.054523874 0.050342456
Checkpoint not saved at epoch 4991000, loss did not improve.
4991000 1.0353469848632812 0.050796982 0.050216448
Checkpoint not saved at epoch 4992000, loss did not improve.
4992000 1.0722986459732056 0.05124428 0.052657228
Checkpoint not saved at epoch 4993000, loss did not improve.
4993000 1.1682682037353516 0.052354265 0.0523779
Checkpoint not saved at epoch 4994000, loss did not improve.
4994000 1.1582969427108765 0.052242193 0.050771166
Checkpoint not saved at epoch 4995000, loss did not improve.
4995000 1.247868299484253 0.053224135 0.056130983
Checkpoint not saved at epoch 4996000, loss did not improve.
4996000 1.129628300666809 0.05191589 0.054142434
Checkpoint not saved at epoch 4997000, loss did not improve.
4997000 1.2050836086273193 0.052761935 0.050000884
Checkpoint not saved at epoch 4998000, loss did not improve.
4998000 1.122694730758667 0.051836044 0.049675494
Checkpoint not saved at epoch 4999000, loss did not improve.
4999000 1.4221996068954468 0.054992896 0.05478909
Checkpoint not saved at epoch 5000000, loss did not improve.
Model saved to trained_model.pth
