1, 1.001261711120605
1001, 0.947249650955200
2001, 0.915245175361633
3001, 0.851319372653961
4001, 0.754488587379456
5001, 0.617321431636810
6001, 0.488390594720840
7001, 0.416555166244507
8001, 0.364818811416626
9001, 0.327581852674484
10001, 0.304296463727951
11001, 0.288078010082245
12001, 0.274002194404602
13001, 0.261007189750671
14001, 0.248887628316879
15001, 0.237587094306946
16001, 0.227209627628326
17001, 0.217711403965950
18001, 0.209263056516647
19001, 0.201694950461388
20001, 0.194875746965408
21001, 0.188879683613777
22001, 0.183418065309525
23001, 0.178816378116608
24001, 0.174412921071053
25001, 0.170774102210999
26001, 0.167423203587532
27001, 0.164426267147064
28001, 0.161816477775574
29001, 0.159271150827408
30001, 0.157026901841164
31001, 0.154903843998909
32001, 0.152942702174187
33001, 0.151373744010925
34001, 0.149635210633278
35001, 0.148013323545456
36001, 0.146653696894646
37001, 0.145460456609726
38001, 0.143863007426262
39001, 0.142826497554779
40001, 0.142626062035561
41001, 0.140635520219803
42001, 0.139351487159729
43001, 0.138636127114296
44001, 0.137213751673698
45001, 0.136273041367531
46001, 0.135658323764801
47001, 0.134532690048218
48001, 0.133623555302620
49001, 0.132842808961868
50001, 0.132163971662521
51001, 0.131300717592239
52001, 0.130653545260429
53001, 0.129711568355560
54001, 0.129154935479164
55001, 0.128483533859253
56001, 0.127805233001709
57001, 0.127096399664879
58001, 0.126529693603516
59001, 0.125915393233299
60001, 0.125320896506310
61001, 0.125199392437935
62001, 0.124259389936924
63001, 0.123711638152599
64001, 0.123182594776154
65001, 0.122645244002342
66001, 0.122202627360821
67001, 0.121928364038467
68001, 0.121187657117844
69001, 0.120915345847607
70001, 0.120431073009968
71001, 0.119951918721199
72001, 0.119523316621780
73001, 0.119132362306118
74001, 0.119076125323772
75001, 0.118914507329464
76001, 0.117811918258667
77001, 0.117386631667614
78001, 0.117062829434872
79001, 0.117167033255100
80001, 0.116467468440533
81001, 0.116647139191628
82001, 0.115687228739262
83001, 0.115446411073208
84001, 0.115018814802170
85001, 0.114826180040836
86001, 0.114284515380859
87001, 0.113979667425156
88001, 0.113658107817173
89001, 0.113361924886703
90001, 0.113262407481670
91001, 0.112752392888069
92001, 0.112460233271122
93001, 0.112342946231365
94001, 0.111951671540737
95001, 0.112311221659184
96001, 0.111578397452831
97001, 0.111175492405891
98001, 0.111140213906765
99001, 0.110591791570187
100001, 0.111391164362431
101001, 0.110197596251965
102001, 0.111435361206532
103001, 0.110558494925499
104001, 0.109360150992870
105001, 0.109159536659718
106001, 0.108742557466030
107001, 0.108760558068752
108001, 0.108336851000786
109001, 0.108148872852325
110001, 0.107853658497334
111001, 0.108405217528343
112001, 0.108044035732746
113001, 0.107188582420349
114001, 0.106929592788219
115001, 0.107099749147892
116001, 0.106602929532528
117001, 0.106334827840328
118001, 0.106361515820026
119001, 0.106046974658966
120001, 0.106110855937004
121001, 0.105464458465576
122001, 0.105286344885826
123001, 0.105306409299374
124001, 0.105020113289356
125001, 0.105567023158073
126001, 0.104535356163979
127001, 0.104873910546303
128001, 0.104488082230091
129001, 0.104212537407875
130001, 0.104006573557854
131001, 0.104046732187271
132001, 0.104456722736359
133001, 0.103503167629242
134001, 0.103124253451824
135001, 0.102976523339748
136001, 0.103254303336143
137001, 0.102682180702686
138001, 0.102506913244724
139001, 0.102613188326359
140001, 0.102083474397659
141001, 0.102076210081577
142001, 0.101869374513626
143001, 0.101845212280750
144001, 0.101791918277740
145001, 0.101431280374527
146001, 0.101273529231548
147001, 0.101148009300232
148001, 0.101439394056797
149001, 0.100710645318031
150001, 0.101024985313416
151001, 0.100409343838692
152001, 0.100670509040356
153001, 0.100213952362537
154001, 0.100089132785797
155001, 0.100403711199760
156001, 0.099812544882298
157001, 0.099686458706856
158001, 0.099494621157646
159001, 0.099393308162689
160001, 0.099231831729412
161001, 0.099051818251610
162001, 0.098927229642868
163001, 0.098823077976704
164001, 0.099036879837513
165001, 0.098563820123672
166001, 0.098724573850632
167001, 0.098304405808449
168001, 0.098248191177845
169001, 0.098095864057541
170001, 0.098176151514053
171001, 0.097785219550133
172001, 0.098559245467186
173001, 0.097922921180725
174001, 0.097872316837311
175001, 0.097613021731377
176001, 0.097253121435642
177001, 0.097888171672821
178001, 0.097022630274296
179001, 0.096898920834064
180001, 0.096609592437744
181001, 0.096623964607716
182001, 0.096561916172504
183001, 0.096441790461540
184001, 0.097179770469666
185001, 0.096230976283550
186001, 0.096101388335228
187001, 0.095935910940170
188001, 0.096364095807076
189001, 0.096327401697636
190001, 0.095695637166500
191001, 0.095545656979084
192001, 0.095555752515793
193001, 0.096878647804260
194001, 0.095667593181133
195001, 0.095343559980392
196001, 0.095182880759239
197001, 0.094974294304848
198001, 0.094884723424911
199001, 0.094684988260269
200001, 0.094858668744564
201001, 0.094535656273365
202001, 0.094451956450939
203001, 0.094222702085972
204001, 0.094104357063770
205001, 0.094082437455654
206001, 0.095455825328827
207001, 0.095162615180016
208001, 0.093953199684620
209001, 0.093700721859932
210001, 0.093860976397991
211001, 0.094214014708996
212001, 0.093534283339977
213001, 0.094425022602081
214001, 0.094045393168926
215001, 0.094539202749729
216001, 0.093043409287930
217001, 0.093534618616104
218001, 0.093269810080528
219001, 0.093281447887421
220001, 0.093581385910511
221001, 0.093792751431465
222001, 0.093339592218399
223001, 0.093078039586544
224001, 0.092423625290394
225001, 0.092290446162224
226001, 0.092355430126190
227001, 0.092434555292130
228001, 0.092055015265942
229001, 0.092139154672623
230001, 0.091927506029606
231001, 0.091929771006107
232001, 0.092067599296570
233001, 0.091681860387325
234001, 0.091464169323444
235001, 0.091405585408211
236001, 0.091451920568943
237001, 0.091341331601143
238001, 0.091377392411232
239001, 0.091660283505917
240001, 0.091238558292389
241001, 0.091447919607162
242001, 0.090929560363293
243001, 0.091915518045425
244001, 0.092690005898476
245001, 0.090821206569672
246001, 0.091108590364456
247001, 0.090755492448807
248001, 0.096079267561436
249001, 0.090480528771877
250001, 0.090300582349300
251001, 0.091103054583073
252001, 0.090354815125465
253001, 0.090558454394341
254001, 0.092118412256241
255001, 0.090068653225899
256001, 0.089850030839443
257001, 0.089940622448921
258001, 0.090242318809032
259001, 0.089553855359554
260001, 0.090674899518490
261001, 0.089570164680481
262001, 0.090178303420544
263001, 0.091649800539017
264001, 0.089593686163425
265001, 0.089374929666519
266001, 0.090507648885250
267001, 0.089031413197517
268001, 0.089013919234276
269001, 0.089551165699959
270001, 0.089042633771896
271001, 0.088799096643925
272001, 0.089133009314537
273001, 0.089995749294758
274001, 0.088485129177570
275001, 0.088482789695263
276001, 0.088845886290073
277001, 0.089060924947262
278001, 0.089026167988777
279001, 0.088352799415588
280001, 0.088069155812263
281001, 0.089138500392437
282001, 0.088660851120949
283001, 0.088814027607441
284001, 0.088217444717884
285001, 0.088450349867344
286001, 0.087769992649555
287001, 0.088056676089764
288001, 0.087746582925320
289001, 0.089030653238297
290001, 0.087387911975384
291001, 0.087501637637615
292001, 0.087288193404675
293001, 0.087369292974472
294001, 0.087508291006088
295001, 0.087536975741386
296001, 0.087261520326138
297001, 0.087487831711769
298001, 0.087068259716034
299001, 0.087422564625740
300001, 0.086848020553589
301001, 0.087225399911404
302001, 0.086663998663425
303001, 0.086837880313396
304001, 0.086589828133583
305001, 0.086430832743645
306001, 0.086933918297291
307001, 0.086328715085983
308001, 0.086826279759407
309001, 0.086250267922878
310001, 0.086153782904148
311001, 0.086383216083050
312001, 0.087143182754517
313001, 0.086675584316254
314001, 0.085955843329430
315001, 0.086187049746513
316001, 0.085877247154713
317001, 0.086183823645115
318001, 0.085753619670868
319001, 0.085511460900307
320001, 0.087105594575405
321001, 0.085419125854969
322001, 0.086215585470200
323001, 0.085688799619675
324001, 0.085986740887165
325001, 0.085562445223331
326001, 0.085466682910919
327001, 0.085624024271965
328001, 0.085620753467083
329001, 0.085753664374352
330001, 0.085110813379288
331001, 0.084886826574802
332001, 0.086588859558105
333001, 0.084922373294830
334001, 0.085464052855968
335001, 0.084687434136868
336001, 0.084771171212196
337001, 0.085113428533077
338001, 0.084582708775997
339001, 0.084545969963074
340001, 0.084937542676926
341001, 0.084440179169178
342001, 0.084454923868179
343001, 0.085544720292091
344001, 0.084351405501366
345001, 0.084301836788654
346001, 0.084265492856503
347001, 0.084683485329151
348001, 0.084281623363495
349001, 0.084154509007931
350001, 0.084878638386726
351001, 0.084928944706917
352001, 0.083857946097851
353001, 0.084139063954353
354001, 0.083696819841862
355001, 0.083696186542511
356001, 0.085216589272022
357001, 0.083450607955456
358001, 0.083636887371540
359001, 0.083850234746933
360001, 0.084375381469727
361001, 0.083251446485519
362001, 0.083306148648262
363001, 0.083356231451035
364001, 0.084359765052795
365001, 0.083730384707451
366001, 0.083371713757515
367001, 0.083101987838745
368001, 0.083515241742134
369001, 0.083588264882565
370001, 0.082808196544647
371001, 0.082786910235882
372001, 0.083139516413212
373001, 0.082778520882130
374001, 0.082599975168705
375001, 0.083406239748001
376001, 0.083086326718330
377001, 0.082442887127399
378001, 0.082494743168354
379001, 0.082409635186195
380001, 0.082659684121609
381001, 0.082383282482624
382001, 0.083286114037037
383001, 0.082865819334984
384001, 0.083031296730042
385001, 0.082152590155602
386001, 0.082214571535587
387001, 0.082228153944016
388001, 0.082133017480373
389001, 0.082823090255260
390001, 0.085206903517246
391001, 0.082090869545937
392001, 0.083165235817432
393001, 0.082356095314026
394001, 0.081847071647644
395001, 0.082315303385258
396001, 0.081923425197601
397001, 0.082416273653507
398001, 0.082749791443348
399001, 0.083461195230484
400001, 0.081368483603001
401001, 0.081400185823441
402001, 0.081491462886333
403001, 0.081777200102806
404001, 0.081546947360039
405001, 0.081752352416515
406001, 0.082216851413250
407001, 0.081269659101963
408001, 0.081814788281918
409001, 0.081251248717308
410001, 0.082090146839619
411001, 0.081077866256237
412001, 0.081043243408203
413001, 0.081084676086903
414001, 0.081322357058525
415001, 0.082104913890362
416001, 0.080926761031151
417001, 0.081493549048901
418001, 0.081254854798317
419001, 0.081453405320644
420001, 0.080764748156071
421001, 0.080869078636169
422001, 0.080548964440823
423001, 0.080418825149536
424001, 0.081816650927067
425001, 0.080575630068779
426001, 0.080944538116455
427001, 0.080635838210583
428001, 0.080431006848812
429001, 0.080334670841694
430001, 0.080836899578571
431001, 0.080373294651508
432001, 0.080406688153744
433001, 0.080168217420578
434001, 0.080070912837982
435001, 0.080290615558624
436001, 0.080403164029121
437001, 0.080061823129654
438001, 0.080426380038261
439001, 0.080299220979214
440001, 0.080137826502323
441001, 0.080359026789665
442001, 0.079999603331089
443001, 0.080652594566345
444001, 0.080041356384754
445001, 0.079799294471741
446001, 0.080484881997108
447001, 0.079412870109081
448001, 0.080607265233994
449001, 0.080459564924240
450001, 0.080158188939095
451001, 0.079390235245228
452001, 0.079481132328510
453001, 0.080276519060135
454001, 0.079242937266827
455001, 0.079845145344734
456001, 0.079587258398533
457001, 0.079123489558697
458001, 0.079043067991734
459001, 0.079019397497177
460001, 0.080062285065651
461001, 0.079421631991863
462001, 0.079943895339966
463001, 0.078956708312035
464001, 0.078900210559368
465001, 0.078979335725307
466001, 0.079941824078560
467001, 0.078792400658131
468001, 0.079164192080498
469001, 0.078728340566158
470001, 0.078503705561161
471001, 0.078894346952438
472001, 0.078520663082600
473001, 0.078813783824444
474001, 0.079128198325634
475001, 0.079431079328060
476001, 0.079029969871044
477001, 0.079193554818630
478001, 0.078520596027374
479001, 0.080871395766735
480001, 0.078529112040997
481001, 0.079024448990822
482001, 0.078378558158875
483001, 0.095315948128700
484001, 0.078968614339828
485001, 0.078315868973732
486001, 0.079236477613449
487001, 0.078324556350708
488001, 0.078843861818314
489001, 0.078850924968719
490001, 0.078127890825272
491001, 0.078180290758610
492001, 0.078350715339184
493001, 0.078894004225731
494001, 0.079019784927368
495001, 0.077766917645931
496001, 0.079831026494503
497001, 0.077737666666508
498001, 0.080270260572433
499001, 0.077740252017975
500001, 0.078322567045689
501001, 0.077608846127987
502001, 0.077525071799755
503001, 0.077985160052776
504001, 0.077447526156902
505001, 0.081756688654423
506001, 0.077416464686394
507001, 0.077577032148838
508001, 0.078123524785042
509001, 0.077610589563847
510001, 0.078696556389332
511001, 0.078623838722706
512001, 0.078969359397888
513001, 0.077285371720791
514001, 0.077778168022633
515001, 0.077689290046692
516001, 0.077269785106182
517001, 0.077493287622929
518001, 0.077590741217136
519001, 0.078011482954025
520001, 0.077088296413422
521001, 0.077690429985523
522001, 0.076860010623932
523001, 0.077658139169216
524001, 0.079646095633507
525001, 0.079875022172928
526001, 0.077318876981735
527001, 0.077366948127747
528001, 0.076888717710972
529001, 0.076826803386211
530001, 0.077563159167767
531001, 0.077734664082527
532001, 0.077005572617054
533001, 0.077378742396832
534001, 0.077521264553070
535001, 0.077087387442589
536001, 0.077161557972431
537001, 0.077554069459438
538001, 0.077900268137455
539001, 0.077082045376301
540001, 0.076377078890800
541001, 0.076301552355289
542001, 0.078172869980335
543001, 0.076595291495323
544001, 0.077117756009102
545001, 0.076336011290550
546001, 0.076449416577816
547001, 0.076350532472134
548001, 0.076462380588055
549001, 0.076115623116493
550001, 0.076300188899040
551001, 0.076199471950531
552001, 0.076110579073429
553001, 0.076120734214783
554001, 0.076346836984158
555001, 0.076236046850681
556001, 0.076277844607830
557001, 0.076054275035858
558001, 0.076009154319763
559001, 0.077344901859760
560001, 0.075949355959892
561001, 0.076048329472542
562001, 0.076101213693619
563001, 0.075813449919224
564001, 0.075739935040474
565001, 0.076569624245167
566001, 0.076095752418041
567001, 0.076285868883133
568001, 0.075662896037102
569001, 0.075878590345383
570001, 0.076845563948154
571001, 0.075856529176235
572001, 0.075472079217434
573001, 0.075446754693985
574001, 0.075673840939999
575001, 0.076022513210773
576001, 0.075876288115978
577001, 0.075608760118484
578001, 0.076987594366074
579001, 0.075401924550533
580001, 0.075313732028008
581001, 0.075346484780312
582001, 0.076965928077698
583001, 0.075480796396732
584001, 0.075260244309902
585001, 0.075411826372147
586001, 0.075171492993832
587001, 0.075323216617107
588001, 0.075833506882191
589001, 0.075508944690228
590001, 0.075646929442883
591001, 0.075059965252876
592001, 0.078347973525524
593001, 0.076539717614651
594001, 0.075620934367180
595001, 0.074844010174274
596001, 0.074810199439526
597001, 0.075108669698238
598001, 0.075056329369545
599001, 0.074825026094913
600001, 0.074850127100945
601001, 0.075210683047771
602001, 0.075155772268772
603001, 0.076341703534126
604001, 0.075026817619801
605001, 0.076119519770145
606001, 0.074586145579815
607001, 0.074772372841835
608001, 0.074576579034328
609001, 0.075380153954029
610001, 0.075240947306156
611001, 0.075601108372211
612001, 0.076205626130104
613001, 0.074544742703438
614001, 0.074878238141537
615001, 0.075222805142403
616001, 0.074386857450008
617001, 0.074832916259766
618001, 0.074317313730717
619001, 0.074223354458809
620001, 0.074595019221306
621001, 0.082313895225525
622001, 0.075389437377453
623001, 0.074310146272182
624001, 0.078908488154411
625001, 0.074069559574127
626001, 0.076588869094849
627001, 0.074627831578255
628001, 0.074877865612507
629001, 0.074948742985725
630001, 0.074420556426048
631001, 0.074255973100662
632001, 0.075942680239677
633001, 0.074296429753304
634001, 0.074421636760235
635001, 0.074573613703251
636001, 0.074056312441826
637001, 0.074220962822437
638001, 0.075295723974705
639001, 0.074087679386139
640001, 0.076251998543739
641001, 0.075259245932102
642001, 0.075053311884403
643001, 0.074017331004143
644001, 0.073616027832031
645001, 0.074867784976959
646001, 0.074183985590935
647001, 0.073766686022282
648001, 0.073687806725502
649001, 0.073401063680649
650001, 0.073423996567726
651001, 0.073514699935913
652001, 0.073420077562332
653001, 0.073518291115761
654001, 0.073381550610065
655001, 0.073842108249664
656001, 0.073843881487846
657001, 0.076239727437496
658001, 0.074091009795666
659001, 0.073567919433117
660001, 0.073260284960270
661001, 0.073541544377804
662001, 0.073201596736908
663001, 0.073109626770020
664001, 0.075445197522640
665001, 0.073188617825508
666001, 0.073865585029125
667001, 0.074376448988914
668001, 0.073916792869568
669001, 0.074134044349194
670001, 0.073204666376114
671001, 0.073122829198837
672001, 0.073660455644131
673001, 0.073727101087570
674001, 0.073046468198299
675001, 0.074991866946220
676001, 0.072910226881504
677001, 0.072924889624119
678001, 0.073191717267036
679001, 0.072803035378456
680001, 0.072871461510658
681001, 0.073321163654327
682001, 0.072760909795761
683001, 0.073185905814171
684001, 0.073331229388714
685001, 0.072957672178745
686001, 0.077260866761208
687001, 0.072843872010708
688001, 0.072892777621746
689001, 0.074419111013412
690001, 0.072775490581989
691001, 0.072626739740372
692001, 0.072882644832134
693001, 0.072466880083084
694001, 0.073471121490002
695001, 0.074770428240299
696001, 0.072713620960712
697001, 0.072487652301788
698001, 0.072549834847450
699001, 0.072831325232983
700001, 0.073307700455189
701001, 0.072490535676479
702001, 0.074920028448105
703001, 0.072671249508858
704001, 0.072769373655319
705001, 0.072170011699200
706001, 0.072146132588387
707001, 0.072177633643150
708001, 0.073424957692623
709001, 0.072115428745747
710001, 0.072787985205650
711001, 0.072443485260010
712001, 0.075338646769524
713001, 0.073992140591145
714001, 0.072878926992416
715001, 0.071998193860054
716001, 0.072546571493149
717001, 0.072383329272270
718001, 0.072018571197987
719001, 0.073039554059505
720001, 0.071912944316864
721001, 0.072696894407272
722001, 0.072707392275333
723001, 0.071772009134293
724001, 0.071782425045967
725001, 0.072260163724422
726001, 0.072861090302467
727001, 0.071874596178532
728001, 0.072243750095367
729001, 0.073108762502670
730001, 0.072372421622276
731001, 0.072925448417664
732001, 0.071866907179356
733001, 0.072033591568470
734001, 0.072068370878696
735001, 0.071700334548950
736001, 0.072319693863392
737001, 0.071996420621872
738001, 0.072278752923012
739001, 0.072760663926601
740001, 0.072610065340996
741001, 0.071965225040913
742001, 0.072488889098167
743001, 0.071608029305935
744001, 0.072366490960121
745001, 0.071706555783749
746001, 0.071858659386635
747001, 0.071503385901451
748001, 0.073133394122124
749001, 0.072271995246410
750001, 0.071945123374462
751001, 0.072810083627701
752001, 0.072865903377533
753001, 0.073992237448692
754001, 0.078285448253155
755001, 0.072721339762211
756001, 0.071443647146225
757001, 0.071595668792725
758001, 0.071248009800911
759001, 0.071236871182919
760001, 0.071954727172852
761001, 0.071665368974209
762001, 0.072108142077923
763001, 0.071462184190750
764001, 0.071440003812313
765001, 0.071276336908340
766001, 0.072409540414810
767001, 0.071288220584393
768001, 0.071400821208954
769001, 0.071820013225079
770001, 0.071670740842819
771001, 0.071423456072807
772001, 0.071995206177235
773001, 0.071379102766514
774001, 0.070874832570553
775001, 0.071425884962082
776001, 0.070857942104340
777001, 0.070878595113754
778001, 0.071090258657932
779001, 0.072363346815109
780001, 0.071443758904934
781001, 0.072810254991055
782001, 0.071816846728325
783001, 0.071616627275944
784001, 0.072743542492390
785001, 0.071132667362690
786001, 0.071089193224907
787001, 0.071290455758572
788001, 0.072259649634361
789001, 0.071872390806675
790001, 0.071390837430954
791001, 0.070681013166904
792001, 0.071528077125549
793001, 0.071128644049168
794001, 0.071089416742325
795001, 0.070651836693287
796001, 0.071397587656975
797001, 0.076139651238918
798001, 0.070461608469486
799001, 0.070858716964722
800001, 0.071008980274200
801001, 0.071086175739765
802001, 0.070654302835464
803001, 0.070646271109581
804001, 0.071338884532452
805001, 0.070593006908894
806001, 0.071359910070896
807001, 0.071154676377773
808001, 0.070902414619923
809001, 0.070623390376568
810001, 0.071012437343597
811001, 0.070337116718292
812001, 0.070310816168785
813001, 0.070255249738693
814001, 0.070599906146526
815001, 0.070760600268841
816001, 0.070164322853088
817001, 0.070920579135418
818001, 0.070587471127510
819001, 0.073256023228168
820001, 0.070235192775726
821001, 0.076932676136494
822001, 0.070385277271271
823001, 0.071412771940231
824001, 0.070381671190262
825001, 0.070313796401024
826001, 0.071002103388309
827001, 0.070035152137280
828001, 0.071888014674187
829001, 0.070313930511475
830001, 0.070427194237709
831001, 0.072585925459862
832001, 0.070820391178131
833001, 0.069893762469292
834001, 0.070538565516472
835001, 0.070812903344631
836001, 0.069923184812069
837001, 0.072391085326672
838001, 0.069943949580193
839001, 0.070898123085499
840001, 0.070898965001106
841001, 0.071112960577011
842001, 0.071669891476631
843001, 0.070342347025871
844001, 0.069808289408684
845001, 0.070594869554043
846001, 0.069938130676746
847001, 0.069784678518772
848001, 0.070509620010853
849001, 0.070422023534775
850001, 0.070893563330173
851001, 0.070059701800346
852001, 0.070167727768421
853001, 0.074645154178143
854001, 0.070487268269062
855001, 0.069767102599144
856001, 0.070272944867611
857001, 0.070157371461391
858001, 0.070689551532269
859001, 0.071055233478546
860001, 0.070129968225956
861001, 0.069863200187683
862001, 0.069681651890278
863001, 0.070221938192844
864001, 0.069803141057491
865001, 0.069699294865131
866001, 0.069725848734379
867001, 0.070281416177750
868001, 0.070022858679295
869001, 0.070041231811047
870001, 0.071036756038666
871001, 0.070184335112572
872001, 0.069675333797932
873001, 0.069982111454010
874001, 0.069538883864880
875001, 0.069708548486233
876001, 0.070034049451351
877001, 0.069274656474590
878001, 0.069422237575054
879001, 0.070479020476341
880001, 0.070140525698662
881001, 0.073659718036652
882001, 0.069590218365192
883001, 0.069294579327106
884001, 0.069779068231583
885001, 0.070155762135983
886001, 0.069638885557652
887001, 0.069233812391758
888001, 0.069986626505852
889001, 0.071880690753460
890001, 0.071160666644573
891001, 0.069316923618317
892001, 0.069311030209064
893001, 0.071697801351547
894001, 0.069581456482410
895001, 0.069519139826298
896001, 0.069720335304737
897001, 0.069609500467777
898001, 0.070569038391113
899001, 0.068993717432022
900001, 0.069545589387417
901001, 0.069138348102570
902001, 0.069199487566948
903001, 0.069330647587776
904001, 0.069876044988632
905001, 0.070019379258156
906001, 0.069198273122311
907001, 0.071892596781254
908001, 0.069030463695526
909001, 0.069786831736565
910001, 0.069360747933388
911001, 0.069789581000805
912001, 0.068711444735527
913001, 0.068927608430386
914001, 0.068736240267754
915001, 0.068739965558052
916001, 0.068780146539211
917001, 0.069490708410740
918001, 0.068645916879177
919001, 0.069690041244030
920001, 0.068674929440022
921001, 0.068657055497169
922001, 0.069591052830219
923001, 0.068807408213615
924001, 0.068631432950497
925001, 0.069529697299004
926001, 0.068714328110218
927001, 0.068857483565807
928001, 0.070842750370502
929001, 0.069481030106544
930001, 0.069579780101776
931001, 0.068507276475430
932001, 0.068961873650551
933001, 0.068514518439770
934001, 0.069166690111160
935001, 0.068376868963242
936001, 0.068522788584232
937001, 0.068251535296440
938001, 0.071440771222115
939001, 0.069211065769196
940001, 0.069560244679451
941001, 0.069855220615864
942001, 0.068998590111732
943001, 0.068674556910992
944001, 0.068419195711613
945001, 0.071046486496925
946001, 0.069010980427265
947001, 0.070875227451324
948001, 0.068838849663734
949001, 0.071166336536407
950001, 0.068431369960308
951001, 0.069097660481930
952001, 0.068493299186230
953001, 0.072126567363739
954001, 0.069029934704304
955001, 0.071171440184116
956001, 0.071327328681946
957001, 0.068148411810398
958001, 0.068313695490360
959001, 0.069195985794067
960001, 0.068128079175949
961001, 0.068981155753136
962001, 0.069093778729439
963001, 0.068188294768333
964001, 0.070167213678360
965001, 0.068993054330349
966001, 0.068336918950081
967001, 0.070184439420700
968001, 0.068494096398354
969001, 0.069069348275661
970001, 0.068798452615738
971001, 0.068957343697548
972001, 0.067942284047604
973001, 0.072097793221474
974001, 0.067879959940910
975001, 0.067972004413605
976001, 0.069969169795513
977001, 0.070806346833706
978001, 0.067959807813168
979001, 0.067970663309097
980001, 0.068011216819286
981001, 0.069539025425911
982001, 0.068994745612144
983001, 0.069418966770172
984001, 0.068187199532986
985001, 0.068580158054829
986001, 0.069824531674385
987001, 0.068902097642422
988001, 0.067748442292213
989001, 0.068752862513065
990001, 0.067962877452374
991001, 0.067918688058853
992001, 0.067919164896011
993001, 0.067661225795746
994001, 0.067586228251457
995001, 0.067588798701763
996001, 0.072865732014179
997001, 0.068137310445309
998001, 0.069897346198559
999001, 0.067692726850510
1000001, 0.067703314125538
1001001, 0.069444902241230
1002001, 0.068529516458511
1003001, 0.068339765071869
1004001, 0.067709751427174
1005001, 0.067740052938461
1006001, 0.067938372492790
1007001, 0.067969992756844
1008001, 0.067428424954414
1009001, 0.071043193340302
1010001, 0.068159639835358
1011001, 0.067359350621700
1012001, 0.067844688892365
1013001, 0.068034127354622
1014001, 0.067610390484333
1015001, 0.067589767277241
1016001, 0.068235374987125
1017001, 0.067646063864231
1018001, 0.068124026060104
1019001, 0.068446055054665
1020001, 0.067231267690659
1021001, 0.067279614508152
1022001, 0.067690499126911
1023001, 0.068135678768158
1024001, 0.068564176559448
1025001, 0.069180019199848
1026001, 0.067241474986076
1027001, 0.067888207733631
1028001, 0.070726916193962
1029001, 0.068593077361584
1030001, 0.069293476641178
1031001, 0.068450652062893
1032001, 0.068090654909611
1033001, 0.069580927491188
1034001, 0.067613363265991
1035001, 0.070846736431122
1036001, 0.069780737161636
1037001, 0.069923333823681
1038001, 0.067756943404675
1039001, 0.067471094429493
1040001, 0.067758031189442
1041001, 0.067447893321514
1042001, 0.069172568619251
1043001, 0.070499882102013
1044001, 0.071295768022537
1045001, 0.067052610218525
1046001, 0.067205756902695
1047001, 0.067245304584503
1048001, 0.068001255393028
1049001, 0.067067831754684
1050001, 0.067427851259708
1051001, 0.068028599023819
1052001, 0.067079648375511
1053001, 0.068706318736076
1054001, 0.067934706807137
1055001, 0.067263558506966
1056001, 0.066940024495125
1057001, 0.067391090095043
1058001, 0.068527057766914
1059001, 0.068211071193218
1060001, 0.067349359393120
1061001, 0.066903844475746
1062001, 0.066790856420994
1063001, 0.068001203238964
1064001, 0.067487850785255
1065001, 0.071263380348682
1066001, 0.069115549325943
1067001, 0.069910876452923
1068001, 0.066935509443283
1069001, 0.066715501248837
1070001, 0.083733253180981
1071001, 0.066780075430870
1072001, 0.067695848643780
1073001, 0.066822998225689
1074001, 0.070525094866753
1075001, 0.067362949252129
1076001, 0.066691592335701
1077001, 0.067659482359886
1078001, 0.068103544414043
1079001, 0.067467801272869
1080001, 0.067656978964806
1081001, 0.068787984549999
1082001, 0.067362166941166
1083001, 0.067128725349903
1084001, 0.070792153477669
1085001, 0.067536532878876
1086001, 0.068548358976841
1087001, 0.066930614411831
1088001, 0.067673951387405
1089001, 0.066684767603874
1090001, 0.069168604910374
1091001, 0.068472705781460
1092001, 0.066925376653671
1093001, 0.067545257508755
1094001, 0.067427232861519
1095001, 0.066840678453445
1096001, 0.068208619952202
1097001, 0.066599026322365
1098001, 0.066477939486504
1099001, 0.067760944366455
1100001, 0.067734777927399
1101001, 0.066622987389565
1102001, 0.069581560790539
1103001, 0.069307871162891
1104001, 0.068190261721611
1105001, 0.067357450723648
1106001, 0.066442579030991
1107001, 0.066897928714752
1108001, 0.066768594086170
1109001, 0.067369177937508
1110001, 0.066881954669952
1111001, 0.066391073167324
1112001, 0.068897247314453
1113001, 0.066421911120415
1114001, 0.066353015601635
1115001, 0.066764168441296
1116001, 0.066592581570148
1117001, 0.067028097808361
1118001, 0.068567544221878
1119001, 0.066460065543652
1120001, 0.068381518125534
1121001, 0.066393524408340
1122001, 0.070866234600544
1123001, 0.068623363971710
1124001, 0.069375470280647
1125001, 0.068236567080021
1126001, 0.068020150065422
1127001, 0.067967630922794
1128001, 0.066292382776737
1129001, 0.066392794251442
1130001, 0.068297378718853
1131001, 0.066158741712570
1132001, 0.066093705594540
1133001, 0.065979875624180
1134001, 0.066752128303051
1135001, 0.066115498542786
1136001, 0.066164724528790
1137001, 0.066115133464336
1138001, 0.066197529435158
1139001, 0.066998906433582
1140001, 0.066549450159073
1141001, 0.065948896110058
1142001, 0.066097646951675
1143001, 0.066706590354443
1144001, 0.066573418676853
1145001, 0.067144632339478
1146001, 0.068255431950092
1147001, 0.065809443593025
1148001, 0.067196182906628
1149001, 0.066610746085644
1150001, 0.065744049847126
1151001, 0.066311091184616
1152001, 0.066145986318588
1153001, 0.067267790436745
1154001, 0.066819585859776
1155001, 0.065849021077156
1156001, 0.066340893507004
1157001, 0.066583760082722
1158001, 0.065906032919884
1159001, 0.066046006977558
1160001, 0.065713785588741
1161001, 0.067498043179512
1162001, 0.066935203969479
1163001, 0.065680339932442
1164001, 0.066223099827766
1165001, 0.066354908049107
1166001, 0.065938472747803
1167001, 0.066260643303394
1168001, 0.065802767872810
1169001, 0.065785780549049
1170001, 0.066922456026077
1171001, 0.065891534090042
1172001, 0.065663017332554
1173001, 0.066304534673691
1174001, 0.066688805818558
1175001, 0.066351987421513
1176001, 0.067905880510807
1177001, 0.066007502377033
1178001, 0.065634101629257
1179001, 0.066555373370647
1180001, 0.066494829952717
1181001, 0.066552393138409
1182001, 0.069729760289192
1183001, 0.069100096821785
1184001, 0.065955303609371
1185001, 0.066312350332737
1186001, 0.069979168474674
1187001, 0.065507955849171
1188001, 0.067516691982746
1189001, 0.065877601504326
1190001, 0.066219471395016
1191001, 0.065425686538219
1192001, 0.065573915839195
1193001, 0.066608153283596
1194001, 0.078578576445580
1195001, 0.065443970263004
1196001, 0.065872870385647
1197001, 0.069606341421604
1198001, 0.066177323460579
1199001, 0.068583838641644
1200001, 0.067769624292850
1201001, 0.066743984818459
1202001, 0.065415717661381
1203001, 0.065677598118782
1204001, 0.065624758601189
1205001, 0.066334940493107
1206001, 0.066961526870728
1207001, 0.065890334546566
1208001, 0.065521933138371
1209001, 0.067189082503319
1210001, 0.065549433231354
1211001, 0.070343717932701
1212001, 0.065638504922390
1213001, 0.067126348614693
1214001, 0.067755401134491
1215001, 0.065871499478817
1216001, 0.065606445074081
1217001, 0.067070789635181
1218001, 0.065776690840721
1219001, 0.066435642540455
1220001, 0.065923273563385
1221001, 0.068711511790752
1222001, 0.065309517085552
1223001, 0.065519683063030
1224001, 0.066241264343262
1225001, 0.067175969481468
1226001, 0.066753953695297
1227001, 0.065915055572987
1228001, 0.067698664963245
1229001, 0.069145657122135
1230001, 0.065151527523994
1231001, 0.067805454134941
1232001, 0.066091924905777
1233001, 0.065899193286896
1234001, 0.065976537764072
1235001, 0.066439598798752
1236001, 0.069903120398521
1237001, 0.065614216029644
1238001, 0.065162293612957
1239001, 0.065581373870373
1240001, 0.065217487514019
1241001, 0.083624236285686
1242001, 0.066712886095047
1243001, 0.065331749618053
1244001, 0.068298138678074
1245001, 0.066594459116459
1246001, 0.065074719488621
1247001, 0.065502360463142
1248001, 0.065775580704212
1249001, 0.065070033073425
1250001, 0.066160522401333
1251001, 0.071575023233891
1252001, 0.065320178866386
1253001, 0.064939104020596
1254001, 0.065495155751705
1255001, 0.067397713661194
1256001, 0.066278651356697
1257001, 0.065054833889008
1258001, 0.067154079675674
1259001, 0.064722798764706
1260001, 0.064940541982651
1261001, 0.066046498715878
1262001, 0.064926363527775
1263001, 0.068434871733189
1264001, 0.065404243767262
1265001, 0.065305389463902
1266001, 0.065745599567890
1267001, 0.065100774168968
1268001, 0.067347787320614
1269001, 0.065709225833416
1270001, 0.065915338695049
1271001, 0.065916240215302
1272001, 0.064845696091652
1273001, 0.066445045173168
1274001, 0.064999110996723
1275001, 0.065593384206295
1276001, 0.066098019480705
1277001, 0.065224289894104
1278001, 0.064887024462223
1279001, 0.065397888422012
1280001, 0.066207922995090
1281001, 0.069689802825451
1282001, 0.066538833081722
1283001, 0.065311402082443
1284001, 0.064898975193501
1285001, 0.068671904504299
1286001, 0.064543500542641
1287001, 0.064610794186592
1288001, 0.065330244600773
1289001, 0.067580386996269
1290001, 0.066671811044216
1291001, 0.065560139715672
1292001, 0.067970462143421
1293001, 0.064624100923538
1294001, 0.064626030623913
1295001, 0.064599290490150
1296001, 0.065217129886150
1297001, 0.065240956842899
1298001, 0.065317578613758
1299001, 0.065125912427902
1300001, 0.064692586660385
1301001, 0.064729556441307
1302001, 0.064539484679699
1303001, 0.068656906485558
1304001, 0.064601682126522
1305001, 0.065551199018955
1306001, 0.064726062119007
1307001, 0.065274916589260
1308001, 0.065040990710258
1309001, 0.066252417862415
1310001, 0.064790636301041
1311001, 0.064824901521206
1312001, 0.064870193600655
1313001, 0.064465805888176
1314001, 0.065502770245075
1315001, 0.066731594502926
1316001, 0.064320825040340
1317001, 0.064341112971306
1318001, 0.065691247582436
1319001, 0.064461410045624
1320001, 0.064439922571182
1321001, 0.064636670053005
1322001, 0.064677037298679
1323001, 0.064973630011082
1324001, 0.064542435109615
1325001, 0.064554058015347
1326001, 0.065565988421440
1327001, 0.069559507071972
1328001, 0.064534001052380
1329001, 0.068671487271786
1330001, 0.065758243203163
1331001, 0.064668573439121
1332001, 0.064594738185406
1333001, 0.064532943069935
1334001, 0.066229283809662
1335001, 0.064912892878056
1336001, 0.064252510666847
1337001, 0.065356999635696
1338001, 0.064238704741001
1339001, 0.064354650676250
1340001, 0.064186349511147
1341001, 0.064099520444870
1342001, 0.066161744296551
1343001, 0.065115511417389
1344001, 0.064478144049644
1345001, 0.064148403704166
1346001, 0.064487241208553
1347001, 0.064140990376472
1348001, 0.063986301422119
1349001, 0.065433517098427
1350001, 0.065637789666653
1351001, 0.064121738076210
1352001, 0.065272562205791
1353001, 0.066192544996738
1354001, 0.065014690160751
1355001, 0.064056411385536
1356001, 0.065951727330685
1357001, 0.066988699138165
1358001, 0.065977253019810
1359001, 0.066113159060478
1360001, 0.064031891524792
1361001, 0.064009480178356
1362001, 0.065427422523499
1363001, 0.064847677946091
1364001, 0.064325273036957
1365001, 0.065761923789978
1366001, 0.064279869198799
1367001, 0.063960410654545
1368001, 0.064003854990005
1369001, 0.064010113477707
1370001, 0.065658137202263
1371001, 0.063999071717262
1372001, 0.065239913761616
1373001, 0.065574936568737
1374001, 0.063925042748451
1375001, 0.064198829233646
1376001, 0.067112982273102
1377001, 0.064734078943729
1378001, 0.063920348882675
1379001, 0.064231835305691
1380001, 0.066373743116856
1381001, 0.065874330699444
1382001, 0.064406313002110
1383001, 0.063755564391613
1384001, 0.063968427479267
1385001, 0.063795588910580
1386001, 0.064385801553726
1387001, 0.064503990113735
1388001, 0.063660971820354
1389001, 0.064372189342976
1390001, 0.066028155386448
1391001, 0.064516179263592
1392001, 0.063733682036400
1393001, 0.064872615039349
1394001, 0.063887514173985
1395001, 0.063738077878952
1396001, 0.064913354814053
1397001, 0.063635505735874
1398001, 0.064843080937862
1399001, 0.064865261316299
1400001, 0.066540040075779
1401001, 0.065496519207954
1402001, 0.063990831375122
1403001, 0.064676374197006
1404001, 0.063648112118244
1405001, 0.065215378999710
1406001, 0.063791438937187
1407001, 0.064119584858418
1408001, 0.067882649600506
1409001, 0.063755042850971
1410001, 0.063976928591728
1411001, 0.063738375902176
1412001, 0.064975798130035
1413001, 0.063727520406246
1414001, 0.063761077821255
1415001, 0.064317315816879
1416001, 0.065491013228893
1417001, 0.063566707074642
1418001, 0.063874140381813
1419001, 0.063502386212349
1420001, 0.063458099961281
1421001, 0.064199827611446
1422001, 0.066706337034702
1423001, 0.065192840993404
1424001, 0.064134046435356
1425001, 0.064423568546772
1426001, 0.064280159771442
1427001, 0.063461177051067
1428001, 0.064549840986729
1429001, 0.063536450266838
1430001, 0.064966626465321
1431001, 0.063646472990513
1432001, 0.074086099863052
1433001, 0.065654322504997
1434001, 0.063322342932224
1435001, 0.063872136175632
1436001, 0.064403459429741
1437001, 0.063245169818401
1438001, 0.063507385551929
1439001, 0.064043186604977
1440001, 0.066205784678459
1441001, 0.066357284784317
1442001, 0.063655756413937
1443001, 0.063289172947407
1444001, 0.063376285135746
1445001, 0.064842477440834
1446001, 0.063401386141777
1447001, 0.063577868044376
1448001, 0.065214425325394
1449001, 0.063486158847809
1450001, 0.063276059925556
1451001, 0.064881086349487
1452001, 0.065344274044037
1453001, 0.064114488661289
1454001, 0.067007809877396
1455001, 0.063470095396042
1456001, 0.064981795847416
1457001, 0.066343396902084
1458001, 0.064355932176113
1459001, 0.064976230263710
1460001, 0.063756883144379
1461001, 0.064248435199261
1462001, 0.063301652669907
1463001, 0.066066868603230
1464001, 0.063567265868187
1465001, 0.063845410943031
1466001, 0.063178114593029
1467001, 0.065056443214417
1468001, 0.063981100916862
1469001, 0.064100421965122
1470001, 0.064893737435341
1471001, 0.064133681356907
1472001, 0.065156400203705
1473001, 0.063097588717937
1474001, 0.063835643231869
1475001, 0.063882969319820
1476001, 0.063151910901070
1477001, 0.065972663462162
1478001, 0.063921794295311
1479001, 0.064073957502842
1480001, 0.063623495399952
1481001, 0.063963130116463
1482001, 0.064230345189571
1483001, 0.065955840051174
1484001, 0.063050255179405
1485001, 0.063201449811459
1486001, 0.063568986952305
1487001, 0.063534393906593
1488001, 0.065317921340466
1489001, 0.064056865870953
1490001, 0.064637608826160
1491001, 0.063350573182106
1492001, 0.067106828093529
1493001, 0.065149441361427
1494001, 0.062924943864346
1495001, 0.063223719596863
1496001, 0.064145289361477
1497001, 0.065108172595501
1498001, 0.062988974153996
1499001, 0.064557142555714
1500001, 0.063129201531410
1501001, 0.064426772296429
1502001, 0.067097254097462
1503001, 0.066001780331135
1504001, 0.063367702066898
1505001, 0.063275814056396
1506001, 0.065665438771248
1507001, 0.063432194292545
1508001, 0.063308075070381
1509001, 0.062872067093849
1510001, 0.063790127635002
1511001, 0.063796214759350
1512001, 0.066428281366825
1513001, 0.064543642103672
1514001, 0.064395964145660
1515001, 0.063437059521675
1516001, 0.063316553831100
1517001, 0.064649812877178
1518001, 0.063971422612667
1519001, 0.064116589725018
1520001, 0.062995657324791
1521001, 0.062738060951233
1522001, 0.063821770250797
1523001, 0.065767318010330
1524001, 0.063062876462936
1525001, 0.062832213938236
1526001, 0.063545927405357
1527001, 0.062735237181187
1528001, 0.062828123569489
1529001, 0.064712516963482
1530001, 0.062931217253208
1531001, 0.064723379909992
1532001, 0.063109591603279
1533001, 0.062678717076778
1534001, 0.062707513570786
1535001, 0.062633052468300
1536001, 0.064409092068672
1537001, 0.062657058238983
1538001, 0.062556684017181
1539001, 0.062637820839882
1540001, 0.063966289162636
1541001, 0.062921226024628
1542001, 0.064130239188671
1543001, 0.062611505389214
1544001, 0.062698446214199
1545001, 0.066173277795315
1546001, 0.063551113009453
1547001, 0.064620077610016
1548001, 0.064709931612015
1549001, 0.062433496117592
1550001, 0.062538288533688
1551001, 0.062851719558239
1552001, 0.062829226255417
1553001, 0.064963243901730
1554001, 0.062638320028782
1555001, 0.064148716628551
1556001, 0.062830552458763
1557001, 0.064417615532875
1558001, 0.062801860272884
1559001, 0.062902539968491
1560001, 0.062444947659969
1561001, 0.062644518911839
1562001, 0.062192294746637
1563001, 0.062204513698816
1564001, 0.062191996723413
1565001, 0.063860803842545
1566001, 0.062223266810179
1567001, 0.064027532935143
1568001, 0.062796473503113
1569001, 0.062832109630108
1570001, 0.062384188175201
1571001, 0.062306199222803
1572001, 0.062366686761379
1573001, 0.062897302210331
1574001, 0.076188847422600
1575001, 0.064889691770077
1576001, 0.062440618872643
1577001, 0.063020214438438
1578001, 0.065385304391384
1579001, 0.063655994832516
1580001, 0.063633315265179
1581001, 0.062252063304186
1582001, 0.063263498246670
1583001, 0.062120415270329
1584001, 0.063039369881153
1585001, 0.063632197678089
1586001, 0.062212329357862
1587001, 0.062326375395060
1588001, 0.063211798667908
1589001, 0.063284032046795
1590001, 0.062233101576567
1591001, 0.062766037881374
1592001, 0.063252374529839
1593001, 0.062799781560898
1594001, 0.062469039112329
1595001, 0.062182094901800
1596001, 0.062462903559208
1597001, 0.061992071568966
1598001, 0.063328780233860
1599001, 0.063924111425877
1600001, 0.062229041010141
1601001, 0.062216971069574
1602001, 0.063149198889732
1603001, 0.062241196632385
1604001, 0.062680751085281
1605001, 0.062045615166426
1606001, 0.063293255865574
1607001, 0.063361652195454
1608001, 0.062341209501028
1609001, 0.062384121119976
1610001, 0.062346227467060
1611001, 0.063022427260876
1612001, 0.062413740903139
1613001, 0.063428193330765
1614001, 0.061995875090361
1615001, 0.062242530286312
1616001, 0.075847014784813
1617001, 0.063931487500668
1618001, 0.063013598322868
1619001, 0.062744393944740
1620001, 0.063037179410458
1621001, 0.061953078955412
1622001, 0.061871852725744
1623001, 0.062742136418819
1624001, 0.062673270702362
1625001, 0.061950113624334
1626001, 0.064369678497314
1627001, 0.062297113239765
1628001, 0.066365599632263
1629001, 0.062160082161427
1630001, 0.062913291156292
1631001, 0.061925083398819
1632001, 0.064033366739750
1633001, 0.063716001808643
1634001, 0.090043596923351
1635001, 0.062802672386169
1636001, 0.065790809690952
1637001, 0.070339351892471
1638001, 0.063193365931511
1639001, 0.062168892472982
1640001, 0.063095539808273
1641001, 0.063094750046730
1642001, 0.061928141862154
1643001, 0.062045384198427
1644001, 0.062295082956553
1645001, 0.063113078474998
1646001, 0.064148679375648
1647001, 0.063578993082047
1648001, 0.062333192676306
1649001, 0.066772021353245
1650001, 0.070157639682293
1651001, 0.061903133988380
1652001, 0.061850506812334
1653001, 0.064019076526165
1654001, 0.061691589653492
1655001, 0.061852809041739
1656001, 0.062921732664108
1657001, 0.062235426157713
1658001, 0.063396058976650
1659001, 0.062475122511387
1660001, 0.062936916947365
1661001, 0.062508746981621
1662001, 0.062204554677010
1663001, 0.061767950654030
1664001, 0.062051232904196
1665001, 0.062698692083359
1666001, 0.062079496681690
1667001, 0.063167244195938
1668001, 0.062559247016907
1669001, 0.067293062806129
1670001, 0.062904506921768
1671001, 0.061708640307188
1672001, 0.062721967697144
1673001, 0.061827983707190
1674001, 0.061921115964651
1675001, 0.062377385795116
1676001, 0.067527845501900
1677001, 0.061631266027689
1678001, 0.062350317835808
1679001, 0.061705280095339
1680001, 0.071866832673550
1681001, 0.062302209436893
1682001, 0.067207179963589
1683001, 0.061669655144215
1684001, 0.061636265367270
1685001, 0.062129069119692
1686001, 0.062284715473652
1687001, 0.063231110572815
1688001, 0.062086086720228
1689001, 0.061695516109467
1690001, 0.061593066900969
1691001, 0.062571130692959
1692001, 0.062627561390400
1693001, 0.063182637095451
1694001, 0.062388669699430
1695001, 0.061497695744038
1696001, 0.064413763582706
1697001, 0.063082098960876
1698001, 0.061459008604288
1699001, 0.061612810939550
1700001, 0.061444226652384
1701001, 0.065866932272911
1702001, 0.062715843319893
1703001, 0.061789102852345
1704001, 0.062947764992714
1705001, 0.063118480145931
1706001, 0.061731833964586
1707001, 0.061559267342091
1708001, 0.065199673175812
1709001, 0.061865296214819
1710001, 0.062467813491821
1711001, 0.062542222440243
1712001, 0.062186833471060
1713001, 0.061853472143412
1714001, 0.062378302216530
1715001, 0.062676191329956
1716001, 0.061485782265663
1717001, 0.064604543149471
1718001, 0.061492588371038
1719001, 0.062994740903378
1720001, 0.063081398606300
1721001, 0.065258458256721
1722001, 0.061203591525555
1723001, 0.068324901163578
1724001, 0.062857851386070
1725001, 0.065712183713913
1726001, 0.062884278595448
1727001, 0.061241488903761
1728001, 0.062516763806343
1729001, 0.061697501689196
1730001, 0.064317807555199
1731001, 0.061525646597147
1732001, 0.061295110732317
1733001, 0.061472896486521
1734001, 0.062332019209862
1735001, 0.062603704631329
1736001, 0.061120498925447
1737001, 0.062503427267075
1738001, 0.062639825046062
1739001, 0.061080075800419
1740001, 0.062502607703209
1741001, 0.061865419149399
1742001, 0.064770214259624
1743001, 0.062943734228611
1744001, 0.061165016144514
1745001, 0.063216961920261
1746001, 0.061585757881403
1747001, 0.071508429944515
1748001, 0.061934418976307
1749001, 0.072350367903709
1750001, 0.061420489102602
1751001, 0.061503868550062
1752001, 0.061233021318913
1753001, 0.062258683145046
1754001, 0.063948884606361
1755001, 0.062929384410381
1756001, 0.061200357973576
1757001, 0.072944574058056
1758001, 0.062110397964716
1759001, 0.061780378222466
1760001, 0.063182413578033
1761001, 0.061489995568991
1762001, 0.061755303293467
1763001, 0.061294816434383
1764001, 0.061519589275122
1765001, 0.061551302671432
1766001, 0.063359469175339
1767001, 0.061003971844912
1768001, 0.063290834426880
1769001, 0.061024963855743
1770001, 0.061915922909975
1771001, 0.061770055443048
1772001, 0.061260156333447
1773001, 0.062974430620670
1774001, 0.063684441149235
1775001, 0.061070159077644
1776001, 0.061392918229103
1777001, 0.061255943030119
1778001, 0.063492216169834
1779001, 0.061447389423847
1780001, 0.061850566416979
1781001, 0.061451066285372
1782001, 0.063578084111214
1783001, 0.061247210949659
1784001, 0.061331678181887
1785001, 0.061984840780497
1786001, 0.060871336609125
1787001, 0.061079911887646
1788001, 0.064301513135433
1789001, 0.062097743153572
1790001, 0.062482688575983
1791001, 0.060954578220844
1792001, 0.062424506992102
1793001, 0.061970438808203
1794001, 0.061781272292137
1795001, 0.062621191143990
1796001, 0.062439743429422
1797001, 0.061576537787914
1798001, 0.064736403524876
1799001, 0.061412323266268
1800001, 0.062330037355423
1801001, 0.061525147408247
1802001, 0.061342705041170
1803001, 0.061605468392372
1804001, 0.061754904687405
1805001, 0.061114594340324
1806001, 0.060589049011469
1807001, 0.060826543718576
1808001, 0.060812335461378
1809001, 0.060605864971876
1810001, 0.061126489192247
1811001, 0.060671139508486
1812001, 0.060668230056763
1813001, 0.060764893889427
1814001, 0.079252116382122
1815001, 0.060574769973755
1816001, 0.062592260539532
1817001, 0.062388043850660
1818001, 0.061972256749868
1819001, 0.060529433190823
1820001, 0.062231086194515
1821001, 0.061173904687166
1822001, 0.060633376240730
1823001, 0.060565344989300
1824001, 0.061297349631786
1825001, 0.063070833683014
1826001, 0.064179077744484
1827001, 0.060615982860327
1828001, 0.061580952256918
1829001, 0.061068903654814
1830001, 0.063134759664536
1831001, 0.064457602798939
1832001, 0.061027076095343
1833001, 0.060610849410295
1834001, 0.060706768184900
1835001, 0.061295852065086
1836001, 0.060629241168499
1837001, 0.062010362744331
1838001, 0.067755468189716
1839001, 0.066270023584366
1840001, 0.061469081789255
1841001, 0.063203103840351
1842001, 0.061279542744160
1843001, 0.061741296201944
1844001, 0.061415843665600
1845001, 0.062782958149910
1846001, 0.061400640755892
1847001, 0.062774404883385
1848001, 0.062490705400705
1849001, 0.065650962293148
1850001, 0.063118636608124
1851001, 0.060862388461828
1852001, 0.062782280147076
1853001, 0.065502658486366
1854001, 0.061532225459814
1855001, 0.061153404414654
1856001, 0.060879137367010
1857001, 0.062102068215609
1858001, 0.061880681663752
1859001, 0.062964253127575
1860001, 0.061202954500914
1861001, 0.060500193387270
1862001, 0.062027718871832
1863001, 0.063854672014713
1864001, 0.064183004200459
1865001, 0.061205130070448
1866001, 0.063578851521015
1867001, 0.064933083951473
1868001, 0.060400154441595
1869001, 0.063718050718307
1870001, 0.061239715665579
1871001, 0.063943758606911
1872001, 0.060965083539486
1873001, 0.060844030231237
1874001, 0.067590937018394
1875001, 0.061871211975813
1876001, 0.064907319843769
1877001, 0.061549246311188
1878001, 0.063183158636093
1879001, 0.060562033206224
1880001, 0.060479108244181
1881001, 0.065321542322636
1882001, 0.060922935605049
1883001, 0.061815451830626
1884001, 0.060622226446867
1885001, 0.061117142438889
1886001, 0.060579389333725
1887001, 0.060816403478384
1888001, 0.062577798962593
1889001, 0.060400169342756
1890001, 0.060402236878872
1891001, 0.061925251036882
1892001, 0.060595691204071
1893001, 0.061337023973465
1894001, 0.060812812298536
1895001, 0.062026042491198
1896001, 0.060122352093458
1897001, 0.061596054583788
1898001, 0.061497919261456
1899001, 0.064858354628086
1900001, 0.060768060386181
1901001, 0.062539324164391
1902001, 0.062544167041779
1903001, 0.062031090259552
1904001, 0.062068775296211
1905001, 0.060395501554012
1906001, 0.060503829270601
1907001, 0.060739424079657
1908001, 0.062276836484671
1909001, 0.060817804187536
1910001, 0.060759041458368
1911001, 0.059971146285534
1912001, 0.062304355204105
1913001, 0.061588656157255
1914001, 0.060867272317410
1915001, 0.060041911900043
1916001, 0.062910243868828
1917001, 0.062231697142124
1918001, 0.060300566256046
1919001, 0.061611622571945
1920001, 0.060745172202587
1921001, 0.060288950800896
1922001, 0.060991752892733
1923001, 0.060572016984224
1924001, 0.061259124428034
1925001, 0.060118522495031
1926001, 0.064349792897701
1927001, 0.060212653130293
1928001, 0.064001619815826
1929001, 0.060027293860912
1930001, 0.060338396579027
1931001, 0.062783993780613
1932001, 0.059844098985195
1933001, 0.059820991009474
1934001, 0.062395721673965
1935001, 0.059880249202251
1936001, 0.061901573091745
1937001, 0.059877313673496
1938001, 0.060902852565050
1939001, 0.059866853058338
1940001, 0.061629559844732
1941001, 0.061782382428646
1942001, 0.060187090188265
1943001, 0.059894431382418
1944001, 0.065479934215546
1945001, 0.061217050999403
1946001, 0.061279289424419
1947001, 0.060565449297428
1948001, 0.063361488282681
1949001, 0.061192620545626
1950001, 0.060674265027046
1951001, 0.059950888156891
1952001, 0.060033049434423
1953001, 0.068328790366650
1954001, 0.060290642082691
1955001, 0.059917092323303
1956001, 0.062267791479826
1957001, 0.059751324355602
1958001, 0.061898648738861
1959001, 0.060691382735968
1960001, 0.062088642269373
1961001, 0.060326255857944
1962001, 0.062555655837059
1963001, 0.060598026961088
1964001, 0.059983436018229
1965001, 0.059908617287874
1966001, 0.061732701957226
1967001, 0.060256529599428
1968001, 0.061149775981903
1969001, 0.060709558427334
1970001, 0.062342736870050
1971001, 0.060279350727797
1972001, 0.061086915433407
1973001, 0.062993839383125
1974001, 0.064622975885868
1975001, 0.060669023543596
1976001, 0.059995941817760
1977001, 0.060097653418779
1978001, 0.059809640049934
1979001, 0.060014542192221
1980001, 0.060053773224354
1981001, 0.061017941683531
1982001, 0.060968559235334
1983001, 0.060476422309875
1984001, 0.060629758983850
1985001, 0.061241962015629
1986001, 0.060757372528315
1987001, 0.062951780855656
1988001, 0.060517471283674
1989001, 0.064915657043457
1990001, 0.061809610575438
1991001, 0.059756841510534
1992001, 0.059983022511005
1993001, 0.059749584645033
1994001, 0.060008965432644
1995001, 0.062743745744228
1996001, 0.060574326664209
1997001, 0.061259590089321
1998001, 0.061335831880569
1999001, 0.060416191816330
2000001, 0.061434641480446
2001001, 0.060074407607317
2002001, 0.060587793588638
2003001, 0.060312509536743
2004001, 0.061304792761803
2005001, 0.059631291776896
2006001, 0.060705661773682
2007001, 0.064802698791027
2008001, 0.060298960655928
2009001, 0.061446920037270
2010001, 0.061192225664854
2011001, 0.061028040945530
2012001, 0.060684062540531
2013001, 0.062252681702375
2014001, 0.062926627695560
2015001, 0.060305211693048
2016001, 0.060968343168497
2017001, 0.060952443629503
2018001, 0.061486549675465
2019001, 0.060834616422653
2020001, 0.060448914766312
2021001, 0.059596367180347
2022001, 0.065862230956554
2023001, 0.062604643404484
2024001, 0.059561096131802
2025001, 0.060242056846619
2026001, 0.062219001352787
2027001, 0.059561710804701
2028001, 0.059703506529331
2029001, 0.059423744678497
2030001, 0.060849927365780
2031001, 0.063731715083122
2032001, 0.059747867286205
2033001, 0.060356289148331
2034001, 0.061107415705919
2035001, 0.059902697801590
2036001, 0.060015566647053
2037001, 0.063427723944187
2038001, 0.060030125081539
2039001, 0.059811461716890
2040001, 0.061511922627687
2041001, 0.059539604932070
2042001, 0.060394015163183
2043001, 0.065132603049278
2044001, 0.060828126966953
2045001, 0.060178246349096
2046001, 0.061819668859243
2047001, 0.063005752861500
2048001, 0.061474133282900
2049001, 0.060021702200174
2050001, 0.061309140175581
2051001, 0.060742061585188
2052001, 0.067160129547119
2053001, 0.060921244323254
2054001, 0.059380963444710
2055001, 0.061727538704872
2056001, 0.059995301067829
2057001, 0.059329997748137
2058001, 0.059404689818621
2059001, 0.060687456279993
2060001, 0.065622799098492
2061001, 0.059765659272671
2062001, 0.061164896935225
2063001, 0.067255608737469
2064001, 0.060152854770422
2065001, 0.059402890503407
2066001, 0.059879373759031
2067001, 0.059323515743017
2068001, 0.059408500790596
2069001, 0.059642381966114
2070001, 0.061032835394144
2071001, 0.060738407075405
2072001, 0.062486518174410
2073001, 0.060168169438839
2074001, 0.060533545911312
2075001, 0.061783384531736
2076001, 0.061834670603275
2077001, 0.059327121824026
2078001, 0.059157066047192
2079001, 0.060038991272449
2080001, 0.064424134790897
2081001, 0.059882584959269
2082001, 0.060747399926186
2083001, 0.060205925256014
2084001, 0.059189289808273
2085001, 0.059165120124817
2086001, 0.059465214610100
2087001, 0.059207104146481
2088001, 0.065637402236462
2089001, 0.059136599302292
2090001, 0.061043627560139
2091001, 0.059754699468613
2092001, 0.059878259897232
2093001, 0.059864014387131
2094001, 0.059695445001125
2095001, 0.059890184551477
2096001, 0.059337701648474
2097001, 0.066335223615170
2098001, 0.061043057590723
2099001, 0.063603505492210
2100001, 0.061469420790672
2101001, 0.061892662197351
2102001, 0.059788558632135
2103001, 0.060916613787413
2104001, 0.059282831847668
2105001, 0.059839785099030
2106001, 0.064494982361794
2107001, 0.059244804084301
2108001, 0.060564558953047
2109001, 0.059106949716806
2110001, 0.059196490794420
2111001, 0.059150204062462
2112001, 0.059500161558390
2113001, 0.059021476656199
2114001, 0.059567533433437
2115001, 0.059299461543560
2116001, 0.059051401913166
2117001, 0.060898438096046
2118001, 0.059096377342939
2119001, 0.059188988059759
2120001, 0.060193371027708
2121001, 0.060928635299206
2122001, 0.062518931925297
2123001, 0.059438906610012
2124001, 0.064708195626736
2125001, 0.059244856238365
2126001, 0.059364918619394
2127001, 0.059926632791758
2128001, 0.062179613858461
2129001, 0.060502771288157
2130001, 0.063193604350090
2131001, 0.059313286095858
2132001, 0.059616364538670
2133001, 0.059950847178698
2134001, 0.059071056544781
2135001, 0.061994347721338
2136001, 0.059007279574871
2137001, 0.060163840651512
2138001, 0.059549883008003
2139001, 0.059014122933149
2140001, 0.062957890331745
2141001, 0.063351556658745
2142001, 0.061225816607475
2143001, 0.059540990740061
2144001, 0.061643518507481
2145001, 0.075435675680637
2146001, 0.059444177895784
2147001, 0.059597399085760
2148001, 0.061039794236422
2149001, 0.059110488742590
2150001, 0.061074674129486
2151001, 0.061720412224531
2152001, 0.059918105602264
2153001, 0.060161653906107
2154001, 0.059459988027811
2155001, 0.059361480176449
2156001, 0.059200465679169
2157001, 0.061038386076689
2158001, 0.062654137611389
2159001, 0.059028334915638
2160001, 0.065241880714893
2161001, 0.060030974447727
2162001, 0.060197114944458
2163001, 0.062475010752678
2164001, 0.059079393744469
2165001, 0.059676937758923
2166001, 0.060785192996264
2167001, 0.058768901973963
2168001, 0.058886032551527
2169001, 0.060664877295494
2170001, 0.059109833091497
2171001, 0.062362458556890
2172001, 0.058913107961416
2173001, 0.059939719736576
2174001, 0.059225976467133
2175001, 0.059729702770710
2176001, 0.059569906443357
2177001, 0.060011770576239
2178001, 0.060776699334383
2179001, 0.059640418738127
2180001, 0.058849349617958
2181001, 0.058716185390949
2182001, 0.061362992972136
2183001, 0.062053419649601
2184001, 0.058888196945190
2185001, 0.059815883636475
2186001, 0.060085736215115
2187001, 0.059214945882559
2188001, 0.060264579951763
2189001, 0.058656498789787
2190001, 0.059009995311499
2191001, 0.062178015708923
2192001, 0.059198386967182
2193001, 0.058741457760334
2194001, 0.059910681098700
2195001, 0.059433490037918
2196001, 0.059337873011827
2197001, 0.059894602745771
2198001, 0.060453057289124
2199001, 0.059256054461002
2200001, 0.058683145791292
2201001, 0.062337968498468
2202001, 0.059988077729940
2203001, 0.059135079383850
2204001, 0.061997141689062
2205001, 0.059329517185688
2206001, 0.060992412269115
2207001, 0.062236785888672
2208001, 0.062528997659683
2209001, 0.058493196964264
2210001, 0.058877676725388
2211001, 0.059937071055174
2212001, 0.060089942067862
2213001, 0.059671133756638
2214001, 0.058660984039307
2215001, 0.058877222239971
2216001, 0.059197384864092
2217001, 0.059603936970234
2218001, 0.059562671929598
2219001, 0.059979278594255
2220001, 0.058818895369768
2221001, 0.060337182134390
2222001, 0.059464324265718
2223001, 0.059559926390648
2224001, 0.058853536844254
2225001, 0.061273910105228
2226001, 0.059437252581120
2227001, 0.059935107827187
2228001, 0.058763951063156
2229001, 0.058451086282730
2230001, 0.059045501053333
2231001, 0.058631341904402
2232001, 0.059022691100836
2233001, 0.061426077038050
2234001, 0.060145448893309
2235001, 0.061348307877779
2236001, 0.058965504169464
2237001, 0.059301622211933
2238001, 0.059664651751518
2239001, 0.059147395193577
2240001, 0.060620587319136
2241001, 0.059173107147217
2242001, 0.058576915413141
2243001, 0.058758459985256
2244001, 0.059548370540142
2245001, 0.062542051076889
2246001, 0.060724388808012
2247001, 0.058928009122610
2248001, 0.059155460447073
2249001, 0.059907104820013
2250001, 0.058590710163116
2251001, 0.058370694518089
2252001, 0.059484574943781
2253001, 0.058605082333088
2254001, 0.058449290692806
2255001, 0.059783674776554
2256001, 0.058772411197424
2257001, 0.059593442827463
2258001, 0.058459822088480
2259001, 0.058472193777561
2260001, 0.058844786137342
2261001, 0.066192835569382
2262001, 0.059776343405247
2263001, 0.059339102357626
2264001, 0.062876246869564
2265001, 0.058621395379305
2266001, 0.060488194227219
2267001, 0.060605958104134
2268001, 0.058972176164389
2269001, 0.060796353965998
2270001, 0.058745898306370
2271001, 0.058272585272789
2272001, 0.059390366077423
2273001, 0.060176316648722
2274001, 0.058341275900602
2275001, 0.058747217059135
2276001, 0.058451704680920
2277001, 0.058793235570192
2278001, 0.059516597539186
2279001, 0.061675939708948
2280001, 0.060360584408045
2281001, 0.059246983379126
2282001, 0.061709731817245
2283001, 0.059013500809669
2284001, 0.058684036135674
2285001, 0.058896116912365
2286001, 0.059288140386343
2287001, 0.059610482305288
2288001, 0.060430482029915
2289001, 0.058221351355314
2290001, 0.059514258056879
2291001, 0.059087920933962
2292001, 0.060637962073088
2293001, 0.059438865631819
2294001, 0.060257367789745
2295001, 0.058970350772142
2296001, 0.059903517365456
2297001, 0.058536723256111
2298001, 0.061697587370872
2299001, 0.059065166860819
2300001, 0.061567567288876
2301001, 0.062526285648346
2302001, 0.058680448681116
2303001, 0.060161683708429
2304001, 0.059120215475559
2305001, 0.058753203600645
2306001, 0.058966882526875
2307001, 0.058198064565659
2308001, 0.059266235679388
2309001, 0.059718266129494
2310001, 0.058744382113218
2311001, 0.058354325592518
2312001, 0.060171943157911
2313001, 0.060041442513466
2314001, 0.059535089880228
2315001, 0.058541253209114
2316001, 0.062015663832426
2317001, 0.061540983617306
2318001, 0.058358076959848
2319001, 0.059844437986612
2320001, 0.061582095921040
2321001, 0.060403287410736
2322001, 0.059192426502705
2323001, 0.059241920709610
2324001, 0.059232462197542
2325001, 0.058351304382086
2326001, 0.062469564378262
2327001, 0.098723903298378
2328001, 0.059463102370501
2329001, 0.059857126325369
2330001, 0.062545455992222
2331001, 0.059421505779028
2332001, 0.058215677738190
2333001, 0.058451406657696
2334001, 0.060635928064585
2335001, 0.059052508324385
2336001, 0.060707733035088
2337001, 0.067999593913555
2338001, 0.057961277663708
2339001, 0.060712501406670
2340001, 0.060207698494196
2341001, 0.058982260525227
2342001, 0.058368988335133
2343001, 0.058254066854715
2344001, 0.058699328452349
2345001, 0.058763612061739
2346001, 0.061919186264277
2347001, 0.059128858149052
2348001, 0.059273708611727
2349001, 0.059094585478306
2350001, 0.060078386217356
2351001, 0.059502121061087
2352001, 0.059744238853455
2353001, 0.058078046888113
2354001, 0.061012018471956
2355001, 0.057979796081781
2356001, 0.058120884001255
2357001, 0.062303129583597
2358001, 0.061431489884853
2359001, 0.062721990048885
2360001, 0.058640711009502
2361001, 0.059625968337059
2362001, 0.058183029294014
2363001, 0.059290293604136
2364001, 0.058114651590586
2365001, 0.058481253683567
2366001, 0.058036651462317
2367001, 0.066299498081207
2368001, 0.058536812663078
2369001, 0.061605479568243
2370001, 0.060750015079975
2371001, 0.059353847056627
2372001, 0.058645218610764
2373001, 0.058018278330564
2374001, 0.058658104389906
2375001, 0.060206882655621
2376001, 0.060698594897985
2377001, 0.058128148317337
2378001, 0.058434918522835
2379001, 0.058597523719072
2380001, 0.058230571448803
2381001, 0.060841348022223
2382001, 0.076899647712708
2383001, 0.058308519423008
2384001, 0.062797293066978
2385001, 0.059977304190397
2386001, 0.058388229459524
2387001, 0.057653635740280
2388001, 0.059210583567619
2389001, 0.058538734912872
2390001, 0.057674098759890
2391001, 0.059104815125465
2392001, 0.059652820229530
2393001, 0.059939358383417
2394001, 0.058320529758930
2395001, 0.063442058861256
2396001, 0.057856783270836
2397001, 0.058097690343857
2398001, 0.059341274201870
2399001, 0.059964064508677
2400001, 0.058327931910753
2401001, 0.059734378010035
2402001, 0.060881782323122
2403001, 0.059654381126165
2404001, 0.057552084326744
2405001, 0.058229729533195
2406001, 0.058885224163532
2407001, 0.061625152826309
2408001, 0.059108164161444
2409001, 0.062241297215223
2410001, 0.058867789804935
2411001, 0.059650808572769
2412001, 0.059909429401159
2413001, 0.058765079826117
2414001, 0.057885415852070
2415001, 0.058536402881145
2416001, 0.058010060340166
2417001, 0.057609714567661
2418001, 0.060362473130226
2419001, 0.060941122472286
2420001, 0.058129452168941
2421001, 0.059606142342091
2422001, 0.057625975459814
2423001, 0.058003704994917
2424001, 0.058511979877949
2425001, 0.057993911206722
2426001, 0.058856453746557
2427001, 0.057818375527859
2428001, 0.057702004909515
2429001, 0.059912551194429
2430001, 0.057715848088264
2431001, 0.058907970786095
2432001, 0.059732731431723
2433001, 0.058193758130074
2434001, 0.060387633740902
2435001, 0.058050483465195
2436001, 0.058556918054819
2437001, 0.062920473515987
2438001, 0.058580920100212
2439001, 0.060762062668800
2440001, 0.058911498636007
2441001, 0.061693415045738
2442001, 0.059449117630720
2443001, 0.057580385357141
2444001, 0.059423945844173
2445001, 0.057445615530014
2446001, 0.057490527629852
2447001, 0.058326702564955
2448001, 0.057568985968828
2449001, 0.058566629886627
2450001, 0.059089981019497
2451001, 0.058001182973385
2452001, 0.060816179960966
2453001, 0.059646714478731
2454001, 0.057524845004082
2455001, 0.061197161674500
2456001, 0.058285370469093
2457001, 0.058100111782551
2458001, 0.057671193033457
2459001, 0.058533087372780
2460001, 0.062687993049622
2461001, 0.058076836168766
2462001, 0.058683041483164
2463001, 0.059365764260292
2464001, 0.060047294944525
2465001, 0.057465430349112
2466001, 0.057968288660049
2467001, 0.059231858700514
2468001, 0.057276900857687
2469001, 0.058339267969131
2470001, 0.060487970709801
2471001, 0.059354484081268
2472001, 0.063270039856434
2473001, 0.057274553924799
2474001, 0.058999400585890
2475001, 0.061648145318031
2476001, 0.057394158095121
2477001, 0.057520098984241
2478001, 0.058482941240072
2479001, 0.057924974709749
2480001, 0.059469621628523
2481001, 0.060163348913193
2482001, 0.057373017072678
2483001, 0.057508900761604
2484001, 0.060083042830229
2485001, 0.058885321021080
2486001, 0.058203984051943
2487001, 0.062233529984951
2488001, 0.057210993021727
2489001, 0.063655592501163
2490001, 0.062529139220715
2491001, 0.057787869125605
2492001, 0.059177175164223
2493001, 0.063178285956383
2494001, 0.057720284909010
2495001, 0.057683262974024
2496001, 0.057342533022165
2497001, 0.057750508189201
2498001, 0.058196455240250
2499001, 0.060271717607975
2500001, 0.057869285345078
2501001, 0.059059374034405
2502001, 0.059184286743402
2503001, 0.057465963065624
2504001, 0.060008000582457
2505001, 0.058089431375265
2506001, 0.057726908475161
2507001, 0.058946412056684
2508001, 0.058880552649498
2509001, 0.057756893336773
2510001, 0.057434115558863
2511001, 0.059447042644024
2512001, 0.057304114103317
2513001, 0.061417892575264
2514001, 0.059305638074875
2515001, 0.057411063462496
2516001, 0.060046542435884
2517001, 0.058088969439268
2518001, 0.058319978415966
2519001, 0.057208567857742
2520001, 0.057328861206770
2521001, 0.057104069739580
2522001, 0.063115701079369
2523001, 0.059618256986141
2524001, 0.057429891079664
2525001, 0.057787671685219
2526001, 0.057415217161179
2527001, 0.059067595750093
2528001, 0.057887241244316
2529001, 0.059028584510088
2530001, 0.061456747353077
2531001, 0.057218633592129
2532001, 0.057399921119213
2533001, 0.057779293507338
2534001, 0.062247648835182
2535001, 0.056990545243025
2536001, 0.057183079421520
2537001, 0.059759695082903
2538001, 0.057419702410698
2539001, 0.057924665510654
2540001, 0.061959203332663
2541001, 0.057085584849119
2542001, 0.059359177947044
2543001, 0.062679350376129
2544001, 0.058151915669441
2545001, 0.059094749391079
2546001, 0.058059889823198
2547001, 0.057446353137493
2548001, 0.057077441364527
2549001, 0.057404223829508
2550001, 0.060893088579178
2551001, 0.057529456913471
2552001, 0.058785550296307
2553001, 0.059311479330063
2554001, 0.058736257255077
2555001, 0.060993153601885
2556001, 0.060339108109474
2557001, 0.060414422303438
2558001, 0.062975756824017
2559001, 0.058853346854448
2560001, 0.059960220009089
2561001, 0.059245958924294
2562001, 0.058667480945587
2563001, 0.058310557156801
2564001, 0.057309675961733
2565001, 0.060212448239326
2566001, 0.057172551751137
2567001, 0.058151308447123
2568001, 0.058063216507435
2569001, 0.057944782078266
2570001, 0.060266595333815
2571001, 0.056984640657902
2572001, 0.061906024813652
2573001, 0.059004031121731
2574001, 0.056859981268644
2575001, 0.056898254901171
2576001, 0.061712011694908
2577001, 0.057319793850183
2578001, 0.057155340909958
2579001, 0.057712946087122
2580001, 0.057945255190134
2581001, 0.056838374584913
2582001, 0.057989977300167
2583001, 0.057330049574375
2584001, 0.060261391103268
2585001, 0.057719275355339
2586001, 0.057397205382586
2587001, 0.060665331780910
2588001, 0.058604620397091
2589001, 0.056903466582298
2590001, 0.064864270389080
2591001, 0.059108901768923
2592001, 0.057037558406591
2593001, 0.057722162455320
2594001, 0.057589016854763
2595001, 0.057566110044718
2596001, 0.058120310306549
2597001, 0.057828038930893
2598001, 0.058138471096754
2599001, 0.057334002107382
2600001, 0.060563363134861
2601001, 0.056907624006271
2602001, 0.058102313429117
2603001, 0.057336628437042
2604001, 0.057186685502529
2605001, 0.058905467391014
2606001, 0.057563289999962
2607001, 0.056869562715292
2608001, 0.057450968772173
2609001, 0.056857973337173
2610001, 0.059720344841480
2611001, 0.056859940290451
2612001, 0.061919186264277
2613001, 0.057073172181845
2614001, 0.057627733796835
2615001, 0.056740429252386
2616001, 0.059608649462461
2617001, 0.064716674387455
2618001, 0.057107117027044
2619001, 0.059415206313133
2620001, 0.058714650571346
2621001, 0.060875359922647
2622001, 0.056986447423697
2623001, 0.057788971811533
2624001, 0.058415278792381
2625001, 0.058705333620310
2626001, 0.059386268258095
2627001, 0.057272300124168
2628001, 0.057662662118673
2629001, 0.060608159750700
2630001, 0.059857219457626
2631001, 0.056859560310841
2632001, 0.059229750186205
2633001, 0.059626765549183
2634001, 0.062870465219021
2635001, 0.056753378361464
2636001, 0.058269727975130
2637001, 0.056923542171717
2638001, 0.058285113424063
2639001, 0.056730061769485
2640001, 0.064609274268150
2641001, 0.056765209883451
2642001, 0.057502701878548
2643001, 0.056758996099234
2644001, 0.057719334959984
2645001, 0.056589871644974
2646001, 0.060506504029036
2647001, 0.057078026235104
2648001, 0.057156968861818
2649001, 0.058592338114977
2650001, 0.056613959372044
2651001, 0.057783201336861
2652001, 0.056561991572380
2653001, 0.058469515293837
2654001, 0.057101011276245
2655001, 0.057533409446478
2656001, 0.057201102375984
2657001, 0.057226248085499
2658001, 0.058433618396521
2659001, 0.057379074394703
2660001, 0.060858331620693
2661001, 0.062852621078491
2662001, 0.057305138558149
2663001, 0.056610528379679
2664001, 0.059655316174030
2665001, 0.062421049922705
2666001, 0.058823075145483
2667001, 0.058162607252598
2668001, 0.056790135800838
2669001, 0.056735150516033
2670001, 0.058941312134266
2671001, 0.057705666869879
2672001, 0.057325251400471
2673001, 0.057609800249338
2674001, 0.057267218828201
2675001, 0.057521291077137
2676001, 0.056626934558153
2677001, 0.058088760823011
2678001, 0.058401215821505
2679001, 0.057097028940916
2680001, 0.057411737740040
2681001, 0.057545084506273
2682001, 0.056768726557493
2683001, 0.056590918451548
2684001, 0.058307506144047
2685001, 0.056852564215660
2686001, 0.057536628097296
2687001, 0.057806458324194
2688001, 0.056849341839552
2689001, 0.057221438735723
2690001, 0.058285266160965
2691001, 0.057012744247913
2692001, 0.056778755038977
2693001, 0.058509558439255
2694001, 0.057795170694590
2695001, 0.056704126298428
2696001, 0.056420151144266
2697001, 0.057160805910826
2698001, 0.056575827300549
2699001, 0.057302899658680
2700001, 0.057273987680674
2701001, 0.060493890196085
2702001, 0.063225038349628
2703001, 0.056554991751909
2704001, 0.058390304446220
2705001, 0.057797212153673
2706001, 0.057452026754618
2707001, 0.056849692016840
2708001, 0.061027619987726
2709001, 0.059484872967005
2710001, 0.056482367217541
2711001, 0.056564494967461
2712001, 0.056657370179892
2713001, 0.064218439161777
2714001, 0.056622367352247
2715001, 0.059052482247353
2716001, 0.059579491615295
2717001, 0.057590980082750
2718001, 0.061588142067194
2719001, 0.059779845178127
2720001, 0.057712566107512
2721001, 0.058841742575169
2722001, 0.059198573231697
2723001, 0.056535549461842
2724001, 0.057874035090208
2725001, 0.059507079422474
2726001, 0.057110242545605
2727001, 0.056309226900339
2728001, 0.056340068578720
2729001, 0.057980455458164
2730001, 0.060358159244061
2731001, 0.057550054043531
2732001, 0.061087280511856
2733001, 0.056858219206333
2734001, 0.057840388268232
2735001, 0.058661550283432
2736001, 0.056638911366463
2737001, 0.061874113976955
2738001, 0.057301312685013
2739001, 0.058005131781101
2740001, 0.057329330593348
2741001, 0.056799579411745
2742001, 0.059023406356573
2743001, 0.057005442678928
2744001, 0.057741355150938
2745001, 0.058120749890804
2746001, 0.059000805020332
2747001, 0.057401623576880
2748001, 0.058224171400070
2749001, 0.057426042854786
2750001, 0.059354789555073
2751001, 0.058337550610304
2752001, 0.058940179646015
2753001, 0.058894895017147
2754001, 0.056666400283575
2755001, 0.057386014610529
2756001, 0.059492189437151
2757001, 0.065876401960850
2758001, 0.056564204394817
2759001, 0.057861175388098
2760001, 0.058481406420469
2761001, 0.056944005191326
2762001, 0.058884166181087
2763001, 0.056721672415733
2764001, 0.056654110550880
2765001, 0.057873569428921
2766001, 0.057381041347980
2767001, 0.057878971099854
2768001, 0.056365422904491
2769001, 0.061202637851238
2770001, 0.056460674852133
2771001, 0.057498723268509
2772001, 0.056316871196032
2773001, 0.061675246804953
2774001, 0.057176664471626
2775001, 0.056746818125248
2776001, 0.056113433092833
2777001, 0.059487503021955
2778001, 0.056675102561712
2779001, 0.056614443659782
2780001, 0.057835068553686
2781001, 0.056450422853231
2782001, 0.056332092732191
2783001, 0.057399902492762
2784001, 0.057962827384472
2785001, 0.060390368103981
2786001, 0.057132806628942
2787001, 0.058357093483210
2788001, 0.056406468153000
2789001, 0.057047288864851
2790001, 0.056202068924904
2791001, 0.057082228362560
2792001, 0.059851825237274
2793001, 0.057425267994404
2794001, 0.060639604926109
2795001, 0.056663263589144
2796001, 0.056569244712591
2797001, 0.060496881604195
2798001, 0.056454889476299
2799001, 0.056614741683006
2800001, 0.060411881655455
2801001, 0.059011038392782
2802001, 0.057537943124771
2803001, 0.057642757892609
2804001, 0.058951672166586
2805001, 0.057038784027100
2806001, 0.056070547550917
2807001, 0.056533403694630
2808001, 0.057428162544966
2809001, 0.056662812829018
2810001, 0.056842118501663
2811001, 0.057895552366972
2812001, 0.057295557111502
2813001, 0.055897433310747
2814001, 0.055896367877722
2815001, 0.055860485881567
2816001, 0.056200683116913
2817001, 0.057950567454100
2818001, 0.056285984814167
2819001, 0.057309992611408
2820001, 0.056059584021568
2821001, 0.061257336288691
2822001, 0.058048278093338
2823001, 0.055864494293928
2824001, 0.055970091372728
2825001, 0.057120066136122
2826001, 0.056196220219135
2827001, 0.057327050715685
2828001, 0.056084495037794
2829001, 0.056382559239864
2830001, 0.058057006448507
2831001, 0.055926695466042
2832001, 0.056222766637802
2833001, 0.057981386780739
2834001, 0.056805744767189
2835001, 0.056059259921312
2836001, 0.057574495673180
2837001, 0.057119242846966
2838001, 0.059325359761715
2839001, 0.056529987603426
2840001, 0.057798527181149
2841001, 0.056826964020729
2842001, 0.062725760042667
2843001, 0.056891437619925
2844001, 0.056515529751778
2845001, 0.055985689163208
2846001, 0.057237882167101
2847001, 0.056426327675581
2848001, 0.057519767433405
2849001, 0.056622732430696
2850001, 0.061950605362654
2851001, 0.057426411658525
2852001, 0.056701857596636
2853001, 0.057305876165628
2854001, 0.056223940104246
2855001, 0.056755155324936
2856001, 0.062028657644987
2857001, 0.056408528238535
2858001, 0.056736484169960
2859001, 0.058381244540215
2860001, 0.059183720499277
2861001, 0.056513484567404
2862001, 0.057867791503668
2863001, 0.056209266185760
2864001, 0.055948238819838
2865001, 0.056366801261902
2866001, 0.056470092386007
2867001, 0.059145405888557
2868001, 0.056166496127844
2869001, 0.057311415672302
2870001, 0.058590468019247
2871001, 0.055848479270935
2872001, 0.055922579020262
2873001, 0.056423958390951
2874001, 0.056739747524261
2875001, 0.059423297643661
2876001, 0.056054871529341
2877001, 0.057483352720737
2878001, 0.056611251085997
2879001, 0.058800842612982
2880001, 0.056978121399879
2881001, 0.061468515545130
2882001, 0.055962793529034
2883001, 0.056194610893726
2884001, 0.057863369584084
2885001, 0.059340544044971
2886001, 0.056125309318304
2887001, 0.057563114911318
2888001, 0.057434238493443
2889001, 0.056018341332674
2890001, 0.056377287954092
2891001, 0.058345068246126
2892001, 0.057603262364864
2893001, 0.055820342153311
2894001, 0.056606113910675
2895001, 0.057498849928379
2896001, 0.056904044002295
2897001, 0.056074801832438
2898001, 0.058426864445210
2899001, 0.057978540658951
2900001, 0.055863689631224
2901001, 0.055769551545382
2902001, 0.058755174279213
2903001, 0.057336814701557
2904001, 0.058593831956387
2905001, 0.055681325495243
2906001, 0.056873343884945
2907001, 0.058715239167213
2908001, 0.056689340621233
2909001, 0.058787360787392
2910001, 0.056656811386347
2911001, 0.060456898063421
2912001, 0.057605583220720
2913001, 0.058097213506699
2914001, 0.056331519037485
2915001, 0.056623518466949
2916001, 0.057066939771175
2917001, 0.056003227829933
2918001, 0.058396961539984
2919001, 0.055986996740103
2920001, 0.056203354150057
2921001, 0.056433930993080
2922001, 0.057175729423761
2923001, 0.055667217820883
2924001, 0.056224886327982
2925001, 0.055754762142897
2926001, 0.057436387985945
2927001, 0.055823586881161
2928001, 0.056398887187243
2929001, 0.056057263165712
2930001, 0.058422349393368
2931001, 0.058214716613293
2932001, 0.058634165674448
2933001, 0.055548142641783
2934001, 0.058367453515530
2935001, 0.056643534451723
2936001, 0.058130860328674
2937001, 0.056528601795435
2938001, 0.056392733007669
2939001, 0.056061558425426
2940001, 0.055640816688538
2941001, 0.056295692920685
2942001, 0.058115065097809
2943001, 0.055932909250259
2944001, 0.056824546307325
2945001, 0.057818569242954
2946001, 0.056426793336868
2947001, 0.055628865957260
2948001, 0.060272116214037
2949001, 0.056132193654776
2950001, 0.060764662921429
2951001, 0.056150279939175
2952001, 0.056592389941216
2953001, 0.059499613940716
2954001, 0.055561222136021
2955001, 0.055903602391481
2956001, 0.058540429919958
2957001, 0.055862888693810
2958001, 0.059287544339895
2959001, 0.056215357035398
2960001, 0.059013597667217
2961001, 0.057545050978661
2962001, 0.056069660931826
2963001, 0.055488780140877
2964001, 0.057487439364195
2965001, 0.055655479431152
2966001, 0.057038445025682
2967001, 0.058798938989639
2968001, 0.057703167200089
2969001, 0.061494778841734
2970001, 0.056038144975901
2971001, 0.056075599044561
2972001, 0.058370664715767
2973001, 0.056807868182659
2974001, 0.056156158447266
2975001, 0.059716437011957
2976001, 0.056913528591394
2977001, 0.056545559316874
2978001, 0.068725399672985
2979001, 0.055760707706213
2980001, 0.055866714566946
2981001, 0.058337900787592
2982001, 0.055761165916920
2983001, 0.059260051697493
2984001, 0.055348627269268
2985001, 0.056711886078119
2986001, 0.059142757207155
2987001, 0.056130703538656
2988001, 0.058468148112297
2989001, 0.055876567959785
2990001, 0.055939100682735
2991001, 0.056298349052668
2992001, 0.061042532324791
2993001, 0.057119842618704
2994001, 0.055685739964247
2995001, 0.059650249779224
2996001, 0.057606458663940
2997001, 0.057084392756224
2998001, 0.055654395371675
2999001, 0.056554157286882
3000001, 0.058547619730234
3001001, 0.057285536080599
3002001, 0.057076316326857
3003001, 0.055554527789354
3004001, 0.062532149255276
3005001, 0.061797242611647
3006001, 0.058607339859009
3007001, 0.058265749365091
3008001, 0.055358920246363
3009001, 0.056823451071978
3010001, 0.056602425873280
3011001, 0.055538743734360
3012001, 0.055258940905333
3013001, 0.057553373277187
3014001, 0.056144382804632
3015001, 0.055775586515665
3016001, 0.057225666940212
3017001, 0.056495502591133
3018001, 0.055581592023373
3019001, 0.057162225246429
3020001, 0.057087350636721
3021001, 0.055525828152895
3022001, 0.055437855422497
3023001, 0.056595116853714
3024001, 0.055964548140764
3025001, 0.055764254182577
3026001, 0.056788239628077
3027001, 0.055364783853292
3028001, 0.055209178477526
3029001, 0.061471905559301
3030001, 0.055547703057528
3031001, 0.057459868490696
3032001, 0.057864360511303
3033001, 0.056669574230909
3034001, 0.059691920876503
3035001, 0.057742513716221
3036001, 0.058239869773388
3037001, 0.055200159549713
3038001, 0.056021165102720
3039001, 0.057409729808569
3040001, 0.056232009083033
3041001, 0.055559560656548
3042001, 0.055247124284506
3043001, 0.057851318269968
3044001, 0.056767720729113
3045001, 0.055373277515173
3046001, 0.055188782513142
3047001, 0.058952677994967
3048001, 0.055677693337202
3049001, 0.055943023413420
3050001, 0.055825762450695
3051001, 0.057408701628447
3052001, 0.055821996182203
3053001, 0.055545091629028
3054001, 0.057031311094761
3055001, 0.055853493511677
3056001, 0.055542130023241
3057001, 0.056108519434929
3058001, 0.057681638747454
3059001, 0.058896034955978
3060001, 0.055760037153959
3061001, 0.057298298925161
3062001, 0.055750537663698
3063001, 0.055656433105469
3064001, 0.055350575596094
3065001, 0.073128014802933
3066001, 0.055125426501036
3067001, 0.055478435009718
3068001, 0.055717334151268
3069001, 0.056033290922642
3070001, 0.055613674223423
3071001, 0.056817412376404
3072001, 0.056599166244268
3073001, 0.058051124215126
3074001, 0.058944419026375
3075001, 0.055755883455276
3076001, 0.061288625001907
3077001, 0.056341897696257
3078001, 0.056902851909399
3079001, 0.057450372725725
3080001, 0.055158093571663
3081001, 0.055928125977516
3082001, 0.056581571698189
3083001, 0.059588775038719
3084001, 0.056151878088713
3085001, 0.055455680936575
3086001, 0.056247398257256
3087001, 0.062518067657948
3088001, 0.057545099407434
3089001, 0.056175924837589
3090001, 0.063770055770874
3091001, 0.056915558874607
3092001, 0.057804718613625
3093001, 0.058053687214851
3094001, 0.055244877934456
3095001, 0.059538349509239
3096001, 0.078262940049171
3097001, 0.057771798223257
3098001, 0.059187356382608
3099001, 0.055329982191324
3100001, 0.057256158441305
3101001, 0.055404074490070
3102001, 0.056176297366619
3103001, 0.055204059928656
3104001, 0.056025706231594
3105001, 0.055900756269693
3106001, 0.055489409714937
3107001, 0.057513359934092
3108001, 0.055823102593422
3109001, 0.056892581284046
3110001, 0.060396812856197
3111001, 0.057070758193731
3112001, 0.058342184871435
3113001, 0.055215980857611
3114001, 0.056541725993156
3115001, 0.058950517326593
3116001, 0.056779213249683
3117001, 0.055782314389944
3118001, 0.056036025285721
3119001, 0.055200707167387
3120001, 0.056168653070927
3121001, 0.055454660207033
3122001, 0.058010652661324
3123001, 0.060992438346148
3124001, 0.056184716522694
3125001, 0.055091984570026
3126001, 0.057710964232683
3127001, 0.055081665515900
3128001, 0.056333001703024
3129001, 0.059479702264071
3130001, 0.055381193757057
3131001, 0.054994445294142
3132001, 0.059172227978706
3133001, 0.058270234614611
3134001, 0.056198853999376
3135001, 0.056901246309280
3136001, 0.059640511870384
3137001, 0.056465268135071
3138001, 0.056261226534843
3139001, 0.055534642189741
3140001, 0.055055044591427
3141001, 0.056256201118231
3142001, 0.056138444691896
3143001, 0.056019358336926
3144001, 0.056379679590464
3145001, 0.056299209594727
3146001, 0.058078482747078
3147001, 0.056126512587070
3148001, 0.056293189525604
3149001, 0.055549025535583
3150001, 0.057551648467779
3151001, 0.057319864630699
3152001, 0.055217523127794
3153001, 0.059248093515635
3154001, 0.055773790925741
3155001, 0.055170465260744
3156001, 0.056426931172609
3157001, 0.057138446718454
3158001, 0.058241553604603
3159001, 0.055310063064098
3160001, 0.055291160941124
3161001, 0.055042486637831
3162001, 0.056188337504864
3163001, 0.057512398809195
3164001, 0.056508511304855
3165001, 0.055902954190969
3166001, 0.056037098169327
3167001, 0.055188376456499
3168001, 0.056219652295113
3169001, 0.055233925580978
3170001, 0.054812468588352
3171001, 0.055310279130936
3172001, 0.058174654841423
3173001, 0.056506954133511
3174001, 0.055886384099722
3175001, 0.054902844130993
3176001, 0.054872129112482
3177001, 0.056325893849134
3178001, 0.055382873862982
3179001, 0.055776737630367
3180001, 0.057881571352482
3181001, 0.055795427411795
3182001, 0.056040454655886
3183001, 0.055083248764277
3184001, 0.061493422836065
3185001, 0.054822903126478
3186001, 0.056412294507027
3187001, 0.055139277130365
3188001, 0.055284354835749
3189001, 0.055156428366899
3190001, 0.054914582520723
3191001, 0.056779284030199
3192001, 0.055384479463100
3193001, 0.054888259619474
3194001, 0.054788727313280
3195001, 0.054838333278894
3196001, 0.054637480527163
3197001, 0.054707322269678
3198001, 0.055282011628151
3199001, 0.056381806731224
3200001, 0.055590774863958
3201001, 0.055807348340750
3202001, 0.055724449455738
3203001, 0.054768189787865
3204001, 0.055911608040333
3205001, 0.054858021438122
3206001, 0.055319059640169
3207001, 0.056697584688663
3208001, 0.059263646602631
3209001, 0.056372750550508
3210001, 0.054787807166576
3211001, 0.067915000021458
3212001, 0.054868798702955
3213001, 0.056224454194307
3214001, 0.055158637464046
3215001, 0.063736438751221
3216001, 0.055504068732262
3217001, 0.055469058454037
3218001, 0.055674828588963
3219001, 0.055185504257679
3220001, 0.059300586581230
3221001, 0.055072616785765
3222001, 0.055465109646320
3223001, 0.054555360227823
3224001, 0.055738277733326
3225001, 0.057987064123154
3226001, 0.055033933371305
3227001, 0.068153798580170
3228001, 0.062779366970062
3229001, 0.054674036800861
3230001, 0.054862480610609
3231001, 0.055069945752621
3232001, 0.055940743535757
3233001, 0.054423753172159
3234001, 0.055443610996008
3235001, 0.055875059217215
3236001, 0.056422114372253
3237001, 0.058554138988256
3238001, 0.054592393338680
3239001, 0.055700447410345
3240001, 0.055895246565342
3241001, 0.054747384041548
3242001, 0.055279500782490
3243001, 0.054782759398222
3244001, 0.055151790380478
3245001, 0.055670898407698
3246001, 0.056309409439564
3247001, 0.055213794112206
3248001, 0.056701313704252
3249001, 0.054902166128159
3250001, 0.055239968001842
3251001, 0.055789493024349
3252001, 0.056533116847277
3253001, 0.058365266770124
3254001, 0.054567482322454
3255001, 0.058533463627100
3256001, 0.054377678781748
3257001, 0.058526165783405
3258001, 0.056315921247005
3259001, 0.056001856923103
3260001, 0.055585358291864
3261001, 0.061416294425726
3262001, 0.064713954925537
3263001, 0.054481245577335
3264001, 0.054858829826117
3265001, 0.054963637143373
3266001, 0.055849604308605
3267001, 0.057035539299250
3268001, 0.055115725845098
3269001, 0.069649472832680
3270001, 0.055301178246737
3271001, 0.054465625435114
3272001, 0.054709523916245
3273001, 0.055922266095877
3274001, 0.054541446268559
3275001, 0.057466149330139
3276001, 0.055003125220537
3277001, 0.057500604540110
3278001, 0.054811347275972
3279001, 0.054814971983433
3280001, 0.055796280503273
3281001, 0.055539894849062
3282001, 0.054463215172291
3283001, 0.059050593525171
3284001, 0.056373804807663
3285001, 0.057156600058079
3286001, 0.056338749825954
3287001, 0.057593040168285
3288001, 0.055668510496616
3289001, 0.057778868824244
3290001, 0.054828982800245
3291001, 0.055012758821249
3292001, 0.055947601795197
3293001, 0.054330140352249
3294001, 0.055492904037237
3295001, 0.055116355419159
3296001, 0.057655718177557
3297001, 0.054891027510166
3298001, 0.056895837187767
3299001, 0.057217720896006
3300001, 0.054814200848341
3301001, 0.054648287594318
3302001, 0.054406873881817
3303001, 0.075054317712784
3304001, 0.055565577000380
3305001, 0.054982796311378
3306001, 0.056455325335264
3307001, 0.056872531771660
3308001, 0.055603370070457
3309001, 0.054295886307955
3310001, 0.054665848612785
3311001, 0.056906774640083
3312001, 0.056369170546532
3313001, 0.054571345448494
3314001, 0.056993298232555
3315001, 0.055416394025087
3316001, 0.056293342262506
3317001, 0.058014284819365
3318001, 0.054866325110197
3319001, 0.054449368268251
3320001, 0.055589936673641
3321001, 0.056960716843605
3322001, 0.058332856744528
3323001, 0.054310686886311
3324001, 0.055595617741346
3325001, 0.054559584707022
3326001, 0.055727202445269
3327001, 0.061919577419758
3328001, 0.055585049092770
3329001, 0.054901115596294
3330001, 0.057327695190907
3331001, 0.056116465479136
3332001, 0.054692778736353
3333001, 0.056936196982861
3334001, 0.056247740983963
3335001, 0.088859483599663
3336001, 0.056183006614447
3337001, 0.056873045861721
3338001, 0.056122846901417
3339001, 0.055336531251669
3340001, 0.055824849754572
3341001, 0.057571753859520
3342001, 0.055499807000160
3343001, 0.054144825786352
3344001, 0.055829029530287
3345001, 0.056121945381165
3346001, 0.057389494031668
3347001, 0.054947409778833
3348001, 0.054962221533060
3349001, 0.055834230035543
3350001, 0.054739773273468
3351001, 0.054640751332045
3352001, 0.055312149226665
3353001, 0.055622782558203
3354001, 0.069213733077049
3355001, 0.058288458734751
3356001, 0.055747378617525
3357001, 0.054155725985765
3358001, 0.058211676776409
3359001, 0.054929241538048
3360001, 0.056541390717030
3361001, 0.055330522358418
3362001, 0.054092548787594
3363001, 0.064037568867207
3364001, 0.054831802845001
3365001, 0.054869137704372
3366001, 0.054405111819506
3367001, 0.056462250649929
3368001, 0.058248862624168
3369001, 0.057173009961843
3370001, 0.055003479123116
3371001, 0.057340890169144
3372001, 0.059347841888666
3373001, 0.056352276355028
3374001, 0.054466344416142
3375001, 0.056627713143826
3376001, 0.054216958582401
3377001, 0.056707423180342
3378001, 0.055577926337719
3379001, 0.058584872633219
3380001, 0.054328672587872
3381001, 0.054842587560415
3382001, 0.058783315122128
3383001, 0.057349286973476
3384001, 0.056290023028851
3385001, 0.054138246923685
3386001, 0.055188775062561
3387001, 0.056589778512716
3388001, 0.054146025329828
3389001, 0.054728019982576
3390001, 0.055647779256105
3391001, 0.054355718195438
3392001, 0.055561188608408
3393001, 0.054317779839039
3394001, 0.056936472654343
3395001, 0.061466176062822
3396001, 0.056023731827736
3397001, 0.054822929203510
3398001, 0.056343391537666
3399001, 0.054852694272995
3400001, 0.058349411934614
3401001, 0.054480079561472
3402001, 0.055807378143072
3403001, 0.054397672414780
3404001, 0.055033620446920
3405001, 0.056482046842575
3406001, 0.056195188313723
3407001, 0.057158041745424
3408001, 0.054344784468412
3409001, 0.056362908333540
3410001, 0.054591473191977
3411001, 0.066433809697628
3412001, 0.057820670306683
3413001, 0.055037971585989
3414001, 0.054005358368158
3415001, 0.054071385413408
3416001, 0.054840605705976
3417001, 0.054979804903269
3418001, 0.054432321339846
3419001, 0.054658766835928
3420001, 0.054738759994507
3421001, 0.055508278310299
3422001, 0.055381756275892
3423001, 0.054484426975250
3424001, 0.054595440626144
3425001, 0.054643303155899
3426001, 0.054080612957478
3427001, 0.058273613452911
3428001, 0.055773347616196
3429001, 0.054386228322983
3430001, 0.057497546076775
3431001, 0.054196368902922
3432001, 0.055378701537848
3433001, 0.056653749197721
3434001, 0.054304391145706
3435001, 0.054270870983601
3436001, 0.054419670253992
3437001, 0.055583883076906
3438001, 0.059012982994318
3439001, 0.056511320173740
3440001, 0.065050452947617
3441001, 0.054286934435368
3442001, 0.054346024990082
3443001, 0.054332409054041
3444001, 0.054631192237139
3445001, 0.056273102760315
3446001, 0.057258587330580
3447001, 0.055728837847710
3448001, 0.054251234978437
3449001, 0.054267592728138
3450001, 0.055381607264280
3451001, 0.054112154990435
3452001, 0.054054334759712
3453001, 0.057289954274893
3454001, 0.054628148674965
3455001, 0.055410847067833
3456001, 0.054622381925583
3457001, 0.054547689855099
3458001, 0.054754756391048
3459001, 0.054574955254793
3460001, 0.057016763836145
3461001, 0.057093191891909
3462001, 0.055042482912540
3463001, 0.056350443512201
3464001, 0.053999681025743
3465001, 0.055796686559916
3466001, 0.056011930108070
3467001, 0.055586025118828
3468001, 0.054067902266979
3469001, 0.054696407169104
3470001, 0.054286085069180
3471001, 0.054041638970375
3472001, 0.055355664342642
3473001, 0.055265378206968
3474001, 0.054611828178167
3475001, 0.054616231471300
3476001, 0.056314487010241
3477001, 0.055431414395571
3478001, 0.054225929081440
3479001, 0.056239575147629
3480001, 0.058978088200092
3481001, 0.053761769086123
3482001, 0.055084045976400
3483001, 0.055974099785089
3484001, 0.055526759475470
3485001, 0.054412331432104
3486001, 0.059209886938334
3487001, 0.053775940090418
3488001, 0.053864426910877
3489001, 0.054565172642469
3490001, 0.053923036903143
3491001, 0.056262481957674
3492001, 0.055652145296335
3493001, 0.053832881152630
3494001, 0.054059199988842
3495001, 0.056007057428360
3496001, 0.054107699543238
3497001, 0.054095637053251
3498001, 0.053879462182522
3499001, 0.054110374301672
3500001, 0.056174218654633
3501001, 0.055937454104424
3502001, 0.054583556950092
3503001, 0.056580182164907
3504001, 0.053929276764393
3505001, 0.054786261171103
3506001, 0.055806737393141
3507001, 0.055291142314672
3508001, 0.054370451718569
3509001, 0.054017119109631
3510001, 0.056926701217890
3511001, 0.059434402734041
3512001, 0.053870815783739
3513001, 0.056675352156162
3514001, 0.055320069193840
3515001, 0.054219372570515
3516001, 0.057238422334194
3517001, 0.053834199905396
3518001, 0.055951539427042
3519001, 0.068142391741276
3520001, 0.055909201502800
3521001, 0.055977080017328
3522001, 0.054449722170830
3523001, 0.053767498582602
3524001, 0.054455183446407
3525001, 0.055502157658339
3526001, 0.054198313504457
3527001, 0.053798399865627
3528001, 0.057807587087154
3529001, 0.057049639523029
3530001, 0.057613391429186
3531001, 0.053840406239033
3532001, 0.055388774722815
3533001, 0.058020658791065
3534001, 0.054772589355707
3535001, 0.054992441087961
3536001, 0.057437460869551
3537001, 0.055940922349691
3538001, 0.053556233644485
3539001, 0.053664259612560
3540001, 0.057951916009188
3541001, 0.055899895727634
3542001, 0.065197572112083
3543001, 0.053877413272858
3544001, 0.059841293841600
3545001, 0.057656172662973
3546001, 0.053740341216326
3547001, 0.056434143334627
3548001, 0.059034444391727
3549001, 0.056314785033464
3550001, 0.058648701757193
3551001, 0.054515957832336
3552001, 0.054494243115187
3553001, 0.054719790816307
3554001, 0.054231431335211
3555001, 0.055836655199528
3556001, 0.056991729885340
3557001, 0.055331576615572
3558001, 0.053973678499460
3559001, 0.057446777820587
3560001, 0.053712513297796
3561001, 0.053636360913515
3562001, 0.053543761372566
3563001, 0.053827524185181
3564001, 0.056356836110353
3565001, 0.060094922780991
3566001, 0.054467026144266
3567001, 0.055256351828575
3568001, 0.055342976003885
3569001, 0.055440548807383
3570001, 0.056106660515070
3571001, 0.053634319454432
3572001, 0.054104361683130
3573001, 0.055400598794222
3574001, 0.054476838558912
3575001, 0.055605404078960
3576001, 0.054800596088171
3577001, 0.058550857007504
3578001, 0.053693667054176
3579001, 0.054845225065947
3580001, 0.054188322275877
3581001, 0.055942352861166
3582001, 0.055764611810446
3583001, 0.055855389684439
3584001, 0.055429693311453
3585001, 0.056664437055588
3586001, 0.054726075381041
3587001, 0.053552828729153
3588001, 0.055064242333174
3589001, 0.053961407393217
3590001, 0.054129928350449
3591001, 0.053327165544033
3592001, 0.053916588425636
3593001, 0.053461968898773
3594001, 0.054353341460228
3595001, 0.056649383157492
3596001, 0.053556431084871
3597001, 0.054345075041056
3598001, 0.057625539600849
3599001, 0.064921014010906
3600001, 0.055041670799255
3601001, 0.054526578634977
3602001, 0.056673251092434
3603001, 0.054276045411825
3604001, 0.056498438119888
3605001, 0.053741917014122
3606001, 0.054030723869801
3607001, 0.053362376987934
3608001, 0.055365595966578
3609001, 0.055452138185501
3610001, 0.053907986730337
3611001, 0.055342793464661
3612001, 0.055558573454618
3613001, 0.054325584322214
3614001, 0.056057725101709
3615001, 0.054703932255507
3616001, 0.054054968059063
3617001, 0.053781233727932
3618001, 0.059146821498871
3619001, 0.054728012531996
3620001, 0.054353009909391
3621001, 0.056038349866867
3622001, 0.055409409105778
3623001, 0.053861238062382
3624001, 0.055136676877737
3625001, 0.053419422358274
3626001, 0.053481884300709
3627001, 0.057479623705149
3628001, 0.059625688940287
3629001, 0.055236715823412
3630001, 0.054152045398951
3631001, 0.053792435675859
3632001, 0.056660629808903
3633001, 0.055084064602852
3634001, 0.054946810007095
3635001, 0.054334588348866
3636001, 0.054475635290146
3637001, 0.053405039012432
3638001, 0.061702433973551
3639001, 0.053379811346531
3640001, 0.055898047983646
3641001, 0.055096980184317
3642001, 0.056284051388502
3643001, 0.054291017353535
3644001, 0.053375869989395
3645001, 0.056073565036058
3646001, 0.054927293211222
3647001, 0.054759845137596
3648001, 0.056928008794785
3649001, 0.055097397416830
3650001, 0.054588627070189
3651001, 0.056720629334450
3652001, 0.053673785179853
3653001, 0.053918283432722
3654001, 0.053685326129198
3655001, 0.054878126829863
3656001, 0.053662177175283
3657001, 0.055308192968369
3658001, 0.063878692686558
3659001, 0.053960178047419
3660001, 0.053690310567617
3661001, 0.056778408586979
3662001, 0.055820453912020
3663001, 0.054461941123009
3664001, 0.053394399583340
3665001, 0.055357363075018
3666001, 0.054089546203613
3667001, 0.053451251238585
3668001, 0.053881537169218
3669001, 0.053391251713037
3670001, 0.053723108023405
3671001, 0.053963627666235
3672001, 0.055009700357914
3673001, 0.053453870117664
3674001, 0.054824039340019
3675001, 0.055244330316782
3676001, 0.057199995964766
3677001, 0.054425217211246
3678001, 0.056256640702486
3679001, 0.054108075797558
3680001, 0.054051641374826
3681001, 0.055044203996658
3682001, 0.054287422448397
3683001, 0.054048728197813
3684001, 0.054460845887661
3685001, 0.054152872413397
3686001, 0.053462926298380
3687001, 0.056189518421888
3688001, 0.054251249879599
3689001, 0.053723812103271
3690001, 0.053525973111391
3691001, 0.054154582321644
3692001, 0.055135320872068
3693001, 0.055485777556896
3694001, 0.055112119764090
3695001, 0.053611826151609
3696001, 0.053441692143679
3697001, 0.055933862924576
3698001, 0.054633330553770
3699001, 0.057163707911968
3700001, 0.055162202566862
3701001, 0.053997371345758
3702001, 0.053388670086861
3703001, 0.054959591478109
3704001, 0.052987705916166
3705001, 0.053959105163813
3706001, 0.055515021085739
3707001, 0.056559033691883
3708001, 0.053819272667170
3709001, 0.054779738187790
3710001, 0.056247547268867
3711001, 0.054620310664177
3712001, 0.054519794881344
3713001, 0.055542718619108
3714001, 0.055112294852734
3715001, 0.056667204946280
3716001, 0.057909213006496
3717001, 0.053497601300478
3718001, 0.056631159037352
3719001, 0.056034564971924
3720001, 0.057070590555668
3721001, 0.054676301777363
3722001, 0.053321301937103
3723001, 0.056142535060644
3724001, 0.055563323199749
3725001, 0.053720951080322
3726001, 0.061624798923731
3727001, 0.054512083530426
3728001, 0.055181343108416
3729001, 0.054194763302803
3730001, 0.053382873535156
3731001, 0.053842205554247
3732001, 0.054158091545105
3733001, 0.054352294653654
3734001, 0.054280433803797
3735001, 0.054789137095213
3736001, 0.056282050907612
3737001, 0.057876471430063
3738001, 0.053898978978395
3739001, 0.056306947022676
3740001, 0.058308836072683
3741001, 0.053357880562544
3742001, 0.053219277411699
3743001, 0.053616285324097
3744001, 0.054782539606094
3745001, 0.056280758231878
3746001, 0.053734522312880
3747001, 0.054152209311724
3748001, 0.055146120488644
3749001, 0.053600348532200
3750001, 0.054215077310801
3751001, 0.055427595973015
3752001, 0.056634396314621
3753001, 0.054773364216089
3754001, 0.054170910269022
3755001, 0.056318454444408
3756001, 0.060818955302238
3757001, 0.053269922733307
3758001, 0.054164271801710
3759001, 0.055997755378485
3760001, 0.056908760219812
3761001, 0.053176041692495
3762001, 0.054480504244566
3763001, 0.057471599429846
3764001, 0.055142838507891
3765001, 0.053786676377058
3766001, 0.053258698433638
3767001, 0.059471748769283
3768001, 0.054061595350504
3769001, 0.055346123874187
3770001, 0.053395740687847
3771001, 0.055286183953285
3772001, 0.053459167480469
3773001, 0.057632952928543
3774001, 0.053155604749918
3775001, 0.057484272867441
3776001, 0.057962585240602
3777001, 0.056746400892735
3778001, 0.053984057158232
3779001, 0.053183693438768
3780001, 0.055648457258940
3781001, 0.053397025913000
3782001, 0.055125005543232
3783001, 0.054993316531181
3784001, 0.053593136370182
3785001, 0.053682614117861
3786001, 0.053561840206385
3787001, 0.054855369031429
3788001, 0.057200033217669
3789001, 0.054659031331539
3790001, 0.057559851557016
3791001, 0.053808737546206
3792001, 0.053513631224632
3793001, 0.053449347615242
3794001, 0.057669777423143
3795001, 0.053701449185610
3796001, 0.054364491254091
3797001, 0.054539974778891
3798001, 0.057202819734812
3799001, 0.053931649774313
3800001, 0.053210727870464
3801001, 0.072019726037979
3802001, 0.053776733577251
3803001, 0.053473480045795
3804001, 0.054770641028881
3805001, 0.054813131690025
3806001, 0.054227039217949
3807001, 0.053268428891897
3808001, 0.056070879101753
3809001, 0.064237922430038
3810001, 0.055865895003080
3811001, 0.062630802392960
3812001, 0.053953200578690
3813001, 0.053976804018021
3814001, 0.053406979888678
3815001, 0.055227957665920
3816001, 0.053849060088396
3817001, 0.053157884627581
3818001, 0.053786497563124
3819001, 0.053022332489491
3820001, 0.056307435035706
3821001, 0.054505914449692
3822001, 0.052958745509386
3823001, 0.053237605839968
3824001, 0.058211736381054
3825001, 0.053923133760691
3826001, 0.055978812277317
3827001, 0.053327765315771
3828001, 0.054838489741087
3829001, 0.056336760520935
3830001, 0.055082254111767
3831001, 0.064010687172413
3832001, 0.052943073213100
3833001, 0.058126315474510
3834001, 0.054460063576698
3835001, 0.054092425853014
3836001, 0.055813435465097
3837001, 0.054110340774059
3838001, 0.054291322827339
3839001, 0.054213717579842
3840001, 0.054910186678171
3841001, 0.053226474672556
3842001, 0.053249198943377
3843001, 0.052758898586035
3844001, 0.057875081896782
3845001, 0.057107884436846
3846001, 0.053288590162992
3847001, 0.053196195513010
3848001, 0.067713499069214
3849001, 0.054339952766895
3850001, 0.056666336953640
3851001, 0.053029201924801
3852001, 0.052830677479506
3853001, 0.054872050881386
3854001, 0.065645761787891
3855001, 0.053157608956099
3856001, 0.053439743816853
3857001, 0.058961264789104
3858001, 0.053263947367668
3859001, 0.053294789046049
3860001, 0.053610652685165
3861001, 0.056695930659771
3862001, 0.055026087909937
3863001, 0.053060349076986
3864001, 0.053120426833630
3865001, 0.052874688059092
3866001, 0.057566221803427
3867001, 0.055639587342739
3868001, 0.053701560944319
3869001, 0.057969383895397
3870001, 0.052976556122303
3871001, 0.056155893951654
3872001, 0.056273270398378
3873001, 0.057131778448820
3874001, 0.053360708057880
3875001, 0.055134024471045
3876001, 0.052913181483746
3877001, 0.053381789475679
3878001, 0.055526901036501
3879001, 0.053066741675138
3880001, 0.053165942430496
3881001, 0.053512863814831
3882001, 0.052780453115702
3883001, 0.055034652352333
3884001, 0.055889979004860
3885001, 0.054314352571964
3886001, 0.055510364472866
3887001, 0.053620278835297
3888001, 0.053785495460033
3889001, 0.054470453411341
3890001, 0.053286433219910
3891001, 0.053584516048431
3892001, 0.054280433803797
3893001, 0.053616985678673
3894001, 0.055992979556322
3895001, 0.058502912521362
3896001, 0.053095076233149
3897001, 0.053227622061968
3898001, 0.053911034017801
3899001, 0.058924805372953
3900001, 0.053072448819876
3901001, 0.067321419715881
3902001, 0.052814055234194
3903001, 0.053941447287798
3904001, 0.054120544344187
3905001, 0.053539473563433
3906001, 0.052776448428631
3907001, 0.054513975977898
3908001, 0.056857097893953
3909001, 0.056369181722403
3910001, 0.053127396851778
3911001, 0.053066577762365
3912001, 0.055983573198318
3913001, 0.055261522531509
3914001, 0.054176244884729
3915001, 0.053157042711973
3916001, 0.054699629545212
3917001, 0.057187788188457
3918001, 0.053260426968336
3919001, 0.057370889931917
3920001, 0.054652109742165
3921001, 0.053220815956593
3922001, 0.054574489593506
3923001, 0.056492552161217
3924001, 0.052791211754084
3925001, 0.061733786016703
3926001, 0.054950509220362
3927001, 0.054595362395048
3928001, 0.054928395897150
3929001, 0.053046148270369
3930001, 0.053676955401897
3931001, 0.052804894745350
3932001, 0.055571701377630
3933001, 0.054228827357292
3934001, 0.053203087300062
3935001, 0.052639879286289
3936001, 0.054717052727938
3937001, 0.052987422794104
3938001, 0.053865313529968
3939001, 0.052872847765684
3940001, 0.053410127758980
3941001, 0.053760662674904
3942001, 0.052897918969393
3943001, 0.054523810744286
3944001, 0.054903119802475
3945001, 0.053578000515699
3946001, 0.052886147052050
3947001, 0.055915758013725
3948001, 0.054150518029928
3949001, 0.053630851209164
3950001, 0.053228765726089
3951001, 0.052669379860163
3952001, 0.053265918046236
3953001, 0.059872914105654
3954001, 0.057435810565948
3955001, 0.052965596318245
3956001, 0.053540203720331
3957001, 0.055245935916901
3958001, 0.055680654942989
3959001, 0.054047130048275
3960001, 0.053121037781239
3961001, 0.053829681128263
3962001, 0.056466750800610
3963001, 0.053142819553614
3964001, 0.054565791040659
3965001, 0.056897606700659
3966001, 0.054801039397717
3967001, 0.054598353803158
3968001, 0.054968576878309
3969001, 0.055471610277891
3970001, 0.058526191860437
3971001, 0.052921067923307
3972001, 0.054927762597799
3973001, 0.053044680505991
3974001, 0.053968869149685
3975001, 0.057058990001678
3976001, 0.055379200726748
3977001, 0.053671088069677
3978001, 0.053271416574717
3979001, 0.054754327982664
3980001, 0.053780317306519
3981001, 0.054421447217464
3982001, 0.055689305067062
3983001, 0.055751379579306
3984001, 0.053933367133141
3985001, 0.053603671491146
3986001, 0.055064193904400
3987001, 0.055267758667469
3988001, 0.053799521178007
3989001, 0.055069424211979
3990001, 0.052720397710800
3991001, 0.055189307779074
3992001, 0.054597664624453
3993001, 0.053845621645451
3994001, 0.054701361805201
3995001, 0.054803770035505
3996001, 0.054061356931925
3997001, 0.055117975920439
3998001, 0.054117027670145
3999001, 0.058099061250687
4000001, 0.055710796266794
4001001, 0.053350225090981
4002001, 0.052544172853231
4003001, 0.053479086607695
4004001, 0.052614033222198
4005001, 0.053518645465374
4006001, 0.054702762514353
4007001, 0.052473720163107
4008001, 0.053428079932928
4009001, 0.054386034607887
4010001, 0.054886914789677
4011001, 0.054908294230700
4012001, 0.055101443082094
4013001, 0.052755977958441
4014001, 0.052400775253773
4015001, 0.052396703511477
4016001, 0.052432823926210
4017001, 0.053795125335455
4018001, 0.052861362695694
4019001, 0.056653980165720
4020001, 0.052668616175652
4021001, 0.057466082274914
4022001, 0.053689766675234
4023001, 0.053753342479467
4024001, 0.054343055933714
4025001, 0.054546643048525
4026001, 0.052676953375340
4027001, 0.052776522934437
4028001, 0.053035095334053
4029001, 0.052773516625166
4030001, 0.053001649677753
4031001, 0.052845720201731
4032001, 0.055371355265379
4033001, 0.058737501502037
4034001, 0.059940896928310
4035001, 0.052417524158955
4036001, 0.053821362555027
4037001, 0.059038817882538
4038001, 0.056877765804529
4039001, 0.054503429681063
4040001, 0.056858718395233
4041001, 0.053126882761717
4042001, 0.056641947478056
4043001, 0.055350437760353
4044001, 0.052380308508873
4045001, 0.053529180586338
4046001, 0.052922610193491
4047001, 0.055264871567488
4048001, 0.053579147905111
4049001, 0.055184353142977
4050001, 0.052552253007889
4051001, 0.052590724080801
4052001, 0.056904293596745
4053001, 0.052367422729731
4054001, 0.053099121898413
4055001, 0.052629847079515
4056001, 0.054119076579809
4057001, 0.054216004908085
4058001, 0.056214023381472
4059001, 0.056777387857437
4060001, 0.053698603063822
4061001, 0.055834364145994
4062001, 0.053171459585428
4063001, 0.056124333292246
4064001, 0.053110744804144
4065001, 0.056000113487244
4066001, 0.054517999291420
4067001, 0.054142564535141
4068001, 0.052592154592276
4069001, 0.055435866117477
4070001, 0.053956273943186
4071001, 0.053219184279442
4072001, 0.056099466979504
4073001, 0.052818171679974
4074001, 0.053093273192644
4075001, 0.053558304905891
4076001, 0.055428497493267
4077001, 0.052622020244598
4078001, 0.056270346045494
4079001, 0.052431762218475
4080001, 0.054410241544247
4081001, 0.060064967721701
4082001, 0.053598597645760
4083001, 0.055139604955912
4084001, 0.052489887923002
4085001, 0.056278739124537
4086001, 0.057207733392715
4087001, 0.053116712719202
4088001, 0.053253684192896
4089001, 0.053765475749969
4090001, 0.053065437823534
4091001, 0.052525561302900
4092001, 0.057336170226336
4093001, 0.055961128324270
4094001, 0.055320397019386
4095001, 0.055778685957193
4096001, 0.052425630390644
4097001, 0.052804406732321
4098001, 0.053558290004730
4099001, 0.054559323936701
4100001, 0.060253266245127
4101001, 0.054787717759609
4102001, 0.054604623466730
4103001, 0.052643846720457
4104001, 0.056304115802050
4105001, 0.054554108530283
4106001, 0.053764149546623
4107001, 0.052761893719435
4108001, 0.053097594529390
4109001, 0.056857932358980
4110001, 0.052367135882378
4111001, 0.052957419306040
4112001, 0.053194146603346
4113001, 0.056418083608150
4114001, 0.054227501153946
4115001, 0.052510283887386
4116001, 0.052750714123249
4117001, 0.054144788533449
4118001, 0.053863026201725
4119001, 0.057131003588438
4120001, 0.054330963641405
4121001, 0.052637573331594
4122001, 0.052724447101355
4123001, 0.052478458732367
4124001, 0.053488511592150
4125001, 0.059247557073832
4126001, 0.054283328354359
4127001, 0.055508304387331
4128001, 0.053187366575003
4129001, 0.052174247801304
4130001, 0.053713262081146
4131001, 0.060688506811857
4132001, 0.052955310791731
4133001, 0.056606132537127
4134001, 0.053994093090296
4135001, 0.053065788000822
4136001, 0.052209109067917
4137001, 0.052974276244640
4138001, 0.056601975113153
4139001, 0.052773341536522
4140001, 0.052516743540764
4141001, 0.052854716777802
4142001, 0.055295500904322
4143001, 0.052813667804003
4144001, 0.052918896079063
4145001, 0.056246954947710
4146001, 0.052256088703871
4147001, 0.053379885852337
4148001, 0.052338466048241
4149001, 0.053475271910429
4150001, 0.055015653371811
4151001, 0.052155923098326
4152001, 0.058796931058168
4153001, 0.052769191563129
4154001, 0.053446311503649
4155001, 0.052684538066387
4156001, 0.053078301250935
4157001, 0.052356012165546
4158001, 0.052597600966692
4159001, 0.053884290158749
4160001, 0.056270830333233
4161001, 0.055984281003475
4162001, 0.052101533859968
4163001, 0.053896263241768
4164001, 0.055754791945219
4165001, 0.053753599524498
4166001, 0.052869971841574
4167001, 0.071368835866451
4168001, 0.053755190223455
4169001, 0.052702777087688
4170001, 0.052440650761127
4171001, 0.053968667984009
4172001, 0.052168022841215
4173001, 0.053653709590435
4174001, 0.053636331111193
4175001, 0.054806612432003
4176001, 0.054810155183077
4177001, 0.052600182592869
4178001, 0.052859496325254
4179001, 0.052297029644251
4180001, 0.055533304810524
4181001, 0.052506029605865
4182001, 0.053006030619144
4183001, 0.057768847793341
4184001, 0.053281743079424
4185001, 0.052470166236162
4186001, 0.054709337651730
4187001, 0.052297532558441
4188001, 0.052824705839157
4189001, 0.054258268326521
4190001, 0.056369483470917
4191001, 0.054391339421272
4192001, 0.054094903171062
4193001, 0.056337513029575
4194001, 0.052239757031202
4195001, 0.052060171961784
4196001, 0.052136089652777
4197001, 0.052261956036091
4198001, 0.052287578582764
4199001, 0.052432604134083
4200001, 0.056439463049173
4201001, 0.052706547081470
4202001, 0.054641149938107
4203001, 0.052601758390665
4204001, 0.052629090845585
4205001, 0.052698057144880
4206001, 0.053431149572134
4207001, 0.054055299609900
4208001, 0.055111110210419
4209001, 0.054387614130974
4210001, 0.056487042456865
4211001, 0.053548738360405
4212001, 0.053619142621756
4213001, 0.053075134754181
4214001, 0.057042252272367
4215001, 0.054323632270098
4216001, 0.054292395710945
4217001, 0.054138306528330
4218001, 0.053509484976530
4219001, 0.054538484662771
4220001, 0.060726106166840
4221001, 0.058235779404640
4222001, 0.054091237485409
4223001, 0.054147958755493
4224001, 0.057342860847712
4225001, 0.052612561732531
4226001, 0.053118862211704
4227001, 0.056271992623806
4228001, 0.055231001228094
4229001, 0.055386181920767
4230001, 0.053515873849392
4231001, 0.052058033645153
4232001, 0.052519038319588
4233001, 0.057224605232477
4234001, 0.055581029504538
4235001, 0.064212344586849
4236001, 0.059040136635303
4237001, 0.052043884992599
4238001, 0.055205803364515
4239001, 0.055084384977818
4240001, 0.052405118942261
4241001, 0.052511192858219
4242001, 0.053120229393244
4243001, 0.052821300923824
4244001, 0.053678620606661
4245001, 0.056508921086788
4246001, 0.052559070289135
4247001, 0.055213879793882
4248001, 0.052696257829666
4249001, 0.051883399486542
4250001, 0.052153035998344
4251001, 0.052525099366903
4252001, 0.054472494870424
4253001, 0.053616289049387
4254001, 0.052093505859375
4255001, 0.057417493313551
4256001, 0.053457811474800
4257001, 0.055326420813799
4258001, 0.053373347967863
4259001, 0.059238400310278
4260001, 0.052725020796061
4261001, 0.054550625383854
4262001, 0.053135808557272
4263001, 0.053041648119688
4264001, 0.053011845797300
4265001, 0.052784148603678
4266001, 0.053560130298138
4267001, 0.053686108440161
4268001, 0.060282625257969
4269001, 0.054552976042032
4270001, 0.053447790443897
4271001, 0.052694309502840
4272001, 0.054962642490864
4273001, 0.055219996720552
4274001, 0.054388888180256
4275001, 0.053601603955030
4276001, 0.052180252969265
4277001, 0.054782569408417
4278001, 0.054224010556936
4279001, 0.052306596189737
4280001, 0.055302090942860
4281001, 0.052023708820343
4282001, 0.052049361169338
4283001, 0.054422859102488
4284001, 0.055176571011543
4285001, 0.054915964603424
4286001, 0.052869994193316
4287001, 0.054019659757614
4288001, 0.056334942579269
4289001, 0.052391141653061
4290001, 0.052676495164633
4291001, 0.053985867649317
4292001, 0.053315743803978
4293001, 0.052033692598343
4294001, 0.057347636669874
4295001, 0.053928408771753
4296001, 0.054737094789743
4297001, 0.052603639662266
4298001, 0.051914632320404
4299001, 0.053475081920624
4300001, 0.053998850286007
4301001, 0.054846350103617
4302001, 0.057621985673904
4303001, 0.053201064467430
4304001, 0.052999023348093
4305001, 0.054427195340395
4306001, 0.070983275771141
4307001, 0.052147291600704
4308001, 0.053861297667027
4309001, 0.052482303231955
4310001, 0.053688976913691
4311001, 0.053906556218863
4312001, 0.052119992673397
4313001, 0.053174301981926
4314001, 0.054597966372967
4315001, 0.054558962583542
4316001, 0.053155492991209
4317001, 0.053013648837805
4318001, 0.056850500404835
4319001, 0.052651129662991
4320001, 0.054339379072189
4321001, 0.053915541619062
4322001, 0.051808513700962
4323001, 0.055378902703524
4324001, 0.054474420845509
4325001, 0.055379662662745
4326001, 0.057263005524874
4327001, 0.057443253695965
4328001, 0.054714947938919
4329001, 0.053946424275637
4330001, 0.052686303853989
4331001, 0.056379325687885
4332001, 0.052136268466711
4333001, 0.052288103848696
4334001, 0.056419633328915
4335001, 0.055398747324944
4336001, 0.052935071289539
4337001, 0.053012851625681
4338001, 0.052337374538183
4339001, 0.052319284528494
4340001, 0.053796317428350
4341001, 0.054920911788940
4342001, 0.052554368972778
4343001, 0.052648857235909
4344001, 0.053715012967587
4345001, 0.053956761956215
4346001, 0.054111421108246
4347001, 0.053418062627316
4348001, 0.052160073071718
4349001, 0.052041389048100
4350001, 0.053181767463684
4351001, 0.055276531726122
4352001, 0.054223228245974
4353001, 0.055255107581615
4354001, 0.058714706450701
4355001, 0.054009988903999
4356001, 0.054673824459314
4357001, 0.054580274969339
4358001, 0.053565632551908
4359001, 0.053767815232277
4360001, 0.053840871900320
4361001, 0.055069349706173
4362001, 0.058674558997154
4363001, 0.061578787863255
4364001, 0.052147436887026
4365001, 0.052284911274910
4366001, 0.056663449853659
4367001, 0.052980732172728
4368001, 0.072648510336876
4369001, 0.052921798080206
4370001, 0.053230598568916
4371001, 0.054079599678516
4372001, 0.054373484104872
4373001, 0.052997905761003
4374001, 0.053550142794847
4375001, 0.054951764643192
4376001, 0.051928166300058
4377001, 0.052978765219450
4378001, 0.051830377429724
4379001, 0.057017367333174
4380001, 0.053876582533121
4381001, 0.052334867417812
4382001, 0.054299101233482
4383001, 0.051953796297312
4384001, 0.052871700376272
4385001, 0.053408119827509
4386001, 0.055297758430243
4387001, 0.052452806383371
4388001, 0.053266420960426
4389001, 0.052999693900347
4390001, 0.054024003446102
4391001, 0.053334027528763
4392001, 0.052121888846159
4393001, 0.053806629031897
4394001, 0.052089650183916
4395001, 0.052551757544279
4396001, 0.053804863244295
4397001, 0.052917070686817
4398001, 0.056658383458853
4399001, 0.051772188395262
4400001, 0.052562855184078
4401001, 0.055453766137362
4402001, 0.055234927684069
4403001, 0.053429350256920
4404001, 0.053072545677423
4405001, 0.053558412939310
4406001, 0.060135092586279
4407001, 0.053549479693174
4408001, 0.058097578585148
4409001, 0.052107572555542
4410001, 0.055437985807657
4411001, 0.055673751980066
4412001, 0.054034292697906
4413001, 0.057821527123451
4414001, 0.052015580236912
4415001, 0.051976151764393
4416001, 0.053963638842106
4417001, 0.051919251680374
4418001, 0.051712319254875
4419001, 0.054190490394831
4420001, 0.052003320306540
4421001, 0.053198799490929
4422001, 0.053407914936543
4423001, 0.053249008953571
4424001, 0.053622849285603
4425001, 0.051751580089331
4426001, 0.051783893257380
4427001, 0.058036729693413
4428001, 0.051690109074116
4429001, 0.054367449134588
4430001, 0.053677599877119
4431001, 0.057669479399920
4432001, 0.052965197712183
4433001, 0.052142471075058
4434001, 0.051942985504866
4435001, 0.053594626486301
4436001, 0.055795963853598
4437001, 0.052297350019217
4438001, 0.053264249116182
4439001, 0.051854703575373
4440001, 0.052460201084614
4441001, 0.054829299449921
4442001, 0.053013317286968
4443001, 0.051724698394537
4444001, 0.053531564772129
4445001, 0.053005039691925
4446001, 0.051679253578186
4447001, 0.054282568395138
4448001, 0.057469505816698
4449001, 0.051704656332731
4450001, 0.054913565516472
4451001, 0.055590391159058
4452001, 0.051761157810688
4453001, 0.052197374403477
4454001, 0.052123595029116
4455001, 0.052550360560417
4456001, 0.054740853607655
4457001, 0.051564972847700
4458001, 0.051575839519501
4459001, 0.052190281450748
4460001, 0.051589157432318
4461001, 0.052096243947744
4462001, 0.052236553281546
4463001, 0.052016604691744
4464001, 0.051989782601595
4465001, 0.052996672689915
4466001, 0.055988144129515
4467001, 0.052779391407967
4468001, 0.053186729550362
4469001, 0.054300919175148
4470001, 0.052563168108463
4471001, 0.054247159510851
4472001, 0.054278388619423
4473001, 0.053997874259949
4474001, 0.054433465003967
4475001, 0.051814783364534
4476001, 0.053934745490551
4477001, 0.054177641868591
4478001, 0.053384266793728
4479001, 0.052425939589739
4480001, 0.052759882062674
4481001, 0.052026193588972
4482001, 0.051946491003036
4483001, 0.053022705018520
4484001, 0.054072711616755
4485001, 0.052072852849960
4486001, 0.051416210830212
4487001, 0.057617057114840
4488001, 0.052383314818144
4489001, 0.053112171590328
4490001, 0.052356913685799
4491001, 0.054432567209005
4492001, 0.053141333162785
4493001, 0.055423010140657
4494001, 0.052329622209072
4495001, 0.054451316595078
4496001, 0.061315335333347
4497001, 0.051669314503670
4498001, 0.051509045064449
4499001, 0.051419265568256
4500001, 0.052088547497988
4501001, 0.051927216351032
4502001, 0.052730869501829
4503001, 0.056773629039526
4504001, 0.051944691687822
4505001, 0.053580287843943
4506001, 0.052441209554672
4507001, 0.052227474749088
4508001, 0.053820930421352
4509001, 0.051574144512415
4510001, 0.052382592111826
4511001, 0.052577275782824
4512001, 0.051587451249361
4513001, 0.052040636539459
4514001, 0.054132457822561
4515001, 0.053790260106325
4516001, 0.052454866468906
4517001, 0.052440922707319
4518001, 0.053172744810581
4519001, 0.055958017706871
4520001, 0.051710795611143
4521001, 0.052106879651546
4522001, 0.051963187754154
4523001, 0.055693972855806
4524001, 0.054968453943729
4525001, 0.051914352923632
4526001, 0.054575107991695
4527001, 0.052155978977680
4528001, 0.054135542362928
4529001, 0.053646471351385
4530001, 0.051552623510361
4531001, 0.051590640097857
4532001, 0.051702409982681
4533001, 0.053924918174744
4534001, 0.052291672676802
4535001, 0.059436384588480
4536001, 0.052389115095139
4537001, 0.051750406622887
4538001, 0.052407067269087
4539001, 0.052673567086458
4540001, 0.054081834852695
4541001, 0.053583689033985
4542001, 0.051536276936531
4543001, 0.051778197288513
4544001, 0.052549108862877
4545001, 0.053003907203674
4546001, 0.052547417581081
4547001, 0.054725840687752
4548001, 0.052861202508211
4549001, 0.056349389255047
4550001, 0.056288842111826
4551001, 0.051579445600510
4552001, 0.053934186697006
4553001, 0.051995541900396
4554001, 0.052044816315174
4555001, 0.052354343235493
4556001, 0.051355674862862
4557001, 0.054765649139881
4558001, 0.054008174687624
4559001, 0.051350060850382
4560001, 0.051996134221554
4561001, 0.051578368991613
4562001, 0.051880076527596
4563001, 0.053626801818609
4564001, 0.051579449325800
4565001, 0.051923051476479
4566001, 0.051379531621933
4567001, 0.054836448282003
4568001, 0.057007271796465
4569001, 0.051566444337368
4570001, 0.052903916686773
4571001, 0.060964629054070
4572001, 0.054760970175266
4573001, 0.053057651966810
4574001, 0.052424520254135
4575001, 0.060234233736992
4576001, 0.054169815033674
4577001, 0.051776219159365
4578001, 0.051524106413126
4579001, 0.054591424763203
4580001, 0.051200699061155
4581001, 0.060608867555857
4582001, 0.052374612540007
4583001, 0.053870797157288
4584001, 0.051620304584503
4585001, 0.053489696234465
4586001, 0.073968537151814
4587001, 0.052612010389566
4588001, 0.052022695541382
4589001, 0.052046716213226
4590001, 0.051510021090508
4591001, 0.051299951970577
4592001, 0.051288928836584
4593001, 0.051647800952196
4594001, 0.054168399423361
4595001, 0.058688595890999
4596001, 0.054866597056389
4597001, 0.053470343351364
4598001, 0.054406546056271
4599001, 0.055248763412237
4600001, 0.055431250482798
4601001, 0.053554415702820
4602001, 0.052238736301661
4603001, 0.056124284863472
4604001, 0.052722804248333
4605001, 0.052888546139002
4606001, 0.053340289741755
4607001, 0.056234624236822
4608001, 0.051488347351551
4609001, 0.052798248827457
4610001, 0.062087882310152
4611001, 0.053088538348675
4612001, 0.051665537059307
4613001, 0.057736121118069
4614001, 0.051725562661886
4615001, 0.051545549184084
4616001, 0.052847314625978
4617001, 0.053142301738262
4618001, 0.052616555243731
4619001, 0.051171157509089
4620001, 0.053393997251987
4621001, 0.051255978643894
4622001, 0.053980465978384
4623001, 0.051526710391045
4624001, 0.055484421551228
4625001, 0.052114382386208
4626001, 0.055210169404745
4627001, 0.051274362951517
4628001, 0.053832978010178
4629001, 0.053519807755947
4630001, 0.051941707730293
4631001, 0.051314987242222
4632001, 0.051474779844284
4633001, 0.056416805833578
4634001, 0.051285821944475
4635001, 0.051241889595985
4636001, 0.051798947155476
4637001, 0.052214421331882
4638001, 0.054502259939909
4639001, 0.051347654312849
4640001, 0.052030049264431
4641001, 0.053541157394648
4642001, 0.054824352264404
4643001, 0.051622468978167
4644001, 0.055875018239021
4645001, 0.051531136035919
4646001, 0.051758341491222
4647001, 0.052111767232418
4648001, 0.064644172787666
4649001, 0.055425636470318
4650001, 0.054614689201117
4651001, 0.053813751786947
4652001, 0.051218844950199
4653001, 0.053635749965906
4654001, 0.055379867553711
4655001, 0.051437791436911
4656001, 0.051243904978037
4657001, 0.055977366864681
4658001, 0.051529705524445
4659001, 0.051904302090406
4660001, 0.055047262459993
4661001, 0.051685623824596
4662001, 0.057913102209568
4663001, 0.058431405574083
4664001, 0.051159825176001
4665001, 0.051666617393494
4666001, 0.051315050572157
4667001, 0.056604169309139
4668001, 0.051197420805693
4669001, 0.054022781550884
4670001, 0.051281087100506
4671001, 0.052560862153769
4672001, 0.054426059126854
4673001, 0.051284741610289
4674001, 0.055505871772766
4675001, 0.052075274288654
4676001, 0.057887379080057
4677001, 0.051966853439808
4678001, 0.052203670144081
4679001, 0.053295210003853
4680001, 0.054637718945742
4681001, 0.052463833242655
4682001, 0.052241560071707
4683001, 0.052156154066324
4684001, 0.053346369415522
4685001, 0.054808106273413
4686001, 0.053480166941881
4687001, 0.056248616427183
4688001, 0.052503462880850
4689001, 0.052685737609863
4690001, 0.053593117743731
4691001, 0.052955746650696
4692001, 0.052832119166851
4693001, 0.053938776254654
4694001, 0.051388457417488
4695001, 0.054672293365002
4696001, 0.052225172519684
4697001, 0.051427755504847
4698001, 0.053487725555897
4699001, 0.052211754024029
4700001, 0.053412992507219
4701001, 0.051718477159739
4702001, 0.052928328514099
4703001, 0.053268693387508
4704001, 0.052158396691084
4705001, 0.051956553012133
4706001, 0.051433790475130
4707001, 0.053177479654551
4708001, 0.055859226733446
4709001, 0.052082683891058
4710001, 0.053399488329887
4711001, 0.057657919824123
4712001, 0.051343567669392
4713001, 0.053136810660362
4714001, 0.052531961351633
4715001, 0.051945261657238
4716001, 0.052616264671087
4717001, 0.051227103918791
4718001, 0.057658161967993
4719001, 0.051774106919765
4720001, 0.052238304167986
4721001, 0.051431074738503
4722001, 0.052841406315565
4723001, 0.053921759128571
4724001, 0.052028439939022
4725001, 0.055184360593557
4726001, 0.051471989601851
4727001, 0.053972743451595
4728001, 0.051846608519554
4729001, 0.053952373564243
4730001, 0.051712688058615
4731001, 0.051587283611298
4732001, 0.067776329815388
4733001, 0.052789013832808
4734001, 0.055817995220423
4735001, 0.051667485386133
4736001, 0.053462017327547
4737001, 0.053036365658045
4738001, 0.058001503348351
4739001, 0.054958458989859
4740001, 0.054450012743473
4741001, 0.052822183817625
4742001, 0.053101770579815
4743001, 0.052019007503986
4744001, 0.051750604063272
4745001, 0.053957678377628
4746001, 0.055464312434196
4747001, 0.053735259920359
4748001, 0.052775815129280
4749001, 0.053033355623484
4750001, 0.053286705166101
4751001, 0.051423236727715
4752001, 0.055564362555742
4753001, 0.051245260983706
4754001, 0.051254309713840
4755001, 0.054324701428413
4756001, 0.051110465079546
4757001, 0.052288457751274
4758001, 0.056317858397961
4759001, 0.052621852606535
4760001, 0.054711278527975
4761001, 0.052606385201216
4762001, 0.055795568972826
4763001, 0.054252799600363
4764001, 0.054026409983635
4765001, 0.051529161632061
4766001, 0.052804749459028
4767001, 0.056311577558517
4768001, 0.052453350275755
4769001, 0.052220102399588
4770001, 0.052770387381315
4771001, 0.053407456725836
4772001, 0.054313071072102
4773001, 0.060774020850658
4774001, 0.057432960718870
4775001, 0.052047047764063
4776001, 0.051681924611330
4777001, 0.052810721099377
4778001, 0.053957130759954
4779001, 0.056702185422182
4780001, 0.053510583937168
4781001, 0.053057104349136
4782001, 0.053297627717257
4783001, 0.065572537481785
4784001, 0.053000394254923
4785001, 0.055216796696186
4786001, 0.051221355795860
4787001, 0.051027204841375
4788001, 0.054443795233965
4789001, 0.052602715790272
4790001, 0.058757066726685
4791001, 0.056052710860968
4792001, 0.053097296506166
4793001, 0.051660455763340
4794001, 0.063985645771027
4795001, 0.056516654789448
4796001, 0.051572188735008
4797001, 0.051814172416925
4798001, 0.052494924515486
4799001, 0.054175827652216
4800001, 0.052624408155680
4801001, 0.053422290831804
4802001, 0.053279489278793
4803001, 0.050903152674437
4804001, 0.053606007248163
4805001, 0.053354427218437
4806001, 0.052057716995478
4807001, 0.051460109651089
4808001, 0.051564633846283
4809001, 0.052970964461565
4810001, 0.052634742110968
4811001, 0.051332060247660
4812001, 0.056891959160566
4813001, 0.050923649221659
4814001, 0.052824560552835
4815001, 0.052256606519222
4816001, 0.052947577089071
4817001, 0.051723711192608
4818001, 0.051403310149908
4819001, 0.051846027374268
4820001, 0.054494716227055
4821001, 0.051505424082279
4822001, 0.051142424345016
4823001, 0.053402598947287
4824001, 0.054165903478861
4825001, 0.089225709438324
4826001, 0.051020454615355
4827001, 0.051941737532616
4828001, 0.051968026906252
4829001, 0.054248049855232
4830001, 0.051760807633400
4831001, 0.051365286111832
4832001, 0.055438403040171
4833001, 0.057476028800011
4834001, 0.053809437900782
4835001, 0.052928380668163
4836001, 0.052121486514807
4837001, 0.051071271300316
4838001, 0.051742758601904
4839001, 0.051533713936806
4840001, 0.050969619303942
4841001, 0.051414132118225
4842001, 0.053310759365559
4843001, 0.051503580063581
4844001, 0.051209338009357
4845001, 0.051695443689823
4846001, 0.054715000092983
4847001, 0.053269289433956
4848001, 0.057035621255636
4849001, 0.051206070929766
4850001, 0.053670972585678
4851001, 0.053821247071028
4852001, 0.051161214709282
4853001, 0.052686747163534
4854001, 0.055595263838768
4855001, 0.052065812051296
4856001, 0.052188765257597
4857001, 0.052422817796469
4858001, 0.051414906978607
4859001, 0.054408255964518
4860001, 0.052366454154253
4861001, 0.053826186805964
4862001, 0.055086668580770
4863001, 0.054322753101587
4864001, 0.052287612110376
4865001, 0.052032139152288
4866001, 0.054691098630428
4867001, 0.055077631026506
4868001, 0.050945460796356
4869001, 0.053110603243113
4870001, 0.051192313432693
4871001, 0.055245932191610
4872001, 0.053183153271675
4873001, 0.053776018321514
4874001, 0.053928695619106
4875001, 0.055583484470844
4876001, 0.055212642997503
4877001, 0.051113851368427
4878001, 0.058763500303030
4879001, 0.062392793595791
4880001, 0.051750734448433
4881001, 0.051137045025826
4882001, 0.058084771037102
4883001, 0.052062716335058
4884001, 0.056404639035463
4885001, 0.052494868636131
4886001, 0.051728468388319
4887001, 0.056091595441103
4888001, 0.051238574087620
4889001, 0.054797295480967
4890001, 0.050758376717567
4891001, 0.051404014229774
4892001, 0.050876874476671
4893001, 0.050756402313709
4894001, 0.053693316876888
4895001, 0.050740871578455
4896001, 0.051266126334667
4897001, 0.050837911665440
4898001, 0.057513538748026
4899001, 0.052446682006121
4900001, 0.051603876054287
4901001, 0.050977509468794
4902001, 0.053601209074259
4903001, 0.052563793957233
4904001, 0.053063683211803
4905001, 0.052544049918652
4906001, 0.051424983888865
4907001, 0.051369108259678
4908001, 0.052936725318432
4909001, 0.050897438079119
4910001, 0.051300384104252
4911001, 0.051714826375246
4912001, 0.063429974019527
4913001, 0.050933007150888
4914001, 0.054134108126163
4915001, 0.058935653418303
4916001, 0.051167130470276
4917001, 0.051716841757298
4918001, 0.054119139909744
4919001, 0.057881716638803
4920001, 0.051229316741228
4921001, 0.052610062062740
4922001, 0.051097117364407
4923001, 0.051084183156490
4924001, 0.052901927381754
4925001, 0.053302653133869
4926001, 0.052890267223120
4927001, 0.055303957313299
4928001, 0.054971653968096
4929001, 0.051507722586393
4930001, 0.052129969000816
4931001, 0.053825270384550
4932001, 0.053299579769373
4933001, 0.051641575992107
4934001, 0.054366368800402
4935001, 0.050981987267733
4936001, 0.053151134401560
4937001, 0.050760265439749
4938001, 0.051751639693975
4939001, 0.051094014197588
4940001, 0.054422639310360
4941001, 0.053026866167784
4942001, 0.056600578129292
4943001, 0.051390483975410
4944001, 0.053119234740734
4945001, 0.056588958948851
4946001, 0.052029903978109
4947001, 0.051186375319958
4948001, 0.060516513884068
4949001, 0.053937528282404
4950001, 0.052365075796843
4951001, 0.052740171551704
4952001, 0.052197810262442
4953001, 0.052677422761917
4954001, 0.053075965493917
4955001, 0.052031606435776
4956001, 0.051524680107832
4957001, 0.051717828959227
4958001, 0.053025715053082
4959001, 0.052493661642075
4960001, 0.053600277751684
4961001, 0.052309643477201
4962001, 0.053552139550447
4963001, 0.052042219787836
4964001, 0.052581157535315
4965001, 0.050682157278061
4966001, 0.053722750395536
4967001, 0.052693799138069
4968001, 0.053685564547777
4969001, 0.050969459116459
4970001, 0.051443975418806
4971001, 0.050923381000757
4972001, 0.051459487527609
4973001, 0.051638226956129
4974001, 0.052862014621496
4975001, 0.053728342056274
4976001, 0.051214624196291
4977001, 0.051315750926733
4978001, 0.052437819540501
4979001, 0.050801131874323
4980001, 0.052685566246510
4981001, 0.051556993275881
4982001, 0.051654912531376
4983001, 0.053963672369719
4984001, 0.053872343152761
4985001, 0.057371802628040
4986001, 0.050847932696342
4987001, 0.052758783102036
4988001, 0.052388414740562
4989001, 0.050801545381546
4990001, 0.054523874074221
4991001, 0.050796981900930
4992001, 0.051244281232357
4993001, 0.052354265004396
4994001, 0.052242193371058
4995001, 0.053224135190248
4996001, 0.051915891468525
4997001, 0.052761934697628
4998001, 0.051836043596268
4999001, 0.054992895573378
